Godot Engine v4.6.3.stable.official.7d41c59c4 - https://godotengine.org
WARNING: Could not set V-Sync mode, as changing V-Sync mode is not supported by the graphics driver.
     at: set_use_vsync (platform/linuxbsd/x11/gl_manager_x11.cpp:364)
OpenGL API 4.5 (Core Profile) Mesa 25.0.7-2+deb13u1 - Compatibility - Using Device: Mesa - llvmpipe (LLVM 19.1.7, 256 bits)

ERROR: Required extension VK_KHR_surface not found.
   at: _initialize_instance_extensions (drivers/vulkan/rendering_context_driver_vulkan.cpp:487)
ERROR: Condition "err != OK" is true. Returning: err
   at: initialize (drivers/vulkan/rendering_context_driver_vulkan.cpp:928)
[Godot MCP] Plugin started
[Godot MCP] Registered 173 commands
[Godot MCP] Connected to MCP server (ws://127.0.0.1:6505)
Godot Engine v4.6.3.stable.official.7d41c59c4 - https://godotengine.org
ERROR: Required extension VK_KHR_surface not found.
   at: _initialize_instance_extensions (drivers/vulkan/rendering_context_driver_vulkan.cpp:487)
ERROR: Condition "err != OK" is true. Returning: err
   at: initialize (drivers/vulkan/rendering_context_driver_vulkan.cpp:928)
ERROR: Unhandled XServer error: BadWindow (invalid Window parameter)
   Major opcode of failed request: 20
   Serial number of failed request: 0
   Current serial number in output stream: 2703
   at: default_window_error_handler (platform/linuxbsd/x11/display_server_x11.cpp:1310)
ERROR: Unhandled XServer error: BadWindow (invalid Window parameter)
   Major opcode of failed request: 20
   Serial number of failed request: 0
   Current serial number in output stream: 2759
   at: default_window_error_handler (platform/linuxbsd/x11/display_server_x11.cpp:1310)
ERROR: Unhandled XServer error: BadWindow (invalid Window parameter)
   Major opcode of failed request: 20
   Serial number of failed request: 0
   Current serial number in output stream: 2840
   at: default_window_error_handler (platform/linuxbsd/x11/display_server_x11.cpp:1310)
ERROR: Unhandled XServer error: BadWindow (invalid Window parameter)
   Major opcode of failed request: 20
   Serial number of failed request: 0
   Current serial number in output stream: 2907
   at: default_window_error_handler (platform/linuxbsd/x11/display_server_x11.cpp:1310)
ERROR: Unhandled XServer error: BadWindow (invalid Window parameter)
   Major opcode of failed request: 20
   Serial number of failed request: 0
   Current serial number in output stream: 2982
   at: default_window_error_handler (platform/linuxbsd/x11/display_server_x11.cpp:1310)
ERROR: Unhandled XServer error: BadWindow (invalid Window parameter)
   Major opcode of failed request: 20
   Serial number of failed request: 0
   Current serial number in output stream: 3057
   at: default_window_error_handler (platform/linuxbsd/x11/display_server_x11.cpp:1310)
ERROR: Unhandled XServer error: BadWindow (invalid Window parameter)
   Major opcode of failed request: 20
   Serial number of failed request: 0
   Current serial number in output stream: 3132
   at: default_window_error_handler (platform/linuxbsd/x11/display_server_x11.cpp:1310)
ERROR: Unhandled XServer error: BadWindow (invalid Window parameter)
   Major opcode of failed request: 20
   Serial number of failed request: 0
   Current serial number in output stream: 3207
   at: default_window_error_handler (platform/linuxbsd/x11/display_server_x11.cpp:1310)
ERROR: Unhandled XServer error: BadWindow (invalid Window parameter)
   Major opcode of failed request: 20
   Serial number of failed request: 0
   Current serial number in output stream: 3278
   at: default_window_error_handler (platform/linuxbsd/x11/display_server_x11.cpp:1310)
ERROR: Unhandled XServer error: BadWindow (invalid Window parameter)
   Major opcode of failed request: 20
   Serial number of failed request: 0
   Current serial number in output stream: 3353
   at: default_window_error_handler (platform/linuxbsd/x11/display_server_x11.cpp:1310)
ERROR: Unhandled XServer error: BadWindow (invalid Window parameter)
   Major opcode of failed request: 20
   Serial number of failed request: 0
   Current serial number in output stream: 3424
   at: default_window_error_handler (platform/linuxbsd/x11/display_server_x11.cpp:1310)
ERROR: Unhandled XServer error: BadWindow (invalid Window parameter)
   Major opcode of failed request: 20
   Serial number of failed request: 0
   Current serial number in output stream: 3499
   at: default_window_error_handler (platform/linuxbsd/x11/display_server_x11.cpp:1310)
ERROR: Unhandled XServer error: BadWindow (invalid Window parameter)
   Major opcode of failed request: 20
   Serial number of failed request: 0
   Current serial number in output stream: 3570
   at: default_window_error_handler (platform/linuxbsd/x11/display_server_x11.cpp:1310)
ERROR: Unhandled XServer error: BadWindow (invalid Window parameter)
   Major opcode of failed request: 20
   Serial number of failed request: 0
   Current serial number in output stream: 3645
   at: default_window_error_handler (platform/linuxbsd/x11/display_server_x11.cpp:1310)
ERROR: Unhandled XServer error: BadWindow (invalid Window parameter)
   Major opcode of failed request: 20
   Serial number of failed request: 0
   Current serial number in output stream: 3714
   at: default_window_error_handler (platform/linuxbsd/x11/display_server_x11.cpp:1310)
WARNING: Could not set V-Sync mode, as changing V-Sync mode is not supported by the graphics driver.
     at: set_use_vsync (platform/linuxbsd/x11/gl_manager_x11.cpp:364)
ERROR: Unhandled XServer error: BadWindow (invalid Window parameter)
   Major opcode of failed request: 20
   Serial number of failed request: 0
   Current serial number in output stream: 3787
   at: default_window_error_handler (platform/linuxbsd/x11/display_server_x11.cpp:1310)
ERROR: Unhandled XServer error: BadWindow (invalid Window parameter)
   Major opcode of failed request: 20
   Serial number of failed request: 0
   Current serial number in output stream: 3900
   at: default_window_error_handler (platform/linuxbsd/x11/display_server_x11.cpp:1310)
ERROR: Unhandled XServer error: BadWindow (invalid Window parameter)
   Major opcode of failed request: 20
   Serial number of failed request: 0
   Current serial number in output stream: 3962
   at: default_window_error_handler (platform/linuxbsd/x11/display_server_x11.cpp:1310)
ERROR: Unhandled XServer error: BadWindow (invalid Window parameter)
   Major opcode of failed request: 20
   Serial number of failed request: 0
   Current serial number in output stream: 4024
   at: default_window_error_handler (platform/linuxbsd/x11/display_server_x11.cpp:1310)
ERROR: Unhandled XServer error: BadWindow (invalid Window parameter)
   Major opcode of failed request: 20
   Serial number of failed request: 0
   Current serial number in output stream: 4086
   at: default_window_error_handler (platform/linuxbsd/x11/display_server_x11.cpp:1310)
ERROR: Unhandled XServer error: BadWindow (invalid Window parameter)
   Major opcode of failed request: 20
   Serial number of failed request: 0
   Current serial number in output stream: 4144
   at: default_window_error_handler (platform/linuxbsd/x11/display_server_x11.cpp:1310)
ERROR: Unhandled XServer error: BadWindow (invalid Window parameter)
   Major opcode of failed request: 20
   Serial number of failed request: 0
   Current serial number in output stream: 4206
   at: default_window_error_handler (platform/linuxbsd/x11/display_server_x11.cpp:1310)
ERROR: Unhandled XServer error: BadWindow (invalid Window parameter)
   Major opcode of failed request: 20
   Serial number of failed request: 0
   Current serial number in output stream: 4264
   at: default_window_error_handler (platform/linuxbsd/x11/display_server_x11.cpp:1310)
ERROR: Unhandled XServer error: BadWindow (invalid Window parameter)
   Major opcode of failed request: 20
   Serial number of failed request: 0
   Current serial number in output stream: 4326
   at: default_window_error_handler (platform/linuxbsd/x11/display_server_x11.cpp:1310)
ERROR: Unhandled XServer error: BadWindow (invalid Window parameter)
   Major opcode of failed request: 20
   Serial number of failed request: 0
   Current serial number in output stream: 4384
   at: default_window_error_handler (platform/linuxbsd/x11/display_server_x11.cpp:1310)
ERROR: Unhandled XServer error: BadWindow (invalid Window parameter)
   Major opcode of failed request: 20
   Serial number of failed request: 0
   Current serial number in output stream: 4442
   at: default_window_error_handler (platform/linuxbsd/x11/display_server_x11.cpp:1310)
ERROR: Unhandled XServer error: BadWindow (invalid Window parameter)
   Major opcode of failed request: 20
   Serial number of failed request: 0
   Current serial number in output stream: 4504
   at: default_window_error_handler (platform/linuxbsd/x11/display_server_x11.cpp:1310)
ERROR: Unhandled XServer error: BadWindow (invalid Window parameter)
   Major opcode of failed request: 20
   Serial number of failed request: 0
   Current serial number in output stream: 4562
   at: default_window_error_handler (platform/linuxbsd/x11/display_server_x11.cpp:1310)
ERROR: Unhandled XServer error: BadWindow (invalid Window parameter)
   Major opcode of failed request: 20
   Serial number of failed request: 0
   Current serial number in output stream: 4624
   at: default_window_error_handler (platform/linuxbsd/x11/display_server_x11.cpp:1310)
ERROR: Unhandled XServer error: BadWindow (invalid Window parameter)
   Major opcode of failed request: 20
   Serial number of failed request: 0
   Current serial number in output stream: 4682
   at: default_window_error_handler (platform/linuxbsd/x11/display_server_x11.cpp:1310)
ERROR: Unhandled XServer error: BadWindow (invalid Window parameter)
   Major opcode of failed request: 20
   Serial number of failed request: 0
   Current serial number in output stream: 4740
   at: default_window_error_handler (platform/linuxbsd/x11/display_server_x11.cpp:1310)
ERROR: Unhandled XServer error: BadWindow (invalid Window parameter)
   Major opcode of failed request: 20
   Serial number of failed request: 0
   Current serial number in output stream: 4802
   at: default_window_error_handler (platform/linuxbsd/x11/display_server_x11.cpp:1310)
ERROR: Unhandled XServer error: BadWindow (invalid Window parameter)
   Major opcode of failed request: 20
   Serial number of failed request: 0
   Current serial number in output stream: 4860
   at: default_window_error_handler (platform/linuxbsd/x11/display_server_x11.cpp:1310)
ERROR: Unhandled XServer error: BadWindow (invalid Window parameter)
   Major opcode of failed request: 20
   Serial number of failed request: 0
   Current serial number in output stream: 4922
   at: default_window_error_handler (platform/linuxbsd/x11/display_server_x11.cpp:1310)
ERROR: Unhandled XServer error: BadWindow (invalid Window parameter)
   Major opcode of failed request: 20
   Serial number of failed request: 0
   Current serial number in output stream: 4980
   at: default_window_error_handler (platform/linuxbsd/x11/display_server_x11.cpp:1310)
ERROR: Unhandled XServer error: BadWindow (invalid Window parameter)
   Major opcode of failed request: 20
   Serial number of failed request: 0
   Current serial number in output stream: 5042
   at: default_window_error_handler (platform/linuxbsd/x11/display_server_x11.cpp:1310)
ERROR: Unhandled XServer error: BadWindow (invalid Window parameter)
   Major opcode of failed request: 20
   Serial number of failed request: 0
   Current serial number in output stream: 5100
   at: default_window_error_handler (platform/linuxbsd/x11/display_server_x11.cpp:1310)
ERROR: Unhandled XServer error: BadWindow (invalid Window parameter)
   Major opcode of failed request: 20
   Serial number of failed request: 0
   Current serial number in output stream: 5162
   at: default_window_error_handler (platform/linuxbsd/x11/display_server_x11.cpp:1310)
ERROR: Unhandled XServer error: BadWindow (invalid Window parameter)
   Major opcode of failed request: 20
   Serial number of failed request: 0
   Current serial number in output stream: 5220
   at: default_window_error_handler (platform/linuxbsd/x11/display_server_x11.cpp:1310)
ERROR: Unhandled XServer error: BadWindow (invalid Window parameter)
   Major opcode of failed request: 20
   Serial number of failed request: 0
   Current serial number in output stream: 5282
   at: default_window_error_handler (platform/linuxbsd/x11/display_server_x11.cpp:1310)
ERROR: Unhandled XServer error: BadWindow (invalid Window parameter)
   Major opcode of failed request: 20
   Serial number of failed request: 0
   Current serial number in output stream: 5340
   at: default_window_error_handler (platform/linuxbsd/x11/display_server_x11.cpp:1310)
ERROR: Unhandled XServer error: BadWindow (invalid Window parameter)
   Major opcode of failed request: 20
   Serial number of failed request: 0
   Current serial number in output stream: 5402
   at: default_window_error_handler (platform/linuxbsd/x11/display_server_x11.cpp:1310)
ERROR: Unhandled XServer error: BadWindow (invalid Window parameter)
   Major opcode of failed request: 20
   Serial number of failed request: 0
   Current serial number in output stream: 5460
   at: default_window_error_handler (platform/linuxbsd/x11/display_server_x11.cpp:1310)
ERROR: Unhandled XServer error: BadWindow (invalid Window parameter)
   Major opcode of failed request: 20
   Serial number of failed request: 0
   Current serial number in output stream: 5522
   at: default_window_error_handler (platform/linuxbsd/x11/display_server_x11.cpp:1310)
ERROR: Unhandled XServer error: BadWindow (invalid Window parameter)
   Major opcode of failed request: 20
   Serial number of failed request: 0
   Current serial number in output stream: 5580
   at: default_window_error_handler (platform/linuxbsd/x11/display_server_x11.cpp:1310)
ERROR: Unhandled XServer error: BadWindow (invalid Window parameter)
   Major opcode of failed request: 20
   Serial number of failed request: 0
   Current serial number in output stream: 5642
   at: default_window_error_handler (platform/linuxbsd/x11/display_server_x11.cpp:1310)
ERROR: Unhandled XServer error: BadWindow (invalid Window parameter)
   Major opcode of failed request: 20
   Serial number of failed request: 0
   Current serial number in output stream: 5700
   at: default_window_error_handler (platform/linuxbsd/x11/display_server_x11.cpp:1310)
ERROR: Unhandled XServer error: BadWindow (invalid Window parameter)
   Major opcode of failed request: 20
   Serial number of failed request: 0
   Current serial number in output stream: 5762
   at: default_window_error_handler (platform/linuxbsd/x11/display_server_x11.cpp:1310)
ERROR: Unhandled XServer error: BadWindow (invalid Window parameter)
   Major opcode of failed request: 20
   Serial number of failed request: 0
   Current serial number in output stream: 5820
   at: default_window_error_handler (platform/linuxbsd/x11/display_server_x11.cpp:1310)
ERROR: Unhandled XServer error: BadWindow (invalid Window parameter)
   Major opcode of failed request: 20
   Serial number of failed request: 0
   Current serial number in output stream: 5878
   at: default_window_error_handler (platform/linuxbsd/x11/display_server_x11.cpp:1310)
ERROR: Unhandled XServer error: BadWindow (invalid Window parameter)
   Major opcode of failed request: 20
   Serial number of failed request: 0
   Current serial number in output stream: 5940
   at: default_window_error_handler (platform/linuxbsd/x11/display_server_x11.cpp:1310)
ERROR: Unhandled XServer error: BadWindow (invalid Window parameter)
   Major opcode of failed request: 20
   Serial number of failed request: 0
   Current serial number in output stream: 5998
   at: default_window_error_handler (platform/linuxbsd/x11/display_server_x11.cpp:1310)
ERROR: Unhandled XServer error: BadWindow (invalid Window parameter)
   Major opcode of failed request: 20
   Serial number of failed request: 0
   Current serial number in output stream: 6060
   at: default_window_error_handler (platform/linuxbsd/x11/display_server_x11.cpp:1310)
ERROR: Unhandled XServer error: BadWindow (invalid Window parameter)
   Major opcode of failed request: 20
   Serial number of failed request: 0
   Current serial number in output stream: 6118
   at: default_window_error_handler (platform/linuxbsd/x11/display_server_x11.cpp:1310)
ERROR: Unhandled XServer error: BadWindow (invalid Window parameter)
   Major opcode of failed request: 20
   Serial number of failed request: 0
   Current serial number in output stream: 6180
   at: default_window_error_handler (platform/linuxbsd/x11/display_server_x11.cpp:1310)
ERROR: Unhandled XServer error: BadWindow (invalid Window parameter)
   Major opcode of failed request: 20
   Serial number of failed request: 0
   Current serial number in output stream: 6238
   at: default_window_error_handler (platform/linuxbsd/x11/display_server_x11.cpp:1310)
ERROR: Unhandled XServer error: BadWindow (invalid Window parameter)
   Major opcode of failed request: 20
   Serial number of failed request: 0
   Current serial number in output stream: 6300
   at: default_window_error_handler (platform/linuxbsd/x11/display_server_x11.cpp:1310)
ERROR: Unhandled XServer error: BadWindow (invalid Window parameter)
   Major opcode of failed request: 20
   Serial number of failed request: 0
   Current serial number in output stream: 6358
   at: default_window_error_handler (platform/linuxbsd/x11/display_server_x11.cpp:1310)
ERROR: Unhandled XServer error: BadWindow (invalid Window parameter)
   Major opcode of failed request: 20
   Serial number of failed request: 0
   Current serial number in output stream: 6420
   at: default_window_error_handler (platform/linuxbsd/x11/display_server_x11.cpp:1310)
ERROR: Unhandled XServer error: BadWindow (invalid Window parameter)
   Major opcode of failed request: 20
   Serial number of failed request: 0
   Current serial number in output stream: 6478
   at: default_window_error_handler (platform/linuxbsd/x11/display_server_x11.cpp:1310)
ERROR: Unhandled XServer error: BadWindow (invalid Window parameter)
   Major opcode of failed request: 20
   Serial number of failed request: 0
   Current serial number in output stream: 6540
   at: default_window_error_handler (platform/linuxbsd/x11/display_server_x11.cpp:1310)
ERROR: Unhandled XServer error: BadWindow (invalid Window parameter)
   Major opcode of failed request: 20
   Serial number of failed request: 0
   Current serial number in output stream: 6598
   at: default_window_error_handler (platform/linuxbsd/x11/display_server_x11.cpp:1310)
ERROR: Unhandled XServer error: BadWindow (invalid Window parameter)
   Major opcode of failed request: 20
   Serial number of failed request: 0
   Current serial number in output stream: 6660
   at: default_window_error_handler (platform/linuxbsd/x11/display_server_x11.cpp:1310)
ERROR: Unhandled XServer error: BadWindow (invalid Window parameter)
   Major opcode of failed request: 20
   Serial number of failed request: 0
   Current serial number in output stream: 6718
   at: default_window_error_handler (platform/linuxbsd/x11/display_server_x11.cpp:1310)
ERROR: Unhandled XServer error: BadWindow (invalid Window parameter)
   Major opcode of failed request: 20
   Serial number of failed request: 0
   Current serial number in output stream: 6780
   at: default_window_error_handler (platform/linuxbsd/x11/display_server_x11.cpp:1310)
ERROR: Unhandled XServer error: BadWindow (invalid Window parameter)
   Major opcode of failed request: 20
   Serial number of failed request: 0
   Current serial number in output stream: 6838
   at: default_window_error_handler (platform/linuxbsd/x11/display_server_x11.cpp:1310)
ERROR: Unhandled XServer error: BadWindow (invalid Window parameter)
   Major opcode of failed request: 20
   Serial number of failed request: 0
   Current serial number in output stream: 6900
   at: default_window_error_handler (platform/linuxbsd/x11/display_server_x11.cpp:1310)
ERROR: Unhandled XServer error: BadWindow (invalid Window parameter)
   Major opcode of failed request: 20
   Serial number of failed request: 0
   Current serial number in output stream: 6958
   at: default_window_error_handler (platform/linuxbsd/x11/display_server_x11.cpp:1310)
ERROR: Unhandled XServer error: BadWindow (invalid Window parameter)
   Major opcode of failed request: 20
   Serial number of failed request: 0
   Current serial number in output stream: 7020
   at: default_window_error_handler (platform/linuxbsd/x11/display_server_x11.cpp:1310)
ERROR: Unhandled XServer error: BadWindow (invalid Window parameter)
   Major opcode of failed request: 20
   Serial number of failed request: 0
   Current serial number in output stream: 7078
   at: default_window_error_handler (platform/linuxbsd/x11/display_server_x11.cpp:1310)
ERROR: Unhandled XServer error: BadWindow (invalid Window parameter)
   Major opcode of failed request: 20
   Serial number of failed request: 0
   Current serial number in output stream: 7140
   at: default_window_error_handler (platform/linuxbsd/x11/display_server_x11.cpp:1310)
ERROR: Unhandled XServer error: BadWindow (invalid Window parameter)
   Major opcode of failed request: 20
   Serial number of failed request: 0
   Current serial number in output stream: 7198
   at: default_window_error_handler (platform/linuxbsd/x11/display_server_x11.cpp:1310)
ERROR: Unhandled XServer error: BadWindow (invalid Window parameter)
   Major opcode of failed request: 20
   Serial number of failed request: 0
   Current serial number in output stream: 7260
   at: default_window_error_handler (platform/linuxbsd/x11/display_server_x11.cpp:1310)
ERROR: Unhandled XServer error: BadWindow (invalid Window parameter)
   Major opcode of failed request: 20
   Serial number of failed request: 0
   Current serial number in output stream: 7318
   at: default_window_error_handler (platform/linuxbsd/x11/display_server_x11.cpp:1310)
ERROR: Unhandled XServer error: BadWindow (invalid Window parameter)
   Major opcode of failed request: 20
   Serial number of failed request: 0
   Current serial number in output stream: 7380
   at: default_window_error_handler (platform/linuxbsd/x11/display_server_x11.cpp:1310)
ERROR: Unhandled XServer error: BadWindow (invalid Window parameter)
   Major opcode of failed request: 20
   Serial number of failed request: 0
   Current serial number in output stream: 7438
   at: default_window_error_handler (platform/linuxbsd/x11/display_server_x11.cpp:1310)
OpenGL API 4.5 (Core Profile) Mesa 25.0.7-2+deb13u1 - Compatibility - Using Device: Mesa - llvmpipe (LLVM 19.1.7, 256 bits)
ALSA lib confmisc.c:855:(parse_card) cannot find card '0'
ALSA lib conf.c:5205:(_snd_config_evaluate) function snd_func_card_inum returned error: No such file or directory
ALSA lib confmisc.c:422:(snd_func_concat) error evaluating strings
ALSA lib conf.c:5205:(_snd_config_evaluate) function snd_func_concat returned error: No such file or directory
ALSA lib confmisc.c:1342:(snd_func_refer) error evaluating name
ALSA lib conf.c:5205:(_snd_config_evaluate) function snd_func_refer returned error: No such file or directory
ALSA lib conf.c:5728:(snd_config_expand) Evaluate error: No such file or directory
ALSA lib pcm.c:2722:(snd_pcm_open_noupdate) Unknown PCM default
ERROR: Condition "status < 0" is true. Returning: ERR_CANT_OPEN
   at: init_output_device (drivers/alsa/audio_driver_alsa.cpp:90)
WARNING: All audio drivers failed, falling back to the dummy driver.
     at: initialize (servers/audio/audio_server.cpp:247)

ERROR: Unhandled XServer error: BadWindow (invalid Window parameter)
   Major opcode of failed request: 20
   Serial number of failed request: 0
   Current serial number in output stream: 7500
   at: default_window_error_handler (platform/linuxbsd/x11/display_server_x11.cpp:1310)
ENEMY_IMPORT_OK { "minion": { "attack": 1.95000004768372, "death": 1.70000004768372, "hit": 0.55000001192093, "idle": 2.0, "release": 1.10000002384186, "walk": 0.80000001192093, "windup": 0.85000002384186 }, "elite": { "attack": 2.09999990463257, "death": 1.70000004768372, "hit": 0.55000001192093, "idle": 2.0, "release": 1.10000002384186, "walk": 0.80000001192093, "windup": 1.0 }, "boss": { "attack": 2.95000004768372, "death": 2.09999990463257, "heavy_attack": 2.95000004768372, "hit": 0.55000001192093, "idle": 2.0, "release": 1.60000002384186, "walk": 0.80000001192093, "windup": 1.35000002384186 } }
ERROR: Unhandled XServer error: BadWindow (invalid Window parameter)
   Major opcode of failed request: 20
   Serial number of failed request: 0
   Current serial number in output stream: 7582
   at: default_window_error_handler (platform/linuxbsd/x11/display_server_x11.cpp:1310)
ERROR: Unhandled XServer error: BadWindow (invalid Window parameter)
   Major opcode of failed request: 20
   Serial number of failed request: 0
   Current serial number in output stream: 7626
   at: default_window_error_handler (platform/linuxbsd/x11/display_server_x11.cpp:1310)
ERROR: Unhandled XServer error: BadWindow (invalid Window parameter)
   Major opcode of failed request: 20
   Serial number of failed request: 0
   Current serial number in output stream: 7688
   at: default_window_error_handler (platform/linuxbsd/x11/display_server_x11.cpp:1310)
ERROR: Unhandled XServer error: BadWindow (invalid Window parameter)
   Major opcode of failed request: 20
   Serial number of failed request: 0
   Current serial number in output stream: 7742
   at: default_window_error_handler (platform/linuxbsd/x11/display_server_x11.cpp:1310)
ERROR: Unhandled XServer error: BadWindow (invalid Window parameter)
   Major opcode of failed request: 20
   Serial number of failed request: 0
   Current serial number in output stream: 7804
   at: default_window_error_handler (platform/linuxbsd/x11/display_server_x11.cpp:1310)
ERROR: Unhandled XServer error: BadWindow (invalid Window parameter)
   Major opcode of failed request: 20
   Serial number of failed request: 0
   Current serial number in output stream: 7870
   at: default_window_error_handler (platform/linuxbsd/x11/display_server_x11.cpp:1310)
ERROR: Unhandled XServer error: BadWindow (invalid Window parameter)
   Major opcode of failed request: 20
   Serial number of failed request: 0
   Current serial number in output stream: 7932
   at: default_window_error_handler (platform/linuxbsd/x11/display_server_x11.cpp:1310)
ERROR: Unhandled XServer error: BadWindow (invalid Window parameter)
   Major opcode of failed request: 20
   Serial number of failed request: 0
   Current serial number in output stream: 7990
   at: default_window_error_handler (platform/linuxbsd/x11/display_server_x11.cpp:1310)
ERROR: Unhandled XServer error: BadWindow (invalid Window parameter)
   Major opcode of failed request: 20
   Serial number of failed request: 0
   Current serial number in output stream: 8052
   at: default_window_error_handler (platform/linuxbsd/x11/display_server_x11.cpp:1310)
ERROR: Unhandled XServer error: BadWindow (invalid Window parameter)
   Major opcode of failed request: 20
   Serial number of failed request: 0
   Current serial number in output stream: 8114
   at: default_window_error_handler (platform/linuxbsd/x11/display_server_x11.cpp:1310)
ERROR: Unhandled XServer error: BadWindow (invalid Window parameter)
   Major opcode of failed request: 20
   Serial number of failed request: 0
   Current serial number in output stream: 8172
   at: default_window_error_handler (platform/linuxbsd/x11/display_server_x11.cpp:1310)
ERROR: Unhandled XServer error: BadWindow (invalid Window parameter)
   Major opcode of failed request: 20
   Serial number of failed request: 0
   Current serial number in output stream: 8230
   at: default_window_error_handler (platform/linuxbsd/x11/display_server_x11.cpp:1310)
ERROR: Unhandled XServer error: BadWindow (invalid Window parameter)
   Major opcode of failed request: 20
   Serial number of failed request: 0
   Current serial number in output stream: 8292
   at: default_window_error_handler (platform/linuxbsd/x11/display_server_x11.cpp:1310)
ERROR: Unhandled XServer error: BadWindow (invalid Window parameter)
   Major opcode of failed request: 20
   Serial number of failed request: 0
   Current serial number in output stream: 8350
   at: default_window_error_handler (platform/linuxbsd/x11/display_server_x11.cpp:1310)
ERROR: Unhandled XServer error: BadWindow (invalid Window parameter)
   Major opcode of failed request: 20
   Serial number of failed request: 0
   Current serial number in output stream: 8412
   at: default_window_error_handler (platform/linuxbsd/x11/display_server_x11.cpp:1310)
ERROR: Unhandled XServer error: BadWindow (invalid Window parameter)
   Major opcode of failed request: 20
   Serial number of failed request: 0
   Current serial number in output stream: 8470
   at: default_window_error_handler (platform/linuxbsd/x11/display_server_x11.cpp:1310)
ERROR: Unhandled XServer error: BadWindow (invalid Window parameter)
   Major opcode of failed request: 20
   Serial number of failed request: 0
   Current serial number in output stream: 8528
   at: default_window_error_handler (platform/linuxbsd/x11/display_server_x11.cpp:1310)
ERROR: Unhandled XServer error: BadWindow (invalid Window parameter)
   Major opcode of failed request: 20
   Serial number of failed request: 0
   Current serial number in output stream: 8590
   at: default_window_error_handler (platform/linuxbsd/x11/display_server_x11.cpp:1310)
ERROR: Unhandled XServer error: BadWindow (invalid Window parameter)
   Major opcode of failed request: 20
   Serial number of failed request: 0
   Current serial number in output stream: 8648
   at: default_window_error_handler (platform/linuxbsd/x11/display_server_x11.cpp:1310)
ERROR: Unhandled XServer error: BadWindow (invalid Window parameter)
   Major opcode of failed request: 20
   Serial number of failed request: 0
   Current serial number in output stream: 8710
   at: default_window_error_handler (platform/linuxbsd/x11/display_server_x11.cpp:1310)
ERROR: Unhandled XServer error: BadWindow (invalid Window parameter)
   Major opcode of failed request: 20
   Serial number of failed request: 0
   Current serial number in output stream: 8768
   at: default_window_error_handler (platform/linuxbsd/x11/display_server_x11.cpp:1310)
ERROR: Unhandled XServer error: BadWindow (invalid Window parameter)
   Major opcode of failed request: 20
   Serial number of failed request: 0
   Current serial number in output stream: 8830
   at: default_window_error_handler (platform/linuxbsd/x11/display_server_x11.cpp:1310)
ERROR: Unhandled XServer error: BadWindow (invalid Window parameter)
   Major opcode of failed request: 20
   Serial number of failed request: 0
   Current serial number in output stream: 8888
   at: default_window_error_handler (platform/linuxbsd/x11/display_server_x11.cpp:1310)
ERROR: Unhandled XServer error: BadWindow (invalid Window parameter)
   Major opcode of failed request: 20
   Serial number of failed request: 0
   Current serial number in output stream: 8946
   at: default_window_error_handler (platform/linuxbsd/x11/display_server_x11.cpp:1310)
ERROR: Unhandled XServer error: BadWindow (invalid Window parameter)
   Major opcode of failed request: 20
   Serial number of failed request: 0
   Current serial number in output stream: 9008
   at: default_window_error_handler (platform/linuxbsd/x11/display_server_x11.cpp:1310)
ERROR: Unhandled XServer error: BadWindow (invalid Window parameter)
   Major opcode of failed request: 20
   Serial number of failed request: 0
   Current serial number in output stream: 9066
   at: default_window_error_handler (platform/linuxbsd/x11/display_server_x11.cpp:1310)
ERROR: Unhandled XServer error: BadWindow (invalid Window parameter)
   Major opcode of failed request: 20
   Serial number of failed request: 0
   Current serial number in output stream: 9128
   at: default_window_error_handler (platform/linuxbsd/x11/display_server_x11.cpp:1310)
ERROR: Unhandled XServer error: BadWindow (invalid Window parameter)
   Major opcode of failed request: 20
   Serial number of failed request: 0
   Current serial number in output stream: 9186
   at: default_window_error_handler (platform/linuxbsd/x11/display_server_x11.cpp:1310)
ERROR: Unhandled XServer error: BadWindow (invalid Window parameter)
   Major opcode of failed request: 20
   Serial number of failed request: 0
   Current serial number in output stream: 9248
   at: default_window_error_handler (platform/linuxbsd/x11/display_server_x11.cpp:1310)
ERROR: Unhandled XServer error: BadWindow (invalid Window parameter)
   Major opcode of failed request: 20
   Serial number of failed request: 0
   Current serial number in output stream: 9306
   at: default_window_error_handler (platform/linuxbsd/x11/display_server_x11.cpp:1310)
ERROR: Unhandled XServer error: BadWindow (invalid Window parameter)
   Major opcode of failed request: 20
   Serial number of failed request: 0
   Current serial number in output stream: 9368
   at: default_window_error_handler (platform/linuxbsd/x11/display_server_x11.cpp:1310)
ERROR: Unhandled XServer error: BadWindow (invalid Window parameter)
   Major opcode of failed request: 20
   Serial number of failed request: 0
   Current serial number in output stream: 9426
   at: default_window_error_handler (platform/linuxbsd/x11/display_server_x11.cpp:1310)
ERROR: Unhandled XServer error: BadWindow (invalid Window parameter)
   Major opcode of failed request: 20
   Serial number of failed request: 0
   Current serial number in output stream: 9472
   at: default_window_error_handler (platform/linuxbsd/x11/display_server_x11.cpp:1310)
ERROR: Unhandled XServer error: BadWindow (invalid Window parameter)
   Major opcode of failed request: 20
   Serial number of failed request: 0
   Current serial number in output stream: 9478
   at: default_window_error_handler (platform/linuxbsd/x11/display_server_x11.cpp:1310)
ERROR: Unhandled XServer error: BadWindow (invalid Window parameter)
   Major opcode of failed request: 20
   Serial number of failed request: 0
   Current serial number in output stream: 9536
   at: default_window_error_handler (platform/linuxbsd/x11/display_server_x11.cpp:1310)
ERROR: Unhandled XServer error: BadWindow (invalid Window parameter)
   Major opcode of failed request: 20
   Serial number of failed request: 0
   Current serial number in output stream: 9594
   at: default_window_error_handler (platform/linuxbsd/x11/display_server_x11.cpp:1310)
ERROR: Unhandled XServer error: BadWindow (invalid Window parameter)
   Major opcode of failed request: 20
   Serial number of failed request: 0
   Current serial number in output stream: 9656
   at: default_window_error_handler (platform/linuxbsd/x11/display_server_x11.cpp:1310)
ERROR: Unhandled XServer error: BadWindow (invalid Window parameter)
   Major opcode of failed request: 20
   Serial number of failed request: 0
   Current serial number in output stream: 9714
   at: default_window_error_handler (platform/linuxbsd/x11/display_server_x11.cpp:1310)
ERROR: Unhandled XServer error: BadWindow (invalid Window parameter)
   Major opcode of failed request: 20
   Serial number of failed request: 0
   Current serial number in output stream: 9776
   at: default_window_error_handler (platform/linuxbsd/x11/display_server_x11.cpp:1310)
ERROR: Unhandled XServer error: BadWindow (invalid Window parameter)
   Major opcode of failed request: 20
   Serial number of failed request: 0
   Current serial number in output stream: 9834
   at: default_window_error_handler (platform/linuxbsd/x11/display_server_x11.cpp:1310)
ERROR: Unhandled XServer error: BadWindow (invalid Window parameter)
   Major opcode of failed request: 20
   Serial number of failed request: 0
   Current serial number in output stream: 9896
   at: default_window_error_handler (platform/linuxbsd/x11/display_server_x11.cpp:1310)
ERROR: Unhandled XServer error: BadWindow (invalid Window parameter)
   Major opcode of failed request: 20
   Serial number of failed request: 0
   Current serial number in output stream: 9914
   at: default_window_error_handler (platform/linuxbsd/x11/display_server_x11.cpp:1310)
ERROR: Unhandled XServer error: BadWindow (invalid Window parameter)
   Major opcode of failed request: 20
   Serial number of failed request: 0
   Current serial number in output stream: 9936
   at: default_window_error_handler (platform/linuxbsd/x11/display_server_x11.cpp:1310)
ERROR: Unhandled XServer error: BadWindow (invalid Window parameter)
   Major opcode of failed request: 20
   Serial number of failed request: 0
   Current serial number in output stream: 9994
   at: default_window_error_handler (platform/linuxbsd/x11/display_server_x11.cpp:1310)
ERROR: Unhandled XServer error: BadWindow (invalid Window parameter)
   Major opcode of failed request: 20
   Serial number of failed request: 0
   Current serial number in output stream: 10056
   at: default_window_error_handler (platform/linuxbsd/x11/display_server_x11.cpp:1310)
ERROR: Unhandled XServer error: BadWindow (invalid Window parameter)
   Major opcode of failed request: 20
   Serial number of failed request: 0
   Current serial number in output stream: 10118
   at: default_window_error_handler (platform/linuxbsd/x11/display_server_x11.cpp:1310)
ERROR: Unhandled XServer error: BadWindow (invalid Window parameter)
   Major opcode of failed request: 20
   Serial number of failed request: 0
   Current serial number in output stream: 10180
   at: default_window_error_handler (platform/linuxbsd/x11/display_server_x11.cpp:1310)
ERROR: Unhandled XServer error: BadWindow (invalid Window parameter)
   Major opcode of failed request: 20
   Serial number of failed request: 0
   Current serial number in output stream: 10238
   at: default_window_error_handler (platform/linuxbsd/x11/display_server_x11.cpp:1310)
ERROR: Unhandled XServer error: BadWindow (invalid Window parameter)
   Major opcode of failed request: 20
   Serial number of failed request: 0
   Current serial number in output stream: 10292
   at: default_window_error_handler (platform/linuxbsd/x11/display_server_x11.cpp:1310)
ERROR: Unhandled XServer error: BadWindow (invalid Window parameter)
   Major opcode of failed request: 20
   Serial number of failed request: 0
   Current serial number in output stream: 10298
   at: default_window_error_handler (platform/linuxbsd/x11/display_server_x11.cpp:1310)
ERROR: Unhandled XServer error: BadWindow (invalid Window parameter)
   Major opcode of failed request: 20
   Serial number of failed request: 0
   Current serial number in output stream: 10344
   at: default_window_error_handler (platform/linuxbsd/x11/display_server_x11.cpp:1310)
ERROR: Unhandled XServer error: BadWindow (invalid Window parameter)
   Major opcode of failed request: 20
   Serial number of failed request: 0
   Current serial number in output stream: 10402
   at: default_window_error_handler (platform/linuxbsd/x11/display_server_x11.cpp:1310)
ERROR: Unhandled XServer error: BadWindow (invalid Window parameter)
   Major opcode of failed request: 20
   Serial number of failed request: 0
   Current serial number in output stream: 10464
   at: default_window_error_handler (platform/linuxbsd/x11/display_server_x11.cpp:1310)
ERROR: Unhandled XServer error: BadWindow (invalid Window parameter)
   Major opcode of failed request: 20
   Serial number of failed request: 0
   Current serial number in output stream: 10526
   at: default_window_error_handler (platform/linuxbsd/x11/display_server_x11.cpp:1310)
ERROR: Unhandled XServer error: BadWindow (invalid Window parameter)
   Major opcode of failed request: 20
   Serial number of failed request: 0
   Current serial number in output stream: 10588
   at: default_window_error_handler (platform/linuxbsd/x11/display_server_x11.cpp:1310)
ERROR: Unhandled XServer error: BadWindow (invalid Window parameter)
   Major opcode of failed request: 20
   Serial number of failed request: 0
   Current serial number in output stream: 10646
   at: default_window_error_handler (platform/linuxbsd/x11/display_server_x11.cpp:1310)
ERROR: Unhandled XServer error: BadWindow (invalid Window parameter)
   Major opcode of failed request: 20
   Serial number of failed request: 0
   Current serial number in output stream: 10708
   at: default_window_error_handler (platform/linuxbsd/x11/display_server_x11.cpp:1310)
ERROR: Unhandled XServer error: BadWindow (invalid Window parameter)
   Major opcode of failed request: 20
   Serial number of failed request: 0
   Current serial number in output stream: 10742
   at: default_window_error_handler (platform/linuxbsd/x11/display_server_x11.cpp:1310)
ERROR: Unhandled XServer error: BadWindow (invalid Window parameter)
   Major opcode of failed request: 20
   Serial number of failed request: 0
   Current serial number in output stream: 10752
   at: default_window_error_handler (platform/linuxbsd/x11/display_server_x11.cpp:1310)
ERROR: Unhandled XServer error: BadWindow (invalid Window parameter)
   Major opcode of failed request: 20
   Serial number of failed request: 0
   Current serial number in output stream: 10810
   at: default_window_error_handler (platform/linuxbsd/x11/display_server_x11.cpp:1310)
ERROR: Unhandled XServer error: BadWindow (invalid Window parameter)
   Major opcode of failed request: 20
   Serial number of failed request: 0
   Current serial number in output stream: 10872
   at: default_window_error_handler (platform/linuxbsd/x11/display_server_x11.cpp:1310)
ERROR: Unhandled XServer error: BadWindow (invalid Window parameter)
   Major opcode of failed request: 20
   Serial number of failed request: 0
   Current serial number in output stream: 10934
   at: default_window_error_handler (platform/linuxbsd/x11/display_server_x11.cpp:1310)
ERROR: Unhandled XServer error: BadWindow (invalid Window parameter)
   Major opcode of failed request: 20
   Serial number of failed request: 0
   Current serial number in output stream: 10996
   at: default_window_error_handler (platform/linuxbsd/x11/display_server_x11.cpp:1310)
ERROR: Unhandled XServer error: BadWindow (invalid Window parameter)
   Major opcode of failed request: 20
   Serial number of failed request: 0
   Current serial number in output stream: 11054
   at: default_window_error_handler (platform/linuxbsd/x11/display_server_x11.cpp:1310)
ERROR: Unhandled XServer error: BadWindow (invalid Window parameter)
   Major opcode of failed request: 20
   Serial number of failed request: 0
   Current serial number in output stream: 11116
   at: default_window_error_handler (platform/linuxbsd/x11/display_server_x11.cpp:1310)
ERROR: Unhandled XServer error: BadWindow (invalid Window parameter)
   Major opcode of failed request: 20
   Serial number of failed request: 0
   Current serial number in output stream: 11174
   at: default_window_error_handler (platform/linuxbsd/x11/display_server_x11.cpp:1310)
ERROR: Unhandled XServer error: BadWindow (invalid Window parameter)
   Major opcode of failed request: 20
   Serial number of failed request: 0
   Current serial number in output stream: 11188
   at: default_window_error_handler (platform/linuxbsd/x11/display_server_x11.cpp:1310)
ERROR: Unhandled XServer error: BadWindow (invalid Window parameter)
   Major opcode of failed request: 20
   Serial number of failed request: 0
   Current serial number in output stream: 11214
   at: default_window_error_handler (platform/linuxbsd/x11/display_server_x11.cpp:1310)
ERROR: Unhandled XServer error: BadWindow (invalid Window parameter)
   Major opcode of failed request: 20
   Serial number of failed request: 0
   Current serial number in output stream: 11276
   at: default_window_error_handler (platform/linuxbsd/x11/display_server_x11.cpp:1310)
ERROR: Unhandled XServer error: BadWindow (invalid Window parameter)
   Major opcode of failed request: 20
   Serial number of failed request: 0
   Current serial number in output stream: 11342
   at: default_window_error_handler (platform/linuxbsd/x11/display_server_x11.cpp:1310)
ERROR: Unhandled XServer error: BadWindow (invalid Window parameter)
   Major opcode of failed request: 20
   Serial number of failed request: 0
   Current serial number in output stream: 11404
   at: default_window_error_handler (platform/linuxbsd/x11/display_server_x11.cpp:1310)
ERROR: Unhandled XServer error: BadWindow (invalid Window parameter)
   Major opcode of failed request: 20
   Serial number of failed request: 0
   Current serial number in output stream: 11466
   at: default_window_error_handler (platform/linuxbsd/x11/display_server_x11.cpp:1310)
ERROR: Unhandled XServer error: BadWindow (invalid Window parameter)
   Major opcode of failed request: 20
   Serial number of failed request: 0
   Current serial number in output stream: 11524
   at: default_window_error_handler (platform/linuxbsd/x11/display_server_x11.cpp:1310)
ERROR: Unhandled XServer error: BadWindow (invalid Window parameter)
   Major opcode of failed request: 20
   Serial number of failed request: 0
   Current serial number in output stream: 11582
   at: default_window_error_handler (platform/linuxbsd/x11/display_server_x11.cpp:1310)
ERROR: Unhandled XServer error: BadWindow (invalid Window parameter)
   Major opcode of failed request: 20
   Serial number of failed request: 0
   Current serial number in output stream: 11644
   at: default_window_error_handler (platform/linuxbsd/x11/display_server_x11.cpp:1310)
ERROR: Unhandled XServer error: BadWindow (invalid Window parameter)
   Major opcode of failed request: 20
   Serial number of failed request: 0
   Current serial number in output stream: 11694
   at: default_window_error_handler (platform/linuxbsd/x11/display_server_x11.cpp:1310)
ERROR: Unhandled XServer error: BadWindow (invalid Window parameter)
   Major opcode of failed request: 20
   Serial number of failed request: 0
   Current serial number in output stream: 11700
   at: default_window_error_handler (platform/linuxbsd/x11/display_server_x11.cpp:1310)
ERROR: Unhandled XServer error: BadWindow (invalid Window parameter)
   Major opcode of failed request: 20
   Serial number of failed request: 0
   Current serial number in output stream: 11758
   at: default_window_error_handler (platform/linuxbsd/x11/display_server_x11.cpp:1310)
ERROR: Unhandled XServer error: BadWindow (invalid Window parameter)
   Major opcode of failed request: 20
   Serial number of failed request: 0
   Current serial number in output stream: 11820
   at: default_window_error_handler (platform/linuxbsd/x11/display_server_x11.cpp:1310)
ERROR: Unhandled XServer error: BadWindow (invalid Window parameter)
   Major opcode of failed request: 20
   Serial number of failed request: 0
   Current serial number in output stream: 11878
   at: default_window_error_handler (platform/linuxbsd/x11/display_server_x11.cpp:1310)
ERROR: Unhandled XServer error: BadWindow (invalid Window parameter)
   Major opcode of failed request: 20
   Serial number of failed request: 0
   Current serial number in output stream: 11940
   at: default_window_error_handler (platform/linuxbsd/x11/display_server_x11.cpp:1310)
ERROR: Unhandled XServer error: BadWindow (invalid Window parameter)
   Major opcode of failed request: 20
   Serial number of failed request: 0
   Current serial number in output stream: 11998
   at: default_window_error_handler (platform/linuxbsd/x11/display_server_x11.cpp:1310)
ERROR: Unhandled XServer error: BadWindow (invalid Window parameter)
   Major opcode of failed request: 20
   Serial number of failed request: 0
   Current serial number in output stream: 12028
   at: default_window_error_handler (platform/linuxbsd/x11/display_server_x11.cpp:1310)
Godot Engine v4.6.3.stable.official.7d41c59c4 - https://godotengine.org
ERROR: Unhandled XServer error: BadWindow (invalid Window parameter)
   Major opcode of failed request: 20
   Serial number of failed request: 0
   Current serial number in output stream: 12331
   at: default_window_error_handler (platform/linuxbsd/x11/display_server_x11.cpp:1310)
ERROR: Unhandled XServer error: BadWindow (invalid Window parameter)
   Major opcode of failed request: 20
   Serial number of failed request: 0
   Current serial number in output stream: 12394
   at: default_window_error_handler (platform/linuxbsd/x11/display_server_x11.cpp:1310)
ERROR: Unhandled XServer error: BadWindow (invalid Window parameter)
   Major opcode of failed request: 20
   Serial number of failed request: 0
   Current serial number in output stream: 12477
   at: default_window_error_handler (platform/linuxbsd/x11/display_server_x11.cpp:1310)
ERROR: Unhandled XServer error: BadWindow (invalid Window parameter)
   Major opcode of failed request: 20
   Serial number of failed request: 0
   Current serial number in output stream: 12550
   at: default_window_error_handler (platform/linuxbsd/x11/display_server_x11.cpp:1310)
ERROR: Unhandled XServer error: BadWindow (invalid Window parameter)
   Major opcode of failed request: 20
   Serial number of failed request: 0
   Current serial number in output stream: 12631
   at: default_window_error_handler (platform/linuxbsd/x11/display_server_x11.cpp:1310)
ERROR: Unhandled XServer error: BadWindow (invalid Window parameter)
   Major opcode of failed request: 20
   Serial number of failed request: 0
   Current serial number in output stream: 12716
   at: default_window_error_handler (platform/linuxbsd/x11/display_server_x11.cpp:1310)
ERROR: Unhandled XServer error: BadWindow (invalid Window parameter)
   Major opcode of failed request: 20
   Serial number of failed request: 0
   Current serial number in output stream: 12797
   at: default_window_error_handler (platform/linuxbsd/x11/display_server_x11.cpp:1310)
ERROR: Unhandled XServer error: BadWindow (invalid Window parameter)
   Major opcode of failed request: 20
   Serial number of failed request: 0
   Current serial number in output stream: 12878
   at: default_window_error_handler (platform/linuxbsd/x11/display_server_x11.cpp:1310)
ERROR: Unhandled XServer error: BadWindow (invalid Window parameter)
   Major opcode of failed request: 20
   Serial number of failed request: 0
   Current serial number in output stream: 12959
   at: default_window_error_handler (platform/linuxbsd/x11/display_server_x11.cpp:1310)
ERROR: Unhandled XServer error: BadWindow (invalid Window parameter)
   Major opcode of failed request: 20
   Serial number of failed request: 0
   Current serial number in output stream: 13032
   at: default_window_error_handler (platform/linuxbsd/x11/display_server_x11.cpp:1310)
ERROR: Unhandled XServer error: BadWindow (invalid Window parameter)
   Major opcode of failed request: 20
   Serial number of failed request: 0
   Current serial number in output stream: 13113
   at: default_window_error_handler (platform/linuxbsd/x11/display_server_x11.cpp:1310)
ERROR: Unhandled XServer error: BadWindow (invalid Window parameter)
   Major opcode of failed request: 20
   Serial number of failed request: 0
   Current serial number in output stream: 13194
   at: default_window_error_handler (platform/linuxbsd/x11/display_server_x11.cpp:1310)
ERROR: Unhandled XServer error: BadWindow (invalid Window parameter)
   Major opcode of failed request: 20
   Serial number of failed request: 0
   Current serial number in output stream: 13269
   at: default_window_error_handler (platform/linuxbsd/x11/display_server_x11.cpp:1310)
ERROR: Unhandled XServer error: BadWindow (invalid Window parameter)
   Major opcode of failed request: 20
   Serial number of failed request: 0
   Current serial number in output stream: 13348
   at: default_window_error_handler (platform/linuxbsd/x11/display_server_x11.cpp:1310)
ERROR: Unhandled XServer error: BadWindow (invalid Window parameter)
   Major opcode of failed request: 20
   Serial number of failed request: 0
   Current serial number in output stream: 13429
   at: default_window_error_handler (platform/linuxbsd/x11/display_server_x11.cpp:1310)
ERROR: Unhandled XServer error: BadWindow (invalid Window parameter)
   Major opcode of failed request: 20
   Serial number of failed request: 0
   Current serial number in output stream: 13510
   at: default_window_error_handler (platform/linuxbsd/x11/display_server_x11.cpp:1310)
ERROR: Unhandled XServer error: BadWindow (invalid Window parameter)
   Major opcode of failed request: 20
   Serial number of failed request: 0
   Current serial number in output stream: 13570
   at: default_window_error_handler (platform/linuxbsd/x11/display_server_x11.cpp:1310)
ERROR: Unhandled XServer error: BadWindow (invalid Window parameter)
   Major opcode of failed request: 20
   Serial number of failed request: 0
   Current serial number in output stream: 13651
   at: default_window_error_handler (platform/linuxbsd/x11/display_server_x11.cpp:1310)
ERROR: Unhandled XServer error: BadWindow (invalid Window parameter)
   Major opcode of failed request: 20
   Serial number of failed request: 0
   Current serial number in output stream: 13728
   at: default_window_error_handler (platform/linuxbsd/x11/display_server_x11.cpp:1310)
ERROR: Unhandled XServer error: BadWindow (invalid Window parameter)
   Major opcode of failed request: 20
   Serial number of failed request: 0
   Current serial number in output stream: 13803
   at: default_window_error_handler (platform/linuxbsd/x11/display_server_x11.cpp:1310)
ERROR: Unhandled XServer error: BadWindow (invalid Window parameter)
   Major opcode of failed request: 20
   Serial number of failed request: 0
   Current serial number in output stream: 13892
   at: default_window_error_handler (platform/linuxbsd/x11/display_server_x11.cpp:1310)
ERROR: Unhandled XServer error: BadWindow (invalid Window parameter)
   Major opcode of failed request: 20
   Serial number of failed request: 0
   Current serial number in output stream: 13967
   at: default_window_error_handler (platform/linuxbsd/x11/display_server_x11.cpp:1310)
ERROR: Unhandled XServer error: BadWindow (invalid Window parameter)
   Major opcode of failed request: 20
   Serial number of failed request: 0
   Current serial number in output stream: 14044
   at: default_window_error_handler (platform/linuxbsd/x11/display_server_x11.cpp:1310)
ERROR: Unhandled XServer error: BadWindow (invalid Window parameter)
   Major opcode of failed request: 20
   Serial number of failed request: 0
   Current serial number in output stream: 14125
   at: default_window_error_handler (platform/linuxbsd/x11/display_server_x11.cpp:1310)
ERROR: Unhandled XServer error: BadWindow (invalid Window parameter)
   Major opcode of failed request: 20
   Serial number of failed request: 0
   Current serial number in output stream: 14194
   at: default_window_error_handler (platform/linuxbsd/x11/display_server_x11.cpp:1310)
ERROR: Unhandled XServer error: BadWindow (invalid Window parameter)
   Major opcode of failed request: 20
   Serial number of failed request: 0
   Current serial number in output stream: 14271
   at: default_window_error_handler (platform/linuxbsd/x11/display_server_x11.cpp:1310)
ERROR: Unhandled XServer error: BadWindow (invalid Window parameter)
   Major opcode of failed request: 20
   Serial number of failed request: 0
   Current serial number in output stream: 14327
   at: default_window_error_handler (platform/linuxbsd/x11/display_server_x11.cpp:1310)
ERROR: Unhandled XServer error: BadWindow (invalid Window parameter)
   Major opcode of failed request: 20
   Serial number of failed request: 0
   Current serial number in output stream: 14404
   at: default_window_error_handler (platform/linuxbsd/x11/display_server_x11.cpp:1310)
ERROR: Unhandled XServer error: BadWindow (invalid Window parameter)
   Major opcode of failed request: 20
   Serial number of failed request: 0
   Current serial number in output stream: 14485
   at: default_window_error_handler (platform/linuxbsd/x11/display_server_x11.cpp:1310)
ERROR: Unhandled XServer error: BadWindow (invalid Window parameter)
   Major opcode of failed request: 20
   Serial number of failed request: 0
   Current serial number in output stream: 14566
   at: default_window_error_handler (platform/linuxbsd/x11/display_server_x11.cpp:1310)
ERROR: Unhandled XServer error: BadWindow (invalid Window parameter)
   Major opcode of failed request: 20
   Serial number of failed request: 0
   Current serial number in output stream: 14647
   at: default_window_error_handler (platform/linuxbsd/x11/display_server_x11.cpp:1310)
ERROR: Unhandled XServer error: BadWindow (invalid Window parameter)
   Major opcode of failed request: 20
   Serial number of failed request: 0
   Current serial number in output stream: 14722
   at: default_window_error_handler (platform/linuxbsd/x11/display_server_x11.cpp:1310)
WARNING: Could not set V-Sync mode, as changing V-Sync mode is not supported by the graphics driver.
     at: set_use_vsync (platform/linuxbsd/x11/gl_manager_x11.cpp:364)
ERROR: Unhandled XServer error: BadWindow (invalid Window parameter)
   Major opcode of failed request: 20
   Serial number of failed request: 0
   Current serial number in output stream: 14841
   at: default_window_error_handler (platform/linuxbsd/x11/display_server_x11.cpp:1310)
ERROR: Unhandled XServer error: BadWindow (invalid Window parameter)
   Major opcode of failed request: 20
   Serial number of failed request: 0
   Current serial number in output stream: 14905
   at: default_window_error_handler (platform/linuxbsd/x11/display_server_x11.cpp:1310)
ERROR: Unhandled XServer error: BadWindow (invalid Window parameter)
   Major opcode of failed request: 20
   Serial number of failed request: 0
   Current serial number in output stream: 14975
   at: default_window_error_handler (platform/linuxbsd/x11/display_server_x11.cpp:1310)
ERROR: Unhandled XServer error: BadWindow (invalid Window parameter)
   Major opcode of failed request: 20
   Serial number of failed request: 0
   Current serial number in output stream: 15039
   at: default_window_error_handler (platform/linuxbsd/x11/display_server_x11.cpp:1310)
ERROR: Unhandled XServer error: BadWindow (invalid Window parameter)
   Major opcode of failed request: 20
   Serial number of failed request: 0
   Current serial number in output stream: 15107
   at: default_window_error_handler (platform/linuxbsd/x11/display_server_x11.cpp:1310)
ERROR: Unhandled XServer error: BadWindow (invalid Window parameter)
   Major opcode of failed request: 20
   Serial number of failed request: 0
   Current serial number in output stream: 15175
   at: default_window_error_handler (platform/linuxbsd/x11/display_server_x11.cpp:1310)
ERROR: Unhandled XServer error: BadWindow (invalid Window parameter)
   Major opcode of failed request: 20
   Serial number of failed request: 0
   Current serial number in output stream: 15235
   at: default_window_error_handler (platform/linuxbsd/x11/display_server_x11.cpp:1310)
ERROR: Unhandled XServer error: BadWindow (invalid Window parameter)
   Major opcode of failed request: 20
   Serial number of failed request: 0
   Current serial number in output stream: 15297
   at: default_window_error_handler (platform/linuxbsd/x11/display_server_x11.cpp:1310)
ERROR: Unhandled XServer error: BadWindow (invalid Window parameter)
   Major opcode of failed request: 20
   Serial number of failed request: 0
   Current serial number in output stream: 15373
   at: default_window_error_handler (platform/linuxbsd/x11/display_server_x11.cpp:1310)
ERROR: Unhandled XServer error: BadWindow (invalid Window parameter)
   Major opcode of failed request: 20
   Serial number of failed request: 0
   Current serial number in output stream: 15429
   at: default_window_error_handler (platform/linuxbsd/x11/display_server_x11.cpp:1310)
ERROR: Unhandled XServer error: BadWindow (invalid Window parameter)
   Major opcode of failed request: 20
   Serial number of failed request: 0
   Current serial number in output stream: 15503
   at: default_window_error_handler (platform/linuxbsd/x11/display_server_x11.cpp:1310)
ERROR: Unhandled XServer error: BadWindow (invalid Window parameter)
   Major opcode of failed request: 20
   Serial number of failed request: 0
   Current serial number in output stream: 15563
   at: default_window_error_handler (platform/linuxbsd/x11/display_server_x11.cpp:1310)
ERROR: Unhandled XServer error: BadWindow (invalid Window parameter)
   Major opcode of failed request: 20
   Serial number of failed request: 0
   Current serial number in output stream: 15631
   at: default_window_error_handler (platform/linuxbsd/x11/display_server_x11.cpp:1310)
ERROR: Unhandled XServer error: BadWindow (invalid Window parameter)
   Major opcode of failed request: 20
   Serial number of failed request: 0
   Current serial number in output stream: 15699
   at: default_window_error_handler (platform/linuxbsd/x11/display_server_x11.cpp:1310)
ERROR: Unhandled XServer error: BadWindow (invalid Window parameter)
   Major opcode of failed request: 20
   Serial number of failed request: 0
   Current serial number in output stream: 15769
   at: default_window_error_handler (platform/linuxbsd/x11/display_server_x11.cpp:1310)
ERROR: Unhandled XServer error: BadWindow (invalid Window parameter)
   Major opcode of failed request: 20
   Serial number of failed request: 0
   Current serial number in output stream: 15839
   at: default_window_error_handler (platform/linuxbsd/x11/display_server_x11.cpp:1310)
ERROR: Unhandled XServer error: BadWindow (invalid Window parameter)
   Major opcode of failed request: 20
   Serial number of failed request: 0
   Current serial number in output stream: 15907
   at: default_window_error_handler (platform/linuxbsd/x11/display_server_x11.cpp:1310)
ERROR: Unhandled XServer error: BadWindow (invalid Window parameter)
   Major opcode of failed request: 20
   Serial number of failed request: 0
   Current serial number in output stream: 15977
   at: default_window_error_handler (platform/linuxbsd/x11/display_server_x11.cpp:1310)
ERROR: Unhandled XServer error: BadWindow (invalid Window parameter)
   Major opcode of failed request: 20
   Serial number of failed request: 0
   Current serial number in output stream: 16043
   at: default_window_error_handler (platform/linuxbsd/x11/display_server_x11.cpp:1310)
ERROR: Unhandled XServer error: BadWindow (invalid Window parameter)
   Major opcode of failed request: 20
   Serial number of failed request: 0
   Current serial number in output stream: 16103
   at: default_window_error_handler (platform/linuxbsd/x11/display_server_x11.cpp:1310)
ERROR: Unhandled XServer error: BadWindow (invalid Window parameter)
   Major opcode of failed request: 20
   Serial number of failed request: 0
   Current serial number in output stream: 16171
   at: default_window_error_handler (platform/linuxbsd/x11/display_server_x11.cpp:1310)
ERROR: Unhandled XServer error: BadWindow (invalid Window parameter)
   Major opcode of failed request: 20
   Serial number of failed request: 0
   Current serial number in output stream: 16231
   at: default_window_error_handler (platform/linuxbsd/x11/display_server_x11.cpp:1310)
ERROR: Unhandled XServer error: BadWindow (invalid Window parameter)
   Major opcode of failed request: 20
   Serial number of failed request: 0
   Current serial number in output stream: 16299
   at: default_window_error_handler (platform/linuxbsd/x11/display_server_x11.cpp:1310)
ERROR: Unhandled XServer error: BadWindow (invalid Window parameter)
   Major opcode of failed request: 20
   Serial number of failed request: 0
   Current serial number in output stream: 16359
   at: default_window_error_handler (platform/linuxbsd/x11/display_server_x11.cpp:1310)
ERROR: Unhandled XServer error: BadWindow (invalid Window parameter)
   Major opcode of failed request: 20
   Serial number of failed request: 0
   Current serial number in output stream: 16427
   at: default_window_error_handler (platform/linuxbsd/x11/display_server_x11.cpp:1310)
ERROR: Unhandled XServer error: BadWindow (invalid Window parameter)
   Major opcode of failed request: 20
   Serial number of failed request: 0
   Current serial number in output stream: 16489
   at: default_window_error_handler (platform/linuxbsd/x11/display_server_x11.cpp:1310)
ERROR: Unhandled XServer error: BadWindow (invalid Window parameter)
   Major opcode of failed request: 20
   Serial number of failed request: 0
   Current serial number in output stream: 16553
   at: default_window_error_handler (platform/linuxbsd/x11/display_server_x11.cpp:1310)
ERROR: Unhandled XServer error: BadWindow (invalid Window parameter)
   Major opcode of failed request: 20
   Serial number of failed request: 0
   Current serial number in output stream: 16617
   at: default_window_error_handler (platform/linuxbsd/x11/display_server_x11.cpp:1310)
ERROR: Unhandled XServer error: BadWindow (invalid Window parameter)
   Major opcode of failed request: 20
   Serial number of failed request: 0
   Current serial number in output stream: 16681
   at: default_window_error_handler (platform/linuxbsd/x11/display_server_x11.cpp:1310)
ERROR: Unhandled XServer error: BadWindow (invalid Window parameter)
   Major opcode of failed request: 20
   Serial number of failed request: 0
   Current serial number in output stream: 16749
   at: default_window_error_handler (platform/linuxbsd/x11/display_server_x11.cpp:1310)
ERROR: Unhandled XServer error: BadWindow (invalid Window parameter)
   Major opcode of failed request: 20
   Serial number of failed request: 0
   Current serial number in output stream: 16815
   at: default_window_error_handler (platform/linuxbsd/x11/display_server_x11.cpp:1310)
ERROR: Unhandled XServer error: BadWindow (invalid Window parameter)
   Major opcode of failed request: 20
   Serial number of failed request: 0
   Current serial number in output stream: 16877
   at: default_window_error_handler (platform/linuxbsd/x11/display_server_x11.cpp:1310)
ERROR: Unhandled XServer error: BadWindow (invalid Window parameter)
   Major opcode of failed request: 20
   Serial number of failed request: 0
   Current serial number in output stream: 16953
   at: default_window_error_handler (platform/linuxbsd/x11/display_server_x11.cpp:1310)
ERROR: Unhandled XServer error: BadWindow (invalid Window parameter)
   Major opcode of failed request: 20
   Serial number of failed request: 0
   Current serial number in output stream: 17013
   at: default_window_error_handler (platform/linuxbsd/x11/display_server_x11.cpp:1310)
ERROR: Unhandled XServer error: BadWindow (invalid Window parameter)
   Major opcode of failed request: 20
   Serial number of failed request: 0
   Current serial number in output stream: 17083
   at: default_window_error_handler (platform/linuxbsd/x11/display_server_x11.cpp:1310)
ERROR: Unhandled XServer error: BadWindow (invalid Window parameter)
   Major opcode of failed request: 20
   Serial number of failed request: 0
   Current serial number in output stream: 17143
   at: default_window_error_handler (platform/linuxbsd/x11/display_server_x11.cpp:1310)
ERROR: Unhandled XServer error: BadWindow (invalid Window parameter)
   Major opcode of failed request: 20
   Serial number of failed request: 0
   Current serial number in output stream: 17203
   at: default_window_error_handler (platform/linuxbsd/x11/display_server_x11.cpp:1310)
ERROR: Unhandled XServer error: BadWindow (invalid Window parameter)
   Major opcode of failed request: 20
   Serial number of failed request: 0
   Current serial number in output stream: 17271
   at: default_window_error_handler (platform/linuxbsd/x11/display_server_x11.cpp:1310)
ERROR: Unhandled XServer error: BadWindow (invalid Window parameter)
   Major opcode of failed request: 20
   Serial number of failed request: 0
   Current serial number in output stream: 17339
   at: default_window_error_handler (platform/linuxbsd/x11/display_server_x11.cpp:1310)
ERROR: Unhandled XServer error: BadWindow (invalid Window parameter)
   Major opcode of failed request: 20
   Serial number of failed request: 0
   Current serial number in output stream: 17397
   at: default_window_error_handler (platform/linuxbsd/x11/display_server_x11.cpp:1310)
ERROR: Unhandled XServer error: BadWindow (invalid Window parameter)
   Major opcode of failed request: 20
   Serial number of failed request: 0
   Current serial number in output stream: 17457
   at: default_window_error_handler (platform/linuxbsd/x11/display_server_x11.cpp:1310)
ERROR: Unhandled XServer error: BadWindow (invalid Window parameter)
   Major opcode of failed request: 20
   Serial number of failed request: 0
   Current serial number in output stream: 17515
   at: default_window_error_handler (platform/linuxbsd/x11/display_server_x11.cpp:1310)
ERROR: Unhandled XServer error: BadWindow (invalid Window parameter)
   Major opcode of failed request: 20
   Serial number of failed request: 0
   Current serial number in output stream: 17571
   at: default_window_error_handler (platform/linuxbsd/x11/display_server_x11.cpp:1310)
ERROR: Unhandled XServer error: BadWindow (invalid Window parameter)
   Major opcode of failed request: 20
   Serial number of failed request: 0
   Current serial number in output stream: 17641
   at: default_window_error_handler (platform/linuxbsd/x11/display_server_x11.cpp:1310)
ERROR: Unhandled XServer error: BadWindow (invalid Window parameter)
   Major opcode of failed request: 20
   Serial number of failed request: 0
   Current serial number in output stream: 17697
   at: default_window_error_handler (platform/linuxbsd/x11/display_server_x11.cpp:1310)
ERROR: Unhandled XServer error: BadWindow (invalid Window parameter)
   Major opcode of failed request: 20
   Serial number of failed request: 0
   Current serial number in output stream: 17767
   at: default_window_error_handler (platform/linuxbsd/x11/display_server_x11.cpp:1310)
ERROR: Unhandled XServer error: BadWindow (invalid Window parameter)
   Major opcode of failed request: 20
   Serial number of failed request: 0
   Current serial number in output stream: 17825
   at: default_window_error_handler (platform/linuxbsd/x11/display_server_x11.cpp:1310)
ERROR: Unhandled XServer error: BadWindow (invalid Window parameter)
   Major opcode of failed request: 20
   Serial number of failed request: 0
   Current serial number in output stream: 17883
   at: default_window_error_handler (platform/linuxbsd/x11/display_server_x11.cpp:1310)
ERROR: Unhandled XServer error: BadWindow (invalid Window parameter)
   Major opcode of failed request: 20
   Serial number of failed request: 0
   Current serial number in output stream: 17943
   at: default_window_error_handler (platform/linuxbsd/x11/display_server_x11.cpp:1310)
ERROR: Unhandled XServer error: BadWindow (invalid Window parameter)
   Major opcode of failed request: 20
   Serial number of failed request: 0
   Current serial number in output stream: 18009
   at: default_window_error_handler (platform/linuxbsd/x11/display_server_x11.cpp:1310)
ERROR: Unhandled XServer error: BadWindow (invalid Window parameter)
   Major opcode of failed request: 20
   Serial number of failed request: 0
   Current serial number in output stream: 18067
   at: default_window_error_handler (platform/linuxbsd/x11/display_server_x11.cpp:1310)
ERROR: Unhandled XServer error: BadWindow (invalid Window parameter)
   Major opcode of failed request: 20
   Serial number of failed request: 0
   Current serial number in output stream: 18127
   at: default_window_error_handler (platform/linuxbsd/x11/display_server_x11.cpp:1310)
ERROR: Unhandled XServer error: BadWindow (invalid Window parameter)
   Major opcode of failed request: 20
   Serial number of failed request: 0
   Current serial number in output stream: 18189
   at: default_window_error_handler (platform/linuxbsd/x11/display_server_x11.cpp:1310)
ERROR: Unhandled XServer error: BadWindow (invalid Window parameter)
   Major opcode of failed request: 20
   Serial number of failed request: 0
   Current serial number in output stream: 18249
   at: default_window_error_handler (platform/linuxbsd/x11/display_server_x11.cpp:1310)
ERROR: Unhandled XServer error: BadWindow (invalid Window parameter)
   Major opcode of failed request: 20
   Serial number of failed request: 0
   Current serial number in output stream: 18307
   at: default_window_error_handler (platform/linuxbsd/x11/display_server_x11.cpp:1310)
ERROR: Unhandled XServer error: BadWindow (invalid Window parameter)
   Major opcode of failed request: 20
   Serial number of failed request: 0
   Current serial number in output stream: 18363
   at: default_window_error_handler (platform/linuxbsd/x11/display_server_x11.cpp:1310)
ERROR: Unhandled XServer error: BadWindow (invalid Window parameter)
   Major opcode of failed request: 20
   Serial number of failed request: 0
   Current serial number in output stream: 18427
   at: default_window_error_handler (platform/linuxbsd/x11/display_server_x11.cpp:1310)
ERROR: Unhandled XServer error: BadWindow (invalid Window parameter)
   Major opcode of failed request: 20
   Serial number of failed request: 0
   Current serial number in output stream: 18483
   at: default_window_error_handler (platform/linuxbsd/x11/display_server_x11.cpp:1310)
ERROR: Unhandled XServer error: BadWindow (invalid Window parameter)
   Major opcode of failed request: 20
   Serial number of failed request: 0
   Current serial number in output stream: 18541
   at: default_window_error_handler (platform/linuxbsd/x11/display_server_x11.cpp:1310)
ERROR: Unhandled XServer error: BadWindow (invalid Window parameter)
   Major opcode of failed request: 20
   Serial number of failed request: 0
   Current serial number in output stream: 18613
   at: default_window_error_handler (platform/linuxbsd/x11/display_server_x11.cpp:1310)
OpenGL API 4.5 (Core Profile) Mesa 25.0.7-2+deb13u1 - Compatibility - Using Device: Mesa - llvmpipe (LLVM 19.1.7, 256 bits)
ALSA lib confmisc.c:855:(parse_card) cannot find card '0'
ALSA lib conf.c:5205:(_snd_config_evaluate) function snd_func_card_inum returned error: No such file or directory
ALSA lib confmisc.c:422:(snd_func_concat) error evaluating strings
ALSA lib conf.c:5205:(_snd_config_evaluate) function snd_func_concat returned error: No such file or directory
ALSA lib confmisc.c:1342:(snd_func_refer) error evaluating name
ALSA lib conf.c:5205:(_snd_config_evaluate) function snd_func_refer returned error: No such file or directory
ALSA lib conf.c:5728:(snd_config_expand) Evaluate error: No such file or directory
ALSA lib pcm.c:2722:(snd_pcm_open_noupdate) Unknown PCM default
ERROR: Condition "status < 0" is true. Returning: ERR_CANT_OPEN
   at: init_output_device (drivers/alsa/audio_driver_alsa.cpp:90)
WARNING: All audio drivers failed, falling back to the dummy driver.
     at: initialize (servers/audio/audio_server.cpp:247)

ERROR: Unhandled XServer error: BadWindow (invalid Window parameter)
   Major opcode of failed request: 20
   Serial number of failed request: 0
   Current serial number in output stream: 18673
   at: default_window_error_handler (platform/linuxbsd/x11/display_server_x11.cpp:1310)
ART_IMPORT_OK clips=["attack", "dash", "death", "hit", "idle", "overload", "run", "thrust", "ultimate"]
ART_CLIP idle length=2.0 tracks=19
ART_CLIP run length=0.80000001192093 tracks=19
ART_CLIP attack length=0.80000001192093 tracks=19
ART_CLIP dash length=0.60000002384186 tracks=19
ART_CLIP thrust length=0.89999997615814 tracks=19
ART_CLIP overload length=1.5 tracks=19
ART_CLIP ultimate length=2.0 tracks=19
ART_CLIP hit length=0.60000002384186 tracks=19
ART_CLIP death length=1.60000002384186 tracks=19
ERROR: Unhandled XServer error: BadWindow (invalid Window parameter)
   Major opcode of failed request: 20
   Serial number of failed request: 0
   Current serial number in output stream: 18747
   at: default_window_error_handler (platform/linuxbsd/x11/display_server_x11.cpp:1310)
ERROR: Unhandled XServer error: BadWindow (invalid Window parameter)
   Major opcode of failed request: 20
   Serial number of failed request: 0
   Current serial number in output stream: 18805
   at: default_window_error_handler (platform/linuxbsd/x11/display_server_x11.cpp:1310)
ERROR: Unhandled XServer error: BadWindow (invalid Window parameter)
   Major opcode of failed request: 20
   Serial number of failed request: 0
   Current serial number in output stream: 18859
   at: default_window_error_handler (platform/linuxbsd/x11/display_server_x11.cpp:1310)
ERROR: Unhandled XServer error: BadWindow (invalid Window parameter)
   Major opcode of failed request: 20
   Serial number of failed request: 0
   Current serial number in output stream: 18913
   at: default_window_error_handler (platform/linuxbsd/x11/display_server_x11.cpp:1310)
ERROR: Unhandled XServer error: BadWindow (invalid Window parameter)
   Major opcode of failed request: 20
   Serial number of failed request: 0
   Current serial number in output stream: 18941
   at: default_window_error_handler (platform/linuxbsd/x11/display_server_x11.cpp:1310)
ERROR: Unhandled XServer error: BadWindow (invalid Window parameter)
   Major opcode of failed request: 20
   Serial number of failed request: 0
   Current serial number in output stream: 18969
   at: default_window_error_handler (platform/linuxbsd/x11/display_server_x11.cpp:1310)
ERROR: Unhandled XServer error: BadWindow (invalid Window parameter)
   Major opcode of failed request: 20
   Serial number of failed request: 0
   Current serial number in output stream: 19023
   at: default_window_error_handler (platform/linuxbsd/x11/display_server_x11.cpp:1310)
ERROR: Unhandled XServer error: BadWindow (invalid Window parameter)
   Major opcode of failed request: 20
   Serial number of failed request: 0
   Current serial number in output stream: 19051
   at: default_window_error_handler (platform/linuxbsd/x11/display_server_x11.cpp:1310)
ERROR: Unhandled XServer error: BadWindow (invalid Window parameter)
   Major opcode of failed request: 20
   Serial number of failed request: 0
   Current serial number in output stream: 19105
   at: default_window_error_handler (platform/linuxbsd/x11/display_server_x11.cpp:1310)
ERROR: Unhandled XServer error: BadWindow (invalid Window parameter)
   Major opcode of failed request: 20
   Serial number of failed request: 0
   Current serial number in output stream: 19133
   at: default_window_error_handler (platform/linuxbsd/x11/display_server_x11.cpp:1310)
ERROR: Unhandled XServer error: BadWindow (invalid Window parameter)
   Major opcode of failed request: 20
   Serial number of failed request: 0
   Current serial number in output stream: 19161
   at: default_window_error_handler (platform/linuxbsd/x11/display_server_x11.cpp:1310)
ERROR: Unhandled XServer error: BadWindow (invalid Window parameter)
   Major opcode of failed request: 20
   Serial number of failed request: 0
   Current serial number in output stream: 19215
   at: default_window_error_handler (platform/linuxbsd/x11/display_server_x11.cpp:1310)
ERROR: Unhandled XServer error: BadWindow (invalid Window parameter)
   Major opcode of failed request: 20
   Serial number of failed request: 0
   Current serial number in output stream: 19243
   at: default_window_error_handler (platform/linuxbsd/x11/display_server_x11.cpp:1310)
ERROR: Unhandled XServer error: BadWindow (invalid Window parameter)
   Major opcode of failed request: 20
   Serial number of failed request: 0
   Current serial number in output stream: 19297
   at: default_window_error_handler (platform/linuxbsd/x11/display_server_x11.cpp:1310)
ERROR: Unhandled XServer error: BadWindow (invalid Window parameter)
   Major opcode of failed request: 20
   Serial number of failed request: 0
   Current serial number in output stream: 19325
   at: default_window_error_handler (platform/linuxbsd/x11/display_server_x11.cpp:1310)
ERROR: Unhandled XServer error: BadWindow (invalid Window parameter)
   Major opcode of failed request: 20
   Serial number of failed request: 0
   Current serial number in output stream: 19353
   at: default_window_error_handler (platform/linuxbsd/x11/display_server_x11.cpp:1310)
ERROR: Unhandled XServer error: BadWindow (invalid Window parameter)
   Major opcode of failed request: 20
   Serial number of failed request: 0
   Current serial number in output stream: 19381
   at: default_window_error_handler (platform/linuxbsd/x11/display_server_x11.cpp:1310)
ERROR: Unhandled XServer error: BadWindow (invalid Window parameter)
   Major opcode of failed request: 20
   Serial number of failed request: 0
   Current serial number in output stream: 19435
   at: default_window_error_handler (platform/linuxbsd/x11/display_server_x11.cpp:1310)
ERROR: Unhandled XServer error: BadWindow (invalid Window parameter)
   Major opcode of failed request: 20
   Serial number of failed request: 0
   Current serial number in output stream: 19463
   at: default_window_error_handler (platform/linuxbsd/x11/display_server_x11.cpp:1310)
ERROR: Unhandled XServer error: BadWindow (invalid Window parameter)
   Major opcode of failed request: 20
   Serial number of failed request: 0
   Current serial number in output stream: 19491
   at: default_window_error_handler (platform/linuxbsd/x11/display_server_x11.cpp:1310)
ERROR: Unhandled XServer error: BadWindow (invalid Window parameter)
   Major opcode of failed request: 20
   Serial number of failed request: 0
   Current serial number in output stream: 19527
   at: default_window_error_handler (platform/linuxbsd/x11/display_server_x11.cpp:1310)
ERROR: Unhandled XServer error: BadWindow (invalid Window parameter)
   Major opcode of failed request: 20
   Serial number of failed request: 0
   Current serial number in output stream: 19571
   at: default_window_error_handler (platform/linuxbsd/x11/display_server_x11.cpp:1310)
ERROR: Unhandled XServer error: BadWindow (invalid Window parameter)
   Major opcode of failed request: 20
   Serial number of failed request: 0
   Current serial number in output stream: 19625
   at: default_window_error_handler (platform/linuxbsd/x11/display_server_x11.cpp:1310)
ERROR: Unhandled XServer error: BadWindow (invalid Window parameter)
   Major opcode of failed request: 20
   Serial number of failed request: 0
   Current serial number in output stream: 19653
   at: default_window_error_handler (platform/linuxbsd/x11/display_server_x11.cpp:1310)
ERROR: Unhandled XServer error: BadWindow (invalid Window parameter)
   Major opcode of failed request: 20
   Serial number of failed request: 0
   Current serial number in output stream: 19701
   at: default_window_error_handler (platform/linuxbsd/x11/display_server_x11.cpp:1310)
ERROR: Unhandled XServer error: BadWindow (invalid Window parameter)
   Major opcode of failed request: 20
   Serial number of failed request: 0
   Current serial number in output stream: 19755
   at: default_window_error_handler (platform/linuxbsd/x11/display_server_x11.cpp:1310)
ERROR: Unhandled XServer error: BadWindow (invalid Window parameter)
   Major opcode of failed request: 20
   Serial number of failed request: 0
   Current serial number in output stream: 19809
   at: default_window_error_handler (platform/linuxbsd/x11/display_server_x11.cpp:1310)
ERROR: Unhandled XServer error: BadWindow (invalid Window parameter)
   Major opcode of failed request: 20
   Serial number of failed request: 0
   Current serial number in output stream: 19837
   at: default_window_error_handler (platform/linuxbsd/x11/display_server_x11.cpp:1310)
ERROR: Unhandled XServer error: BadWindow (invalid Window parameter)
   Major opcode of failed request: 20
   Serial number of failed request: 0
   Current serial number in output stream: 19865
   at: default_window_error_handler (platform/linuxbsd/x11/display_server_x11.cpp:1310)
ERROR: Unhandled XServer error: BadWindow (invalid Window parameter)
   Major opcode of failed request: 20
   Serial number of failed request: 0
   Current serial number in output stream: 19919
   at: default_window_error_handler (platform/linuxbsd/x11/display_server_x11.cpp:1310)
ERROR: Unhandled XServer error: BadWindow (invalid Window parameter)
   Major opcode of failed request: 20
   Serial number of failed request: 0
   Current serial number in output stream: 19947
   at: default_window_error_handler (platform/linuxbsd/x11/display_server_x11.cpp:1310)
ERROR: Unhandled XServer error: BadWindow (invalid Window parameter)
   Major opcode of failed request: 20
   Serial number of failed request: 0
   Current serial number in output stream: 20015
   at: default_window_error_handler (platform/linuxbsd/x11/display_server_x11.cpp:1310)
ERROR: Unhandled XServer error: BadWindow (invalid Window parameter)
   Major opcode of failed request: 20
   Serial number of failed request: 0
   Current serial number in output stream: 20069
   at: default_window_error_handler (platform/linuxbsd/x11/display_server_x11.cpp:1310)
ERROR: Unhandled XServer error: BadWindow (invalid Window parameter)
   Major opcode of failed request: 20
   Serial number of failed request: 0
   Current serial number in output stream: 20097
   at: default_window_error_handler (platform/linuxbsd/x11/display_server_x11.cpp:1310)
ERROR: Unhandled XServer error: BadWindow (invalid Window parameter)
   Major opcode of failed request: 20
   Serial number of failed request: 0
   Current serial number in output stream: 20125
   at: default_window_error_handler (platform/linuxbsd/x11/display_server_x11.cpp:1310)
ERROR: Unhandled XServer error: BadWindow (invalid Window parameter)
   Major opcode of failed request: 20
   Serial number of failed request: 0
   Current serial number in output stream: 20153
   at: default_window_error_handler (platform/linuxbsd/x11/display_server_x11.cpp:1310)
ERROR: Unhandled XServer error: BadWindow (invalid Window parameter)
   Major opcode of failed request: 20
   Serial number of failed request: 0
   Current serial number in output stream: 20189
   at: default_window_error_handler (platform/linuxbsd/x11/display_server_x11.cpp:1310)
ERROR: Unhandled XServer error: BadWindow (invalid Window parameter)
   Major opcode of failed request: 20
   Serial number of failed request: 0
   Current serial number in output stream: 20225
   at: default_window_error_handler (platform/linuxbsd/x11/display_server_x11.cpp:1310)
ERROR: Unhandled XServer error: BadWindow (invalid Window parameter)
   Major opcode of failed request: 20
   Serial number of failed request: 0
   Current serial number in output stream: 20257
   at: default_window_error_handler (platform/linuxbsd/x11/display_server_x11.cpp:1310)
ERROR: Unhandled XServer error: BadWindow (invalid Window parameter)
   Major opcode of failed request: 20
   Serial number of failed request: 0
   Current serial number in output stream: 20311
   at: default_window_error_handler (platform/linuxbsd/x11/display_server_x11.cpp:1310)
ERROR: Unhandled XServer error: BadWindow (invalid Window parameter)
   Major opcode of failed request: 20
   Serial number of failed request: 0
   Current serial number in output stream: 20359
   at: default_window_error_handler (platform/linuxbsd/x11/display_server_x11.cpp:1310)
ERROR: Unhandled XServer error: BadWindow (invalid Window parameter)
   Major opcode of failed request: 20
   Serial number of failed request: 0
   Current serial number in output stream: 20427
   at: default_window_error_handler (platform/linuxbsd/x11/display_server_x11.cpp:1310)
ERROR: Unhandled XServer error: BadWindow (invalid Window parameter)
   Major opcode of failed request: 20
   Serial number of failed request: 0
   Current serial number in output stream: 20459
   at: default_window_error_handler (platform/linuxbsd/x11/display_server_x11.cpp:1310)
ERROR: Unhandled XServer error: BadWindow (invalid Window parameter)
   Major opcode of failed request: 20
   Serial number of failed request: 0
   Current serial number in output stream: 20487
   at: default_window_error_handler (platform/linuxbsd/x11/display_server_x11.cpp:1310)
ERROR: Unhandled XServer error: BadWindow (invalid Window parameter)
   Major opcode of failed request: 20
   Serial number of failed request: 0
   Current serial number in output stream: 20515
   at: default_window_error_handler (platform/linuxbsd/x11/display_server_x11.cpp:1310)
ERROR: Unhandled XServer error: BadWindow (invalid Window parameter)
   Major opcode of failed request: 20
   Serial number of failed request: 0
   Current serial number in output stream: 20543
   at: default_window_error_handler (platform/linuxbsd/x11/display_server_x11.cpp:1310)
ERROR: Unhandled XServer error: BadWindow (invalid Window parameter)
   Major opcode of failed request: 20
   Serial number of failed request: 0
   Current serial number in output stream: 20571
   at: default_window_error_handler (platform/linuxbsd/x11/display_server_x11.cpp:1310)
ERROR: Unhandled XServer error: BadWindow (invalid Window parameter)
   Major opcode of failed request: 20
   Serial number of failed request: 0
   Current serial number in output stream: 20599
   at: default_window_error_handler (platform/linuxbsd/x11/display_server_x11.cpp:1310)
ERROR: Unhandled XServer error: BadWindow (invalid Window parameter)
   Major opcode of failed request: 20
   Serial number of failed request: 0
   Current serial number in output stream: 20627
   at: default_window_error_handler (platform/linuxbsd/x11/display_server_x11.cpp:1310)
ERROR: Unhandled XServer error: BadWindow (invalid Window parameter)
   Major opcode of failed request: 20
   Serial number of failed request: 0
   Current serial number in output stream: 20671
   at: default_window_error_handler (platform/linuxbsd/x11/display_server_x11.cpp:1310)
ERROR: Unhandled XServer error: BadWindow (invalid Window parameter)
   Major opcode of failed request: 20
   Serial number of failed request: 0
   Current serial number in output stream: 20727
   at: default_window_error_handler (platform/linuxbsd/x11/display_server_x11.cpp:1310)
ERROR: Unhandled XServer error: BadWindow (invalid Window parameter)
   Major opcode of failed request: 20
   Serial number of failed request: 0
   Current serial number in output stream: 20789
   at: default_window_error_handler (platform/linuxbsd/x11/display_server_x11.cpp:1310)
ERROR: Unhandled XServer error: BadWindow (invalid Window parameter)
   Major opcode of failed request: 20
   Serial number of failed request: 0
   Current serial number in output stream: 20843
   at: default_window_error_handler (platform/linuxbsd/x11/display_server_x11.cpp:1310)
ERROR: Unhandled XServer error: BadWindow (invalid Window parameter)
   Major opcode of failed request: 20
   Serial number of failed request: 0
   Current serial number in output stream: 20871
   at: default_window_error_handler (platform/linuxbsd/x11/display_server_x11.cpp:1310)
ERROR: Unhandled XServer error: BadWindow (invalid Window parameter)
   Major opcode of failed request: 20
   Serial number of failed request: 0
   Current serial number in output stream: 20899
   at: default_window_error_handler (platform/linuxbsd/x11/display_server_x11.cpp:1310)
ERROR: Unhandled XServer error: BadWindow (invalid Window parameter)
   Major opcode of failed request: 20
   Serial number of failed request: 0
   Current serial number in output stream: 20927
   at: default_window_error_handler (platform/linuxbsd/x11/display_server_x11.cpp:1310)
ERROR: Unhandled XServer error: BadWindow (invalid Window parameter)
   Major opcode of failed request: 20
   Serial number of failed request: 0
   Current serial number in output stream: 20955
   at: default_window_error_handler (platform/linuxbsd/x11/display_server_x11.cpp:1310)
ERROR: Unhandled XServer error: BadWindow (invalid Window parameter)
   Major opcode of failed request: 20
   Serial number of failed request: 0
   Current serial number in output stream: 20983
   at: default_window_error_handler (platform/linuxbsd/x11/display_server_x11.cpp:1310)
ERROR: Unhandled XServer error: BadWindow (invalid Window parameter)
   Major opcode of failed request: 20
   Serial number of failed request: 0
   Current serial number in output stream: 21023
   at: default_window_error_handler (platform/linuxbsd/x11/display_server_x11.cpp:1310)
ERROR: Unhandled XServer error: BadWindow (invalid Window parameter)
   Major opcode of failed request: 20
   Serial number of failed request: 0
   Current serial number in output stream: 21079
   at: default_window_error_handler (platform/linuxbsd/x11/display_server_x11.cpp:1310)
ERROR: Unhandled XServer error: BadWindow (invalid Window parameter)
   Major opcode of failed request: 20
   Serial number of failed request: 0
   Current serial number in output stream: 21139
   at: default_window_error_handler (platform/linuxbsd/x11/display_server_x11.cpp:1310)
ERROR: Unhandled XServer error: BadWindow (invalid Window parameter)
   Major opcode of failed request: 20
   Serial number of failed request: 0
   Current serial number in output stream: 21193
   at: default_window_error_handler (platform/linuxbsd/x11/display_server_x11.cpp:1310)
ERROR: Unhandled XServer error: BadWindow (invalid Window parameter)
   Major opcode of failed request: 20
   Serial number of failed request: 0
   Current serial number in output stream: 21221
   at: default_window_error_handler (platform/linuxbsd/x11/display_server_x11.cpp:1310)
ERROR: Unhandled XServer error: BadWindow (invalid Window parameter)
   Major opcode of failed request: 20
   Serial number of failed request: 0
   Current serial number in output stream: 21249
   at: default_window_error_handler (platform/linuxbsd/x11/display_server_x11.cpp:1310)
ERROR: Unhandled XServer error: BadWindow (invalid Window parameter)
   Major opcode of failed request: 20
   Serial number of failed request: 0
   Current serial number in output stream: 21277
   at: default_window_error_handler (platform/linuxbsd/x11/display_server_x11.cpp:1310)
ERROR: Unhandled XServer error: BadWindow (invalid Window parameter)
   Major opcode of failed request: 20
   Serial number of failed request: 0
   Current serial number in output stream: 21305
   at: default_window_error_handler (platform/linuxbsd/x11/display_server_x11.cpp:1310)
ERROR: Unhandled XServer error: BadWindow (invalid Window parameter)
   Major opcode of failed request: 20
   Serial number of failed request: 0
   Current serial number in output stream: 21333
   at: default_window_error_handler (platform/linuxbsd/x11/display_server_x11.cpp:1310)
ERROR: Unhandled XServer error: BadWindow (invalid Window parameter)
   Major opcode of failed request: 20
   Serial number of failed request: 0
   Current serial number in output stream: 21361
   at: default_window_error_handler (platform/linuxbsd/x11/display_server_x11.cpp:1310)
ERROR: Unhandled XServer error: BadWindow (invalid Window parameter)
   Major opcode of failed request: 20
   Serial number of failed request: 0
   Current serial number in output stream: 21415
   at: default_window_error_handler (platform/linuxbsd/x11/display_server_x11.cpp:1310)
ERROR: Unhandled XServer error: BadWindow (invalid Window parameter)
   Major opcode of failed request: 20
   Serial number of failed request: 0
   Current serial number in output stream: 21475
   at: default_window_error_handler (platform/linuxbsd/x11/display_server_x11.cpp:1310)
ERROR: Unhandled XServer error: BadWindow (invalid Window parameter)
   Major opcode of failed request: 20
   Serial number of failed request: 0
   Current serial number in output stream: 21537
   at: default_window_error_handler (platform/linuxbsd/x11/display_server_x11.cpp:1310)
ERROR: Unhandled XServer error: BadWindow (invalid Window parameter)
   Major opcode of failed request: 20
   Serial number of failed request: 0
   Current serial number in output stream: 21569
   at: default_window_error_handler (platform/linuxbsd/x11/display_server_x11.cpp:1310)
ERROR: Unhandled XServer error: BadWindow (invalid Window parameter)
   Major opcode of failed request: 20
   Serial number of failed request: 0
   Current serial number in output stream: 21597
   at: default_window_error_handler (platform/linuxbsd/x11/display_server_x11.cpp:1310)
ERROR: Unhandled XServer error: BadWindow (invalid Window parameter)
   Major opcode of failed request: 20
   Serial number of failed request: 0
   Current serial number in output stream: 21625
   at: default_window_error_handler (platform/linuxbsd/x11/display_server_x11.cpp:1310)
ERROR: Unhandled XServer error: BadWindow (invalid Window parameter)
   Major opcode of failed request: 20
   Serial number of failed request: 0
   Current serial number in output stream: 21653
   at: default_window_error_handler (platform/linuxbsd/x11/display_server_x11.cpp:1310)
ERROR: Unhandled XServer error: BadWindow (invalid Window parameter)
   Major opcode of failed request: 20
   Serial number of failed request: 0
   Current serial number in output stream: 21681
   at: default_window_error_handler (platform/linuxbsd/x11/display_server_x11.cpp:1310)
ERROR: Unhandled XServer error: BadWindow (invalid Window parameter)
   Major opcode of failed request: 20
   Serial number of failed request: 0
   Current serial number in output stream: 21709
   at: default_window_error_handler (platform/linuxbsd/x11/display_server_x11.cpp:1310)
ERROR: Unhandled XServer error: BadWindow (invalid Window parameter)
   Major opcode of failed request: 20
   Serial number of failed request: 0
   Current serial number in output stream: 21737
   at: default_window_error_handler (platform/linuxbsd/x11/display_server_x11.cpp:1310)
ERROR: Unhandled XServer error: BadWindow (invalid Window parameter)
   Major opcode of failed request: 20
   Serial number of failed request: 0
   Current serial number in output stream: 21765
   at: default_window_error_handler (platform/linuxbsd/x11/display_server_x11.cpp:1310)
ERROR: Unhandled XServer error: BadWindow (invalid Window parameter)
   Major opcode of failed request: 20
   Serial number of failed request: 0
   Current serial number in output stream: 21819
   at: default_window_error_handler (platform/linuxbsd/x11/display_server_x11.cpp:1310)
ERROR: Unhandled XServer error: BadWindow (invalid Window parameter)
   Major opcode of failed request: 20
   Serial number of failed request: 0
   Current serial number in output stream: 21879
   at: default_window_error_handler (platform/linuxbsd/x11/display_server_x11.cpp:1310)
ERROR: Unhandled XServer error: BadWindow (invalid Window parameter)
   Major opcode of failed request: 20
   Serial number of failed request: 0
   Current serial number in output stream: 21933
   at: default_window_error_handler (platform/linuxbsd/x11/display_server_x11.cpp:1310)
ERROR: Unhandled XServer error: BadWindow (invalid Window parameter)
   Major opcode of failed request: 20
   Serial number of failed request: 0
   Current serial number in output stream: 21961
   at: default_window_error_handler (platform/linuxbsd/x11/display_server_x11.cpp:1310)
ERROR: Unhandled XServer error: BadWindow (invalid Window parameter)
   Major opcode of failed request: 20
   Serial number of failed request: 0
   Current serial number in output stream: 21989
   at: default_window_error_handler (platform/linuxbsd/x11/display_server_x11.cpp:1310)
ERROR: Unhandled XServer error: BadWindow (invalid Window parameter)
   Major opcode of failed request: 20
   Serial number of failed request: 0
   Current serial number in output stream: 22017
   at: default_window_error_handler (platform/linuxbsd/x11/display_server_x11.cpp:1310)
ERROR: Unhandled XServer error: BadWindow (invalid Window parameter)
   Major opcode of failed request: 20
   Serial number of failed request: 0
   Current serial number in output stream: 22045
   at: default_window_error_handler (platform/linuxbsd/x11/display_server_x11.cpp:1310)
ERROR: Unhandled XServer error: BadWindow (invalid Window parameter)
   Major opcode of failed request: 20
   Serial number of failed request: 0
   Current serial number in output stream: 22073
   at: default_window_error_handler (platform/linuxbsd/x11/display_server_x11.cpp:1310)
ERROR: Unhandled XServer error: BadWindow (invalid Window parameter)
   Major opcode of failed request: 20
   Serial number of failed request: 0
   Current serial number in output stream: 22101
   at: default_window_error_handler (platform/linuxbsd/x11/display_server_x11.cpp:1310)
ERROR: Unhandled XServer error: BadWindow (invalid Window parameter)
   Major opcode of failed request: 20
   Serial number of failed request: 0
   Current serial number in output stream: 22129
   at: default_window_error_handler (platform/linuxbsd/x11/display_server_x11.cpp:1310)
ERROR: Unhandled XServer error: BadWindow (invalid Window parameter)
   Major opcode of failed request: 20
   Serial number of failed request: 0
   Current serial number in output stream: 22157
   at: default_window_error_handler (platform/linuxbsd/x11/display_server_x11.cpp:1310)
ERROR: Unhandled XServer error: BadWindow (invalid Window parameter)
   Major opcode of failed request: 20
   Serial number of failed request: 0
   Current serial number in output stream: 22211
   at: default_window_error_handler (platform/linuxbsd/x11/display_server_x11.cpp:1310)
ERROR: Unhandled XServer error: BadWindow (invalid Window parameter)
   Major opcode of failed request: 20
   Serial number of failed request: 0
   Current serial number in output stream: 22265
   at: default_window_error_handler (platform/linuxbsd/x11/display_server_x11.cpp:1310)
ERROR: Unhandled XServer error: BadWindow (invalid Window parameter)
   Major opcode of failed request: 20
   Serial number of failed request: 0
   Current serial number in output stream: 22301
   at: default_window_error_handler (platform/linuxbsd/x11/display_server_x11.cpp:1310)
ERROR: Unhandled XServer error: BadWindow (invalid Window parameter)
   Major opcode of failed request: 20
   Serial number of failed request: 0
   Current serial number in output stream: 22355
   at: default_window_error_handler (platform/linuxbsd/x11/display_server_x11.cpp:1310)
ERROR: Unhandled XServer error: BadWindow (invalid Window parameter)
   Major opcode of failed request: 20
   Serial number of failed request: 0
   Current serial number in output stream: 22383
   at: default_window_error_handler (platform/linuxbsd/x11/display_server_x11.cpp:1310)
ERROR: Unhandled XServer error: BadWindow (invalid Window parameter)
   Major opcode of failed request: 20
   Serial number of failed request: 0
   Current serial number in output stream: 22411
   at: default_window_error_handler (platform/linuxbsd/x11/display_server_x11.cpp:1310)
ERROR: Unhandled XServer error: BadWindow (invalid Window parameter)
   Major opcode of failed request: 20
   Serial number of failed request: 0
   Current serial number in output stream: 22439
   at: default_window_error_handler (platform/linuxbsd/x11/display_server_x11.cpp:1310)
ERROR: Unhandled XServer error: BadWindow (invalid Window parameter)
   Major opcode of failed request: 20
   Serial number of failed request: 0
   Current serial number in output stream: 22467
   at: default_window_error_handler (platform/linuxbsd/x11/display_server_x11.cpp:1310)
ERROR: Unhandled XServer error: BadWindow (invalid Window parameter)
   Major opcode of failed request: 20
   Serial number of failed request: 0
   Current serial number in output stream: 22495
   at: default_window_error_handler (platform/linuxbsd/x11/display_server_x11.cpp:1310)
ERROR: Unhandled XServer error: BadWindow (invalid Window parameter)
   Major opcode of failed request: 20
   Serial number of failed request: 0
   Current serial number in output stream: 22523
   at: default_window_error_handler (platform/linuxbsd/x11/display_server_x11.cpp:1310)
ERROR: Unhandled XServer error: BadWindow (invalid Window parameter)
   Major opcode of failed request: 20
   Serial number of failed request: 0
   Current serial number in output stream: 22577
   at: default_window_error_handler (platform/linuxbsd/x11/display_server_x11.cpp:1310)
ERROR: Unhandled XServer error: BadWindow (invalid Window parameter)
   Major opcode of failed request: 20
   Serial number of failed request: 0
   Current serial number in output stream: 22631
   at: default_window_error_handler (platform/linuxbsd/x11/display_server_x11.cpp:1310)
ERROR: Unhandled XServer error: BadWindow (invalid Window parameter)
   Major opcode of failed request: 20
   Serial number of failed request: 0
   Current serial number in output stream: 22679
   at: default_window_error_handler (platform/linuxbsd/x11/display_server_x11.cpp:1310)
ERROR: Unhandled XServer error: BadWindow (invalid Window parameter)
   Major opcode of failed request: 20
   Serial number of failed request: 0
   Current serial number in output stream: 22711
   at: default_window_error_handler (platform/linuxbsd/x11/display_server_x11.cpp:1310)
ERROR: Unhandled XServer error: BadWindow (invalid Window parameter)
   Major opcode of failed request: 20
   Serial number of failed request: 0
   Current serial number in output stream: 22739
   at: default_window_error_handler (platform/linuxbsd/x11/display_server_x11.cpp:1310)
ERROR: Unhandled XServer error: BadWindow (invalid Window parameter)
   Major opcode of failed request: 20
   Serial number of failed request: 0
   Current serial number in output stream: 22767
   at: default_window_error_handler (platform/linuxbsd/x11/display_server_x11.cpp:1310)
ERROR: Unhandled XServer error: BadWindow (invalid Window parameter)
   Major opcode of failed request: 20
   Serial number of failed request: 0
   Current serial number in output stream: 22795
   at: default_window_error_handler (platform/linuxbsd/x11/display_server_x11.cpp:1310)
ERROR: Unhandled XServer error: BadWindow (invalid Window parameter)
   Major opcode of failed request: 20
   Serial number of failed request: 0
   Current serial number in output stream: 22823
   at: default_window_error_handler (platform/linuxbsd/x11/display_server_x11.cpp:1310)
ERROR: Unhandled XServer error: BadWindow (invalid Window parameter)
   Major opcode of failed request: 20
   Serial number of failed request: 0
   Current serial number in output stream: 22851
   at: default_window_error_handler (platform/linuxbsd/x11/display_server_x11.cpp:1310)
ERROR: Unhandled XServer error: BadWindow (invalid Window parameter)
   Major opcode of failed request: 20
   Serial number of failed request: 0
   Current serial number in output stream: 22879
   at: default_window_error_handler (platform/linuxbsd/x11/display_server_x11.cpp:1310)
ERROR: Unhandled XServer error: BadWindow (invalid Window parameter)
   Major opcode of failed request: 20
   Serial number of failed request: 0
   Current serial number in output stream: 22907
   at: default_window_error_handler (platform/linuxbsd/x11/display_server_x11.cpp:1310)
ERROR: Unhandled XServer error: BadWindow (invalid Window parameter)
   Major opcode of failed request: 20
   Serial number of failed request: 0
   Current serial number in output stream: 22951
   at: default_window_error_handler (platform/linuxbsd/x11/display_server_x11.cpp:1310)
ERROR: Unhandled XServer error: BadWindow (invalid Window parameter)
   Major opcode of failed request: 20
   Serial number of failed request: 0
   Current serial number in output stream: 23005
   at: default_window_error_handler (platform/linuxbsd/x11/display_server_x11.cpp:1310)
ERROR: Unhandled XServer error: BadWindow (invalid Window parameter)
   Major opcode of failed request: 20
   Serial number of failed request: 0
   Current serial number in output stream: 23053
   at: default_window_error_handler (platform/linuxbsd/x11/display_server_x11.cpp:1310)
ERROR: Unhandled XServer error: BadWindow (invalid Window parameter)
   Major opcode of failed request: 20
   Serial number of failed request: 0
   Current serial number in output stream: 23107
   at: default_window_error_handler (platform/linuxbsd/x11/display_server_x11.cpp:1310)
ERROR: Unhandled XServer error: BadWindow (invalid Window parameter)
   Major opcode of failed request: 20
   Serial number of failed request: 0
   Current serial number in output stream: 23135
   at: default_window_error_handler (platform/linuxbsd/x11/display_server_x11.cpp:1310)
ERROR: Unhandled XServer error: BadWindow (invalid Window parameter)
   Major opcode of failed request: 20
   Serial number of failed request: 0
   Current serial number in output stream: 23163
   at: default_window_error_handler (platform/linuxbsd/x11/display_server_x11.cpp:1310)
ERROR: Unhandled XServer error: BadWindow (invalid Window parameter)
   Major opcode of failed request: 20
   Serial number of failed request: 0
   Current serial number in output stream: 23191
   at: default_window_error_handler (platform/linuxbsd/x11/display_server_x11.cpp:1310)
ERROR: Unhandled XServer error: BadWindow (invalid Window parameter)
   Major opcode of failed request: 20
   Serial number of failed request: 0
   Current serial number in output stream: 23219
   at: default_window_error_handler (platform/linuxbsd/x11/display_server_x11.cpp:1310)
ERROR: Unhandled XServer error: BadWindow (invalid Window parameter)
   Major opcode of failed request: 20
   Serial number of failed request: 0
   Current serial number in output stream: 23247
   at: default_window_error_handler (platform/linuxbsd/x11/display_server_x11.cpp:1310)
ERROR: Unhandled XServer error: BadWindow (invalid Window parameter)
   Major opcode of failed request: 20
   Serial number of failed request: 0
   Current serial number in output stream: 23275
   at: default_window_error_handler (platform/linuxbsd/x11/display_server_x11.cpp:1310)
ERROR: Unhandled XServer error: BadWindow (invalid Window parameter)
   Major opcode of failed request: 20
   Serial number of failed request: 0
   Current serial number in output stream: 23303
   at: default_window_error_handler (platform/linuxbsd/x11/display_server_x11.cpp:1310)
ERROR: Unhandled XServer error: BadWindow (invalid Window parameter)
   Major opcode of failed request: 20
   Serial number of failed request: 0
   Current serial number in output stream: 23357
   at: default_window_error_handler (platform/linuxbsd/x11/display_server_x11.cpp:1310)
ERROR: Unhandled XServer error: BadWindow (invalid Window parameter)
   Major opcode of failed request: 20
   Serial number of failed request: 0
   Current serial number in output stream: 23385
   at: default_window_error_handler (platform/linuxbsd/x11/display_server_x11.cpp:1310)
ERROR: Unhandled XServer error: BadWindow (invalid Window parameter)
   Major opcode of failed request: 20
   Serial number of failed request: 0
   Current serial number in output stream: 23445
   at: default_window_error_handler (platform/linuxbsd/x11/display_server_x11.cpp:1310)
ERROR: Unhandled XServer error: BadWindow (invalid Window parameter)
   Major opcode of failed request: 20
   Serial number of failed request: 0
   Current serial number in output stream: 23499
   at: default_window_error_handler (platform/linuxbsd/x11/display_server_x11.cpp:1310)
ERROR: Unhandled XServer error: BadWindow (invalid Window parameter)
   Major opcode of failed request: 20
   Serial number of failed request: 0
   Current serial number in output stream: 23527
   at: default_window_error_handler (platform/linuxbsd/x11/display_server_x11.cpp:1310)
ERROR: Unhandled XServer error: BadWindow (invalid Window parameter)
   Major opcode of failed request: 20
   Serial number of failed request: 0
   Current serial number in output stream: 23555
   at: default_window_error_handler (platform/linuxbsd/x11/display_server_x11.cpp:1310)
ERROR: Unhandled XServer error: BadWindow (invalid Window parameter)
   Major opcode of failed request: 20
   Serial number of failed request: 0
   Current serial number in output stream: 23583
   at: default_window_error_handler (platform/linuxbsd/x11/display_server_x11.cpp:1310)
ERROR: Unhandled XServer error: BadWindow (invalid Window parameter)
   Major opcode of failed request: 20
   Serial number of failed request: 0
   Current serial number in output stream: 23611
   at: default_window_error_handler (platform/linuxbsd/x11/display_server_x11.cpp:1310)
ERROR: Unhandled XServer error: BadWindow (invalid Window parameter)
   Major opcode of failed request: 20
   Serial number of failed request: 0
   Current serial number in output stream: 23639
   at: default_window_error_handler (platform/linuxbsd/x11/display_server_x11.cpp:1310)
ERROR: Unhandled XServer error: BadWindow (invalid Window parameter)
   Major opcode of failed request: 20
   Serial number of failed request: 0
   Current serial number in output stream: 23667
   at: default_window_error_handler (platform/linuxbsd/x11/display_server_x11.cpp:1310)
ERROR: Unhandled XServer error: BadWindow (invalid Window parameter)
   Major opcode of failed request: 20
   Serial number of failed request: 0
   Current serial number in output stream: 23721
   at: default_window_error_handler (platform/linuxbsd/x11/display_server_x11.cpp:1310)
ERROR: Unhandled XServer error: BadWindow (invalid Window parameter)
   Major opcode of failed request: 20
   Serial number of failed request: 0
   Current serial number in output stream: 23775
   at: default_window_error_handler (platform/linuxbsd/x11/display_server_x11.cpp:1310)
ERROR: Unhandled XServer error: BadWindow (invalid Window parameter)
   Major opcode of failed request: 20
   Serial number of failed request: 0
   Current serial number in output stream: 23811
   at: default_window_error_handler (platform/linuxbsd/x11/display_server_x11.cpp:1310)
ERROR: Unhandled XServer error: BadWindow (invalid Window parameter)
   Major opcode of failed request: 20
   Serial number of failed request: 0
   Current serial number in output stream: 23865
   at: default_window_error_handler (platform/linuxbsd/x11/display_server_x11.cpp:1310)
ERROR: Unhandled XServer error: BadWindow (invalid Window parameter)
   Major opcode of failed request: 20
   Serial number of failed request: 0
   Current serial number in output stream: 23893
   at: default_window_error_handler (platform/linuxbsd/x11/display_server_x11.cpp:1310)
ERROR: Unhandled XServer error: BadWindow (invalid Window parameter)
   Major opcode of failed request: 20
   Serial number of failed request: 0
   Current serial number in output stream: 23921
   at: default_window_error_handler (platform/linuxbsd/x11/display_server_x11.cpp:1310)
ERROR: Unhandled XServer error: BadWindow (invalid Window parameter)
   Major opcode of failed request: 20
   Serial number of failed request: 0
   Current serial number in output stream: 23949
   at: default_window_error_handler (platform/linuxbsd/x11/display_server_x11.cpp:1310)
ERROR: Unhandled XServer error: BadWindow (invalid Window parameter)
   Major opcode of failed request: 20
   Serial number of failed request: 0
   Current serial number in output stream: 23977
   at: default_window_error_handler (platform/linuxbsd/x11/display_server_x11.cpp:1310)
ERROR: Unhandled XServer error: BadWindow (invalid Window parameter)
   Major opcode of failed request: 20
   Serial number of failed request: 0
   Current serial number in output stream: 24005
   at: default_window_error_handler (platform/linuxbsd/x11/display_server_x11.cpp:1310)
ERROR: Unhandled XServer error: BadWindow (invalid Window parameter)
   Major opcode of failed request: 20
   Serial number of failed request: 0
   Current serial number in output stream: 24033
   at: default_window_error_handler (platform/linuxbsd/x11/display_server_x11.cpp:1310)
ERROR: Unhandled XServer error: BadWindow (invalid Window parameter)
   Major opcode of failed request: 20
   Serial number of failed request: 0
   Current serial number in output stream: 24087
   at: default_window_error_handler (platform/linuxbsd/x11/display_server_x11.cpp:1310)
ERROR: Unhandled XServer error: BadWindow (invalid Window parameter)
   Major opcode of failed request: 20
   Serial number of failed request: 0
   Current serial number in output stream: 24115
   at: default_window_error_handler (platform/linuxbsd/x11/display_server_x11.cpp:1310)
ERROR: Unhandled XServer error: BadWindow (invalid Window parameter)
   Major opcode of failed request: 20
   Serial number of failed request: 0
   Current serial number in output stream: 24171
   at: default_window_error_handler (platform/linuxbsd/x11/display_server_x11.cpp:1310)
ERROR: Unhandled XServer error: BadWindow (invalid Window parameter)
   Major opcode of failed request: 20
   Serial number of failed request: 0
   Current serial number in output stream: 24225
   at: default_window_error_handler (platform/linuxbsd/x11/display_server_x11.cpp:1310)
ERROR: Unhandled XServer error: BadWindow (invalid Window parameter)
   Major opcode of failed request: 20
   Serial number of failed request: 0
   Current serial number in output stream: 24253
   at: default_window_error_handler (platform/linuxbsd/x11/display_server_x11.cpp:1310)
ERROR: Unhandled XServer error: BadWindow (invalid Window parameter)
   Major opcode of failed request: 20
   Serial number of failed request: 0
   Current serial number in output stream: 24281
   at: default_window_error_handler (platform/linuxbsd/x11/display_server_x11.cpp:1310)
ERROR: Unhandled XServer error: BadWindow (invalid Window parameter)
   Major opcode of failed request: 20
   Serial number of failed request: 0
   Current serial number in output stream: 24309
   at: default_window_error_handler (platform/linuxbsd/x11/display_server_x11.cpp:1310)
ERROR: Unhandled XServer error: BadWindow (invalid Window parameter)
   Major opcode of failed request: 20
   Serial number of failed request: 0
   Current serial number in output stream: 24337
   at: default_window_error_handler (platform/linuxbsd/x11/display_server_x11.cpp:1310)
ERROR: Unhandled XServer error: BadWindow (invalid Window parameter)
   Major opcode of failed request: 20
   Serial number of failed request: 0
   Current serial number in output stream: 24365
   at: default_window_error_handler (platform/linuxbsd/x11/display_server_x11.cpp:1310)
ERROR: Unhandled XServer error: BadWindow (invalid Window parameter)
   Major opcode of failed request: 20
   Serial number of failed request: 0
   Current serial number in output stream: 24393
   at: default_window_error_handler (platform/linuxbsd/x11/display_server_x11.cpp:1310)
ERROR: Unhandled XServer error: BadWindow (invalid Window parameter)
   Major opcode of failed request: 20
   Serial number of failed request: 0
   Current serial number in output stream: 24447
   at: default_window_error_handler (platform/linuxbsd/x11/display_server_x11.cpp:1310)
ERROR: Unhandled XServer error: BadWindow (invalid Window parameter)
   Major opcode of failed request: 20
   Serial number of failed request: 0
   Current serial number in output stream: 24501
   at: default_window_error_handler (platform/linuxbsd/x11/display_server_x11.cpp:1310)
ERROR: Unhandled XServer error: BadWindow (invalid Window parameter)
   Major opcode of failed request: 20
   Serial number of failed request: 0
   Current serial number in output stream: 24529
   at: default_window_error_handler (platform/linuxbsd/x11/display_server_x11.cpp:1310)
ERROR: Unhandled XServer error: BadWindow (invalid Window parameter)
   Major opcode of failed request: 20
   Serial number of failed request: 0
   Current serial number in output stream: 24557
   at: default_window_error_handler (platform/linuxbsd/x11/display_server_x11.cpp:1310)
ERROR: Unhandled XServer error: BadWindow (invalid Window parameter)
   Major opcode of failed request: 20
   Serial number of failed request: 0
   Current serial number in output stream: 24585
   at: default_window_error_handler (platform/linuxbsd/x11/display_server_x11.cpp:1310)
ERROR: Unhandled XServer error: BadWindow (invalid Window parameter)
   Major opcode of failed request: 20
   Serial number of failed request: 0
   Current serial number in output stream: 24613
   at: default_window_error_handler (platform/linuxbsd/x11/display_server_x11.cpp:1310)
ERROR: Unhandled XServer error: BadWindow (invalid Window parameter)
   Major opcode of failed request: 20
   Serial number of failed request: 0
   Current serial number in output stream: 24641
   at: default_window_error_handler (platform/linuxbsd/x11/display_server_x11.cpp:1310)
ERROR: Unhandled XServer error: BadWindow (invalid Window parameter)
   Major opcode of failed request: 20
   Serial number of failed request: 0
   Current serial number in output stream: 24669
   at: default_window_error_handler (platform/linuxbsd/x11/display_server_x11.cpp:1310)
ERROR: Unhandled XServer error: BadWindow (invalid Window parameter)
   Major opcode of failed request: 20
   Serial number of failed request: 0
   Current serial number in output stream: 24697
   at: default_window_error_handler (platform/linuxbsd/x11/display_server_x11.cpp:1310)
ERROR: Unhandled XServer error: BadWindow (invalid Window parameter)
   Major opcode of failed request: 20
   Serial number of failed request: 0
   Current serial number in output stream: 24725
   at: default_window_error_handler (platform/linuxbsd/x11/display_server_x11.cpp:1310)
ERROR: Unhandled XServer error: BadWindow (invalid Window parameter)
   Major opcode of failed request: 20
   Serial number of failed request: 0
   Current serial number in output stream: 24785
   at: default_window_error_handler (platform/linuxbsd/x11/display_server_x11.cpp:1310)
ERROR: Unhandled XServer error: BadWindow (invalid Window parameter)
   Major opcode of failed request: 20
   Serial number of failed request: 0
   Current serial number in output stream: 24839
   at: default_window_error_handler (platform/linuxbsd/x11/display_server_x11.cpp:1310)
ERROR: Unhandled XServer error: BadWindow (invalid Window parameter)
   Major opcode of failed request: 20
   Serial number of failed request: 0
   Current serial number in output stream: 24893
   at: default_window_error_handler (platform/linuxbsd/x11/display_server_x11.cpp:1310)
ERROR: Unhandled XServer error: BadWindow (invalid Window parameter)
   Major opcode of failed request: 20
   Serial number of failed request: 0
   Current serial number in output stream: 24921
   at: default_window_error_handler (platform/linuxbsd/x11/display_server_x11.cpp:1310)
ERROR: Unhandled XServer error: BadWindow (invalid Window parameter)
   Major opcode of failed request: 20
   Serial number of failed request: 0
   Current serial number in output stream: 24949
   at: default_window_error_handler (platform/linuxbsd/x11/display_server_x11.cpp:1310)
ERROR: Unhandled XServer error: BadWindow (invalid Window parameter)
   Major opcode of failed request: 20
   Serial number of failed request: 0
   Current serial number in output stream: 24977
   at: default_window_error_handler (platform/linuxbsd/x11/display_server_x11.cpp:1310)
ERROR: Unhandled XServer error: BadWindow (invalid Window parameter)
   Major opcode of failed request: 20
   Serial number of failed request: 0
   Current serial number in output stream: 25005
   at: default_window_error_handler (platform/linuxbsd/x11/display_server_x11.cpp:1310)
ERROR: Unhandled XServer error: BadWindow (invalid Window parameter)
   Major opcode of failed request: 20
   Serial number of failed request: 0
   Current serial number in output stream: 25033
   at: default_window_error_handler (platform/linuxbsd/x11/display_server_x11.cpp:1310)
ERROR: Unhandled XServer error: BadWindow (invalid Window parameter)
   Major opcode of failed request: 20
   Serial number of failed request: 0
   Current serial number in output stream: 25061
   at: default_window_error_handler (platform/linuxbsd/x11/display_server_x11.cpp:1310)
ERROR: Unhandled XServer error: BadWindow (invalid Window parameter)
   Major opcode of failed request: 20
   Serial number of failed request: 0
   Current serial number in output stream: 25089
   at: default_window_error_handler (platform/linuxbsd/x11/display_server_x11.cpp:1310)
ERROR: Unhandled XServer error: BadWindow (invalid Window parameter)
   Major opcode of failed request: 20
   Serial number of failed request: 0
   Current serial number in output stream: 25117
   at: default_window_error_handler (platform/linuxbsd/x11/display_server_x11.cpp:1310)
ERROR: Unhandled XServer error: BadWindow (invalid Window parameter)
   Major opcode of failed request: 20
   Serial number of failed request: 0
   Current serial number in output stream: 25145
   at: default_window_error_handler (platform/linuxbsd/x11/display_server_x11.cpp:1310)
ERROR: Unhandled XServer error: BadWindow (invalid Window parameter)
   Major opcode of failed request: 20
   Serial number of failed request: 0
   Current serial number in output stream: 25201
   at: default_window_error_handler (platform/linuxbsd/x11/display_server_x11.cpp:1310)
ERROR: Unhandled XServer error: BadWindow (invalid Window parameter)
   Major opcode of failed request: 20
   Serial number of failed request: 0
   Current serial number in output stream: 25233
   at: default_window_error_handler (platform/linuxbsd/x11/display_server_x11.cpp:1310)
ERROR: Unhandled XServer error: BadWindow (invalid Window parameter)
   Major opcode of failed request: 20
   Serial number of failed request: 0
   Current serial number in output stream: 25261
   at: default_window_error_handler (platform/linuxbsd/x11/display_server_x11.cpp:1310)
ERROR: Unhandled XServer error: BadWindow (invalid Window parameter)
   Major opcode of failed request: 20
   Serial number of failed request: 0
   Current serial number in output stream: 25289
   at: default_window_error_handler (platform/linuxbsd/x11/display_server_x11.cpp:1310)
ERROR: Unhandled XServer error: BadWindow (invalid Window parameter)
   Major opcode of failed request: 20
   Serial number of failed request: 0
   Current serial number in output stream: 25317
   at: default_window_error_handler (platform/linuxbsd/x11/display_server_x11.cpp:1310)
ERROR: Unhandled XServer error: BadWindow (invalid Window parameter)
   Major opcode of failed request: 20
   Serial number of failed request: 0
   Current serial number in output stream: 25345
   at: default_window_error_handler (platform/linuxbsd/x11/display_server_x11.cpp:1310)
ERROR: Unhandled XServer error: BadWindow (invalid Window parameter)
   Major opcode of failed request: 20
   Serial number of failed request: 0
   Current serial number in output stream: 25373
   at: default_window_error_handler (platform/linuxbsd/x11/display_server_x11.cpp:1310)
ERROR: Unhandled XServer error: BadWindow (invalid Window parameter)
   Major opcode of failed request: 20
   Serial number of failed request: 0
   Current serial number in output stream: 25401
   at: default_window_error_handler (platform/linuxbsd/x11/display_server_x11.cpp:1310)
ERROR: Unhandled XServer error: BadWindow (invalid Window parameter)
   Major opcode of failed request: 20
   Serial number of failed request: 0
   Current serial number in output stream: 25429
   at: default_window_error_handler (platform/linuxbsd/x11/display_server_x11.cpp:1310)
ERROR: Unhandled XServer error: BadWindow (invalid Window parameter)
   Major opcode of failed request: 20
   Serial number of failed request: 0
   Current serial number in output stream: 25457
   at: default_window_error_handler (platform/linuxbsd/x11/display_server_x11.cpp:1310)
ERROR: Unhandled XServer error: BadWindow (invalid Window parameter)
   Major opcode of failed request: 20
   Serial number of failed request: 0
   Current serial number in output stream: 25485
   at: default_window_error_handler (platform/linuxbsd/x11/display_server_x11.cpp:1310)
ERROR: Unhandled XServer error: BadWindow (invalid Window parameter)
   Major opcode of failed request: 20
   Serial number of failed request: 0
   Current serial number in output stream: 25513
   at: default_window_error_handler (platform/linuxbsd/x11/display_server_x11.cpp:1310)
ERROR: Unhandled XServer error: BadWindow (invalid Window parameter)
   Major opcode of failed request: 20
   Serial number of failed request: 0
   Current serial number in output stream: 25545
   at: default_window_error_handler (platform/linuxbsd/x11/display_server_x11.cpp:1310)
ERROR: Unhandled XServer error: BadWindow (invalid Window parameter)
   Major opcode of failed request: 20
   Serial number of failed request: 0
   Current serial number in output stream: 25573
   at: default_window_error_handler (platform/linuxbsd/x11/display_server_x11.cpp:1310)
ERROR: Unhandled XServer error: BadWindow (invalid Window parameter)
   Major opcode of failed request: 20
   Serial number of failed request: 0
   Current serial number in output stream: 25601
   at: default_window_error_handler (platform/linuxbsd/x11/display_server_x11.cpp:1310)
ERROR: Unhandled XServer error: BadWindow (invalid Window parameter)
   Major opcode of failed request: 20
   Serial number of failed request: 0
   Current serial number in output stream: 25629
   at: default_window_error_handler (platform/linuxbsd/x11/display_server_x11.cpp:1310)
ERROR: Unhandled XServer error: BadWindow (invalid Window parameter)
   Major opcode of failed request: 20
   Serial number of failed request: 0
   Current serial number in output stream: 25657
   at: default_window_error_handler (platform/linuxbsd/x11/display_server_x11.cpp:1310)
ERROR: Unhandled XServer error: BadWindow (invalid Window parameter)
   Major opcode of failed request: 20
   Serial number of failed request: 0
   Current serial number in output stream: 25685
   at: default_window_error_handler (platform/linuxbsd/x11/display_server_x11.cpp:1310)
ERROR: Unhandled XServer error: BadWindow (invalid Window parameter)
   Major opcode of failed request: 20
   Serial number of failed request: 0
   Current serial number in output stream: 25713
   at: default_window_error_handler (platform/linuxbsd/x11/display_server_x11.cpp:1310)
ERROR: Unhandled XServer error: BadWindow (invalid Window parameter)
   Major opcode of failed request: 20
   Serial number of failed request: 0
   Current serial number in output stream: 25741
   at: default_window_error_handler (platform/linuxbsd/x11/display_server_x11.cpp:1310)
ERROR: Unhandled XServer error: BadWindow (invalid Window parameter)
   Major opcode of failed request: 20
   Serial number of failed request: 0
   Current serial number in output stream: 25789
   at: default_window_error_handler (platform/linuxbsd/x11/display_server_x11.cpp:1310)
ERROR: Unhandled XServer error: BadWindow (invalid Window parameter)
   Major opcode of failed request: 20
   Serial number of failed request: 0
   Current serial number in output stream: 25845
   at: default_window_error_handler (platform/linuxbsd/x11/display_server_x11.cpp:1310)
ERROR: Unhandled XServer error: BadWindow (invalid Window parameter)
   Major opcode of failed request: 20
   Serial number of failed request: 0
   Current serial number in output stream: 25901
   at: default_window_error_handler (platform/linuxbsd/x11/display_server_x11.cpp:1310)
ERROR: Unhandled XServer error: BadWindow (invalid Window parameter)
   Major opcode of failed request: 20
   Serial number of failed request: 0
   Current serial number in output stream: 25945
   at: default_window_error_handler (platform/linuxbsd/x11/display_server_x11.cpp:1310)
ERROR: Unhandled XServer error: BadWindow (invalid Window parameter)
   Major opcode of failed request: 20
   Serial number of failed request: 0
   Current serial number in output stream: 25973
   at: default_window_error_handler (platform/linuxbsd/x11/display_server_x11.cpp:1310)
ERROR: Unhandled XServer error: BadWindow (invalid Window parameter)
   Major opcode of failed request: 20
   Serial number of failed request: 0
   Current serial number in output stream: 26001
   at: default_window_error_handler (platform/linuxbsd/x11/display_server_x11.cpp:1310)
ERROR: Unhandled XServer error: BadWindow (invalid Window parameter)
   Major opcode of failed request: 20
   Serial number of failed request: 0
   Current serial number in output stream: 26029
   at: default_window_error_handler (platform/linuxbsd/x11/display_server_x11.cpp:1310)
ERROR: Unhandled XServer error: BadWindow (invalid Window parameter)
   Major opcode of failed request: 20
   Serial number of failed request: 0
   Current serial number in output stream: 26057
   at: default_window_error_handler (platform/linuxbsd/x11/display_server_x11.cpp:1310)
ERROR: Unhandled XServer error: BadWindow (invalid Window parameter)
   Major opcode of failed request: 20
   Serial number of failed request: 0
   Current serial number in output stream: 26085
   at: default_window_error_handler (platform/linuxbsd/x11/display_server_x11.cpp:1310)
ERROR: Unhandled XServer error: BadWindow (invalid Window parameter)
   Major opcode of failed request: 20
   Serial number of failed request: 0
   Current serial number in output stream: 26113
   at: default_window_error_handler (platform/linuxbsd/x11/display_server_x11.cpp:1310)
ERROR: Unhandled XServer error: BadWindow (invalid Window parameter)
   Major opcode of failed request: 20
   Serial number of failed request: 0
   Current serial number in output stream: 26141
   at: default_window_error_handler (platform/linuxbsd/x11/display_server_x11.cpp:1310)
ERROR: Unhandled XServer error: BadWindow (invalid Window parameter)
   Major opcode of failed request: 20
   Serial number of failed request: 0
   Current serial number in output stream: 26169
   at: default_window_error_handler (platform/linuxbsd/x11/display_server_x11.cpp:1310)
ERROR: Unhandled XServer error: BadWindow (invalid Window parameter)
   Major opcode of failed request: 20
   Serial number of failed request: 0
   Current serial number in output stream: 26197
   at: default_window_error_handler (platform/linuxbsd/x11/display_server_x11.cpp:1310)
ERROR: Unhandled XServer error: BadWindow (invalid Window parameter)
   Major opcode of failed request: 20
   Serial number of failed request: 0
   Current serial number in output stream: 26249
   at: default_window_error_handler (platform/linuxbsd/x11/display_server_x11.cpp:1310)
ERROR: Unhandled XServer error: BadWindow (invalid Window parameter)
   Major opcode of failed request: 20
   Serial number of failed request: 0
   Current serial number in output stream: 26297
   at: default_window_error_handler (platform/linuxbsd/x11/display_server_x11.cpp:1310)
ERROR: Unhandled XServer error: BadWindow (invalid Window parameter)
   Major opcode of failed request: 20
   Serial number of failed request: 0
   Current serial number in output stream: 26351
   at: default_window_error_handler (platform/linuxbsd/x11/display_server_x11.cpp:1310)
ERROR: Unhandled XServer error: BadWindow (invalid Window parameter)
   Major opcode of failed request: 20
   Serial number of failed request: 0
   Current serial number in output stream: 26379
   at: default_window_error_handler (platform/linuxbsd/x11/display_server_x11.cpp:1310)
ERROR: Unhandled XServer error: BadWindow (invalid Window parameter)
   Major opcode of failed request: 20
   Serial number of failed request: 0
   Current serial number in output stream: 26407
   at: default_window_error_handler (platform/linuxbsd/x11/display_server_x11.cpp:1310)
ERROR: Unhandled XServer error: BadWindow (invalid Window parameter)
   Major opcode of failed request: 20
   Serial number of failed request: 0
   Current serial number in output stream: 26435
   at: default_window_error_handler (platform/linuxbsd/x11/display_server_x11.cpp:1310)
ERROR: Unhandled XServer error: BadWindow (invalid Window parameter)
   Major opcode of failed request: 20
   Serial number of failed request: 0
   Current serial number in output stream: 26463
   at: default_window_error_handler (platform/linuxbsd/x11/display_server_x11.cpp:1310)
ERROR: Unhandled XServer error: BadWindow (invalid Window parameter)
   Major opcode of failed request: 20
   Serial number of failed request: 0
   Current serial number in output stream: 26491
   at: default_window_error_handler (platform/linuxbsd/x11/display_server_x11.cpp:1310)
ERROR: Unhandled XServer error: BadWindow (invalid Window parameter)
   Major opcode of failed request: 20
   Serial number of failed request: 0
   Current serial number in output stream: 26545
   at: default_window_error_handler (platform/linuxbsd/x11/display_server_x11.cpp:1310)
ERROR: Unhandled XServer error: BadWindow (invalid Window parameter)
   Major opcode of failed request: 20
   Serial number of failed request: 0
   Current serial number in output stream: 26573
   at: default_window_error_handler (platform/linuxbsd/x11/display_server_x11.cpp:1310)
ERROR: Unhandled XServer error: BadWindow (invalid Window parameter)
   Major opcode of failed request: 20
   Serial number of failed request: 0
   Current serial number in output stream: 26627
   at: default_window_error_handler (platform/linuxbsd/x11/display_server_x11.cpp:1310)
ERROR: Unhandled XServer error: BadWindow (invalid Window parameter)
   Major opcode of failed request: 20
   Serial number of failed request: 0
   Current serial number in output stream: 26683
   at: default_window_error_handler (platform/linuxbsd/x11/display_server_x11.cpp:1310)
ERROR: Unhandled XServer error: BadWindow (invalid Window parameter)
   Major opcode of failed request: 20
   Serial number of failed request: 0
   Current serial number in output stream: 26715
   at: default_window_error_handler (platform/linuxbsd/x11/display_server_x11.cpp:1310)
ERROR: Unhandled XServer error: BadWindow (invalid Window parameter)
   Major opcode of failed request: 20
   Serial number of failed request: 0
   Current serial number in output stream: 26743
   at: default_window_error_handler (platform/linuxbsd/x11/display_server_x11.cpp:1310)
ERROR: Unhandled XServer error: BadWindow (invalid Window parameter)
   Major opcode of failed request: 20
   Serial number of failed request: 0
   Current serial number in output stream: 26771
   at: default_window_error_handler (platform/linuxbsd/x11/display_server_x11.cpp:1310)
ERROR: Unhandled XServer error: BadWindow (invalid Window parameter)
   Major opcode of failed request: 20
   Serial number of failed request: 0
   Current serial number in output stream: 26799
   at: default_window_error_handler (platform/linuxbsd/x11/display_server_x11.cpp:1310)
ERROR: Unhandled XServer error: BadWindow (invalid Window parameter)
   Major opcode of failed request: 20
   Serial number of failed request: 0
   Current serial number in output stream: 26827
   at: default_window_error_handler (platform/linuxbsd/x11/display_server_x11.cpp:1310)
ERROR: Unhandled XServer error: BadWindow (invalid Window parameter)
   Major opcode of failed request: 20
   Serial number of failed request: 0
   Current serial number in output stream: 26855
   at: default_window_error_handler (platform/linuxbsd/x11/display_server_x11.cpp:1310)
ERROR: Unhandled XServer error: BadWindow (invalid Window parameter)
   Major opcode of failed request: 20
   Serial number of failed request: 0
   Current serial number in output stream: 26883
   at: default_window_error_handler (platform/linuxbsd/x11/display_server_x11.cpp:1310)
ERROR: Unhandled XServer error: BadWindow (invalid Window parameter)
   Major opcode of failed request: 20
   Serial number of failed request: 0
   Current serial number in output stream: 26911
   at: default_window_error_handler (platform/linuxbsd/x11/display_server_x11.cpp:1310)
ERROR: Unhandled XServer error: BadWindow (invalid Window parameter)
   Major opcode of failed request: 20
   Serial number of failed request: 0
   Current serial number in output stream: 26951
   at: default_window_error_handler (platform/linuxbsd/x11/display_server_x11.cpp:1310)
ERROR: Unhandled XServer error: BadWindow (invalid Window parameter)
   Major opcode of failed request: 20
   Serial number of failed request: 0
   Current serial number in output stream: 27005
   at: default_window_error_handler (platform/linuxbsd/x11/display_server_x11.cpp:1310)
ERROR: Unhandled XServer error: BadWindow (invalid Window parameter)
   Major opcode of failed request: 20
   Serial number of failed request: 0
   Current serial number in output stream: 27061
   at: default_window_error_handler (platform/linuxbsd/x11/display_server_x11.cpp:1310)
ERROR: Unhandled XServer error: BadWindow (invalid Window parameter)
   Major opcode of failed request: 20
   Serial number of failed request: 0
   Current serial number in output stream: 27115
   at: default_window_error_handler (platform/linuxbsd/x11/display_server_x11.cpp:1310)
ERROR: Unhandled XServer error: BadWindow (invalid Window parameter)
   Major opcode of failed request: 20
   Serial number of failed request: 0
   Current serial number in output stream: 27143
   at: default_window_error_handler (platform/linuxbsd/x11/display_server_x11.cpp:1310)
ERROR: Unhandled XServer error: BadWindow (invalid Window parameter)
   Major opcode of failed request: 20
   Serial number of failed request: 0
   Current serial number in output stream: 27171
   at: default_window_error_handler (platform/linuxbsd/x11/display_server_x11.cpp:1310)
ERROR: Unhandled XServer error: BadWindow (invalid Window parameter)
   Major opcode of failed request: 20
   Serial number of failed request: 0
   Current serial number in output stream: 27199
   at: default_window_error_handler (platform/linuxbsd/x11/display_server_x11.cpp:1310)
ERROR: Unhandled XServer error: BadWindow (invalid Window parameter)
   Major opcode of failed request: 20
   Serial number of failed request: 0
   Current serial number in output stream: 27227
   at: default_window_error_handler (platform/linuxbsd/x11/display_server_x11.cpp:1310)
ERROR: Unhandled XServer error: BadWindow (invalid Window parameter)
   Major opcode of failed request: 20
   Serial number of failed request: 0
   Current serial number in output stream: 27255
   at: default_window_error_handler (platform/linuxbsd/x11/display_server_x11.cpp:1310)
ERROR: Unhandled XServer error: BadWindow (invalid Window parameter)
   Major opcode of failed request: 20
   Serial number of failed request: 0
   Current serial number in output stream: 27283
   at: default_window_error_handler (platform/linuxbsd/x11/display_server_x11.cpp:1310)
ERROR: Unhandled XServer error: BadWindow (invalid Window parameter)
   Major opcode of failed request: 20
   Serial number of failed request: 0
   Current serial number in output stream: 27331
   at: default_window_error_handler (platform/linuxbsd/x11/display_server_x11.cpp:1310)
ERROR: Unhandled XServer error: BadWindow (invalid Window parameter)
   Major opcode of failed request: 20
   Serial number of failed request: 0
   Current serial number in output stream: 27389
   at: default_window_error_handler (platform/linuxbsd/x11/display_server_x11.cpp:1310)
ERROR: Unhandled XServer error: BadWindow (invalid Window parameter)
   Major opcode of failed request: 20
   Serial number of failed request: 0
   Current serial number in output stream: 27445
   at: default_window_error_handler (platform/linuxbsd/x11/display_server_x11.cpp:1310)
ERROR: Unhandled XServer error: BadWindow (invalid Window parameter)
   Major opcode of failed request: 20
   Serial number of failed request: 0
   Current serial number in output stream: 27473
   at: default_window_error_handler (platform/linuxbsd/x11/display_server_x11.cpp:1310)
ERROR: Unhandled XServer error: BadWindow (invalid Window parameter)
   Major opcode of failed request: 20
   Serial number of failed request: 0
   Current serial number in output stream: 27501
   at: default_window_error_handler (platform/linuxbsd/x11/display_server_x11.cpp:1310)
ERROR: Unhandled XServer error: BadWindow (invalid Window parameter)
   Major opcode of failed request: 20
   Serial number of failed request: 0
   Current serial number in output stream: 27529
   at: default_window_error_handler (platform/linuxbsd/x11/display_server_x11.cpp:1310)
ERROR: Unhandled XServer error: BadWindow (invalid Window parameter)
   Major opcode of failed request: 20
   Serial number of failed request: 0
   Current serial number in output stream: 27557
   at: default_window_error_handler (platform/linuxbsd/x11/display_server_x11.cpp:1310)
ERROR: Unhandled XServer error: BadWindow (invalid Window parameter)
   Major opcode of failed request: 20
   Serial number of failed request: 0
   Current serial number in output stream: 27585
   at: default_window_error_handler (platform/linuxbsd/x11/display_server_x11.cpp:1310)
ERROR: Unhandled XServer error: BadWindow (invalid Window parameter)
   Major opcode of failed request: 20
   Serial number of failed request: 0
   Current serial number in output stream: 27613
   at: default_window_error_handler (platform/linuxbsd/x11/display_server_x11.cpp:1310)
ERROR: Unhandled XServer error: BadWindow (invalid Window parameter)
   Major opcode of failed request: 20
   Serial number of failed request: 0
   Current serial number in output stream: 27641
   at: default_window_error_handler (platform/linuxbsd/x11/display_server_x11.cpp:1310)
ERROR: Unhandled XServer error: BadWindow (invalid Window parameter)
   Major opcode of failed request: 20
   Serial number of failed request: 0
   Current serial number in output stream: 27695
   at: default_window_error_handler (platform/linuxbsd/x11/display_server_x11.cpp:1310)
ERROR: Unhandled XServer error: BadWindow (invalid Window parameter)
   Major opcode of failed request: 20
   Serial number of failed request: 0
   Current serial number in output stream: 27723
   at: default_window_error_handler (platform/linuxbsd/x11/display_server_x11.cpp:1310)
ERROR: Unhandled XServer error: BadWindow (invalid Window parameter)
   Major opcode of failed request: 20
   Serial number of failed request: 0
   Current serial number in output stream: 27791
   at: default_window_error_handler (platform/linuxbsd/x11/display_server_x11.cpp:1310)
ERROR: Unhandled XServer error: BadWindow (invalid Window parameter)
   Major opcode of failed request: 20
   Serial number of failed request: 0
   Current serial number in output stream: 27845
   at: default_window_error_handler (platform/linuxbsd/x11/display_server_x11.cpp:1310)
ERROR: Unhandled XServer error: BadWindow (invalid Window parameter)
   Major opcode of failed request: 20
   Serial number of failed request: 0
   Current serial number in output stream: 27873
   at: default_window_error_handler (platform/linuxbsd/x11/display_server_x11.cpp:1310)
[Godot MCP] Disconnected from MCP server
