Godot Engine v4.6.3.stable.official.7d41c59c4 - https://godotengine.org
WARNING: Could not set V-Sync mode, as changing V-Sync mode is not supported by the graphics driver.
     at: set_use_vsync (platform/linuxbsd/x11/gl_manager_x11.cpp:364)
OpenGL API 4.5 (Core Profile) Mesa 25.0.7-2+deb13u1 - Compatibility - Using Device: Mesa - llvmpipe (LLVM 19.1.7, 256 bits)

ERROR: Required extension VK_KHR_surface not found.
   at: _initialize_instance_extensions (drivers/vulkan/rendering_context_driver_vulkan.cpp:487)
ERROR: Condition "err != OK" is true. Returning: err
   at: initialize (drivers/vulkan/rendering_context_driver_vulkan.cpp:928)
[Godot MCP] Plugin started
[Godot MCP] Registered 173 commands
[Godot MCP] Connected to MCP server (ws://127.0.0.1:6505)
ERROR: Do not use progress dialog (task) while flushing the message queue or using call_deferred()!
   at: add_task (editor/gui/progress_dialog.cpp:195)
   GDScript backtrace (most recent call first):
       [0] _save_scene (res://addons/godot_mcp/commands/scene_commands.gd:63)
       [1] execute (res://addons/godot_mcp/command_router.gd:54)
       [2] _execute_command (res://addons/godot_mcp/websocket_client.gd:135)
ERROR: Condition "!tasks.has(p_task)" is true. Returning: canceled
   at: task_step (editor/gui/progress_dialog.cpp:230)
   GDScript backtrace (most recent call first):
       [0] _save_scene (res://addons/godot_mcp/commands/scene_commands.gd:63)
       [1] execute (res://addons/godot_mcp/command_router.gd:54)
       [2] _execute_command (res://addons/godot_mcp/websocket_client.gd:135)
ERROR: Condition "!tasks.has(p_task)" is true. Returning: canceled
   at: task_step (editor/gui/progress_dialog.cpp:230)
   GDScript backtrace (most recent call first):
       [0] _save_scene (res://addons/godot_mcp/commands/scene_commands.gd:63)
       [1] execute (res://addons/godot_mcp/command_router.gd:54)
       [2] _execute_command (res://addons/godot_mcp/websocket_client.gd:135)
ERROR: Condition "!tasks.has(p_task)" is true. Returning: canceled
   at: task_step (editor/gui/progress_dialog.cpp:230)
   GDScript backtrace (most recent call first):
       [0] _save_scene (res://addons/godot_mcp/commands/scene_commands.gd:63)
       [1] execute (res://addons/godot_mcp/command_router.gd:54)
       [2] _execute_command (res://addons/godot_mcp/websocket_client.gd:135)
ERROR: Condition "!tasks.has(p_task)" is true. Returning: canceled
   at: task_step (editor/gui/progress_dialog.cpp:230)
   GDScript backtrace (most recent call first):
       [0] _save_scene (res://addons/godot_mcp/commands/scene_commands.gd:63)
       [1] execute (res://addons/godot_mcp/command_router.gd:54)
       [2] _execute_command (res://addons/godot_mcp/websocket_client.gd:135)
ERROR: Condition "!tasks.has(p_task)" is true.
   at: end_task (editor/gui/progress_dialog.cpp:253)
   GDScript backtrace (most recent call first):
       [0] _save_scene (res://addons/godot_mcp/commands/scene_commands.gd:63)
       [1] execute (res://addons/godot_mcp/command_router.gd:54)
       [2] _execute_command (res://addons/godot_mcp/websocket_client.gd:135)
Godot Engine v4.6.3.stable.official.7d41c59c4 - https://godotengine.org
ERROR: Unhandled XServer error: BadWindow (invalid Window parameter)
   Major opcode of failed request: 20
   Serial number of failed request: 0
   Current serial number in output stream: 2239
   at: default_window_error_handler (platform/linuxbsd/x11/display_server_x11.cpp:1310)
ERROR: Unhandled XServer error: BadWindow (invalid Window parameter)
   Major opcode of failed request: 20
   Serial number of failed request: 0
   Current serial number in output stream: 2308
   at: default_window_error_handler (platform/linuxbsd/x11/display_server_x11.cpp:1310)
ERROR: Unhandled XServer error: BadWindow (invalid Window parameter)
   Major opcode of failed request: 20
   Serial number of failed request: 0
   Current serial number in output stream: 2375
   at: default_window_error_handler (platform/linuxbsd/x11/display_server_x11.cpp:1310)
ERROR: Unhandled XServer error: BadWindow (invalid Window parameter)
   Major opcode of failed request: 20
   Serial number of failed request: 0
   Current serial number in output stream: 2470
   at: default_window_error_handler (platform/linuxbsd/x11/display_server_x11.cpp:1310)
ERROR: Unhandled XServer error: BadWindow (invalid Window parameter)
   Major opcode of failed request: 20
   Serial number of failed request: 0
   Current serial number in output stream: 2543
   at: default_window_error_handler (platform/linuxbsd/x11/display_server_x11.cpp:1310)
ERROR: Unhandled XServer error: BadWindow (invalid Window parameter)
   Major opcode of failed request: 20
   Serial number of failed request: 0
   Current serial number in output stream: 2620
   at: default_window_error_handler (platform/linuxbsd/x11/display_server_x11.cpp:1310)
ERROR: Unhandled XServer error: BadWindow (invalid Window parameter)
   Major opcode of failed request: 20
   Serial number of failed request: 0
   Current serial number in output stream: 2699
   at: default_window_error_handler (platform/linuxbsd/x11/display_server_x11.cpp:1310)
ERROR: Unhandled XServer error: BadWindow (invalid Window parameter)
   Major opcode of failed request: 20
   Serial number of failed request: 0
   Current serial number in output stream: 2772
   at: default_window_error_handler (platform/linuxbsd/x11/display_server_x11.cpp:1310)
ERROR: Unhandled XServer error: BadWindow (invalid Window parameter)
   Major opcode of failed request: 20
   Serial number of failed request: 0
   Current serial number in output stream: 2847
   at: default_window_error_handler (platform/linuxbsd/x11/display_server_x11.cpp:1310)
ERROR: Unhandled XServer error: BadWindow (invalid Window parameter)
   Major opcode of failed request: 20
   Serial number of failed request: 0
   Current serial number in output stream: 2934
   at: default_window_error_handler (platform/linuxbsd/x11/display_server_x11.cpp:1310)
ERROR: Unhandled XServer error: BadWindow (invalid Window parameter)
   Major opcode of failed request: 20
   Serial number of failed request: 0
   Current serial number in output stream: 3009
   at: default_window_error_handler (platform/linuxbsd/x11/display_server_x11.cpp:1310)
ERROR: Unhandled XServer error: BadWindow (invalid Window parameter)
   Major opcode of failed request: 20
   Serial number of failed request: 0
   Current serial number in output stream: 3071
   at: default_window_error_handler (platform/linuxbsd/x11/display_server_x11.cpp:1310)
ERROR: Unhandled XServer error: BadWindow (invalid Window parameter)
   Major opcode of failed request: 20
   Serial number of failed request: 0
   Current serial number in output stream: 3148
   at: default_window_error_handler (platform/linuxbsd/x11/display_server_x11.cpp:1310)
ERROR: Unhandled XServer error: BadWindow (invalid Window parameter)
   Major opcode of failed request: 20
   Serial number of failed request: 0
   Current serial number in output stream: 3231
   at: default_window_error_handler (platform/linuxbsd/x11/display_server_x11.cpp:1310)
ERROR: Unhandled XServer error: BadWindow (invalid Window parameter)
   Major opcode of failed request: 20
   Serial number of failed request: 0
   Current serial number in output stream: 3306
   at: default_window_error_handler (platform/linuxbsd/x11/display_server_x11.cpp:1310)
ERROR: Unhandled XServer error: BadWindow (invalid Window parameter)
   Major opcode of failed request: 20
   Serial number of failed request: 0
   Current serial number in output stream: 3393
   at: default_window_error_handler (platform/linuxbsd/x11/display_server_x11.cpp:1310)
ERROR: Unhandled XServer error: BadWindow (invalid Window parameter)
   Major opcode of failed request: 20
   Serial number of failed request: 0
   Current serial number in output stream: 3462
   at: default_window_error_handler (platform/linuxbsd/x11/display_server_x11.cpp:1310)
ERROR: Unhandled XServer error: BadWindow (invalid Window parameter)
   Major opcode of failed request: 20
   Serial number of failed request: 0
   Current serial number in output stream: 3549
   at: default_window_error_handler (platform/linuxbsd/x11/display_server_x11.cpp:1310)
ERROR: Unhandled XServer error: BadWindow (invalid Window parameter)
   Major opcode of failed request: 20
   Serial number of failed request: 0
   Current serial number in output stream: 3617
   at: default_window_error_handler (platform/linuxbsd/x11/display_server_x11.cpp:1310)
ERROR: Unhandled XServer error: BadWindow (invalid Window parameter)
   Major opcode of failed request: 20
   Serial number of failed request: 0
   Current serial number in output stream: 3700
   at: default_window_error_handler (platform/linuxbsd/x11/display_server_x11.cpp:1310)
ERROR: Unhandled XServer error: BadWindow (invalid Window parameter)
   Major opcode of failed request: 20
   Serial number of failed request: 0
   Current serial number in output stream: 3777
   at: default_window_error_handler (platform/linuxbsd/x11/display_server_x11.cpp:1310)
ERROR: Unhandled XServer error: BadWindow (invalid Window parameter)
   Major opcode of failed request: 20
   Serial number of failed request: 0
   Current serial number in output stream: 3864
   at: default_window_error_handler (platform/linuxbsd/x11/display_server_x11.cpp:1310)
ERROR: Unhandled XServer error: BadWindow (invalid Window parameter)
   Major opcode of failed request: 20
   Serial number of failed request: 0
   Current serial number in output stream: 3945
   at: default_window_error_handler (platform/linuxbsd/x11/display_server_x11.cpp:1310)
ERROR: Unhandled XServer error: BadWindow (invalid Window parameter)
   Major opcode of failed request: 20
   Serial number of failed request: 0
   Current serial number in output stream: 4026
   at: default_window_error_handler (platform/linuxbsd/x11/display_server_x11.cpp:1310)
ERROR: Unhandled XServer error: BadWindow (invalid Window parameter)
   Major opcode of failed request: 20
   Serial number of failed request: 0
   Current serial number in output stream: 4105
   at: default_window_error_handler (platform/linuxbsd/x11/display_server_x11.cpp:1310)
ERROR: Unhandled XServer error: BadWindow (invalid Window parameter)
   Major opcode of failed request: 20
   Serial number of failed request: 0
   Current serial number in output stream: 4178
   at: default_window_error_handler (platform/linuxbsd/x11/display_server_x11.cpp:1310)
ERROR: Unhandled XServer error: BadWindow (invalid Window parameter)
   Major opcode of failed request: 20
   Serial number of failed request: 0
   Current serial number in output stream: 4263
   at: default_window_error_handler (platform/linuxbsd/x11/display_server_x11.cpp:1310)
ERROR: Unhandled XServer error: BadWindow (invalid Window parameter)
   Major opcode of failed request: 20
   Serial number of failed request: 0
   Current serial number in output stream: 4340
   at: default_window_error_handler (platform/linuxbsd/x11/display_server_x11.cpp:1310)
ERROR: Unhandled XServer error: BadWindow (invalid Window parameter)
   Major opcode of failed request: 20
   Serial number of failed request: 0
   Current serial number in output stream: 4413
   at: default_window_error_handler (platform/linuxbsd/x11/display_server_x11.cpp:1310)
ERROR: Unhandled XServer error: BadWindow (invalid Window parameter)
   Major opcode of failed request: 20
   Serial number of failed request: 0
   Current serial number in output stream: 4490
   at: default_window_error_handler (platform/linuxbsd/x11/display_server_x11.cpp:1310)
ERROR: Unhandled XServer error: BadWindow (invalid Window parameter)
   Major opcode of failed request: 20
   Serial number of failed request: 0
   Current serial number in output stream: 4565
   at: default_window_error_handler (platform/linuxbsd/x11/display_server_x11.cpp:1310)
ERROR: Unhandled XServer error: BadWindow (invalid Window parameter)
   Major opcode of failed request: 20
   Serial number of failed request: 0
   Current serial number in output stream: 4638
   at: default_window_error_handler (platform/linuxbsd/x11/display_server_x11.cpp:1310)
WARNING: Could not set V-Sync mode, as changing V-Sync mode is not supported by the graphics driver.
     at: set_use_vsync (platform/linuxbsd/x11/gl_manager_x11.cpp:364)
ERROR: Unhandled XServer error: BadWindow (invalid Window parameter)
   Major opcode of failed request: 20
   Serial number of failed request: 0
   Current serial number in output stream: 4698
   at: default_window_error_handler (platform/linuxbsd/x11/display_server_x11.cpp:1310)
ERROR: Unhandled XServer error: BadWindow (invalid Window parameter)
   Major opcode of failed request: 20
   Serial number of failed request: 0
   Current serial number in output stream: 4821
   at: default_window_error_handler (platform/linuxbsd/x11/display_server_x11.cpp:1310)
ERROR: Unhandled XServer error: BadWindow (invalid Window parameter)
   Major opcode of failed request: 20
   Serial number of failed request: 0
   Current serial number in output stream: 4883
   at: default_window_error_handler (platform/linuxbsd/x11/display_server_x11.cpp:1310)
ERROR: Unhandled XServer error: BadWindow (invalid Window parameter)
   Major opcode of failed request: 20
   Serial number of failed request: 0
   Current serial number in output stream: 4951
   at: default_window_error_handler (platform/linuxbsd/x11/display_server_x11.cpp:1310)
ERROR: Unhandled XServer error: BadWindow (invalid Window parameter)
   Major opcode of failed request: 20
   Serial number of failed request: 0
   Current serial number in output stream: 5019
   at: default_window_error_handler (platform/linuxbsd/x11/display_server_x11.cpp:1310)
ERROR: Unhandled XServer error: BadWindow (invalid Window parameter)
   Major opcode of failed request: 20
   Serial number of failed request: 0
   Current serial number in output stream: 5081
   at: default_window_error_handler (platform/linuxbsd/x11/display_server_x11.cpp:1310)
ERROR: Unhandled XServer error: BadWindow (invalid Window parameter)
   Major opcode of failed request: 20
   Serial number of failed request: 0
   Current serial number in output stream: 5155
   at: default_window_error_handler (platform/linuxbsd/x11/display_server_x11.cpp:1310)
ERROR: Unhandled XServer error: BadWindow (invalid Window parameter)
   Major opcode of failed request: 20
   Serial number of failed request: 0
   Current serial number in output stream: 5219
   at: default_window_error_handler (platform/linuxbsd/x11/display_server_x11.cpp:1310)
ERROR: Unhandled XServer error: BadWindow (invalid Window parameter)
   Major opcode of failed request: 20
   Serial number of failed request: 0
   Current serial number in output stream: 5287
   at: default_window_error_handler (platform/linuxbsd/x11/display_server_x11.cpp:1310)
ERROR: Unhandled XServer error: BadWindow (invalid Window parameter)
   Major opcode of failed request: 20
   Serial number of failed request: 0
   Current serial number in output stream: 5351
   at: default_window_error_handler (platform/linuxbsd/x11/display_server_x11.cpp:1310)
ERROR: Unhandled XServer error: BadWindow (invalid Window parameter)
   Major opcode of failed request: 20
   Serial number of failed request: 0
   Current serial number in output stream: 5419
   at: default_window_error_handler (platform/linuxbsd/x11/display_server_x11.cpp:1310)
ERROR: Unhandled XServer error: BadWindow (invalid Window parameter)
   Major opcode of failed request: 20
   Serial number of failed request: 0
   Current serial number in output stream: 5487
   at: default_window_error_handler (platform/linuxbsd/x11/display_server_x11.cpp:1310)
ERROR: Unhandled XServer error: BadWindow (invalid Window parameter)
   Major opcode of failed request: 20
   Serial number of failed request: 0
   Current serial number in output stream: 5555
   at: default_window_error_handler (platform/linuxbsd/x11/display_server_x11.cpp:1310)
ERROR: Unhandled XServer error: BadWindow (invalid Window parameter)
   Major opcode of failed request: 20
   Serial number of failed request: 0
   Current serial number in output stream: 5623
   at: default_window_error_handler (platform/linuxbsd/x11/display_server_x11.cpp:1310)
ERROR: Unhandled XServer error: BadWindow (invalid Window parameter)
   Major opcode of failed request: 20
   Serial number of failed request: 0
   Current serial number in output stream: 5693
   at: default_window_error_handler (platform/linuxbsd/x11/display_server_x11.cpp:1310)
ERROR: Unhandled XServer error: BadWindow (invalid Window parameter)
   Major opcode of failed request: 20
   Serial number of failed request: 0
   Current serial number in output stream: 5763
   at: default_window_error_handler (platform/linuxbsd/x11/display_server_x11.cpp:1310)
ERROR: Unhandled XServer error: BadWindow (invalid Window parameter)
   Major opcode of failed request: 20
   Serial number of failed request: 0
   Current serial number in output stream: 5833
   at: default_window_error_handler (platform/linuxbsd/x11/display_server_x11.cpp:1310)
ERROR: Unhandled XServer error: BadWindow (invalid Window parameter)
   Major opcode of failed request: 20
   Serial number of failed request: 0
   Current serial number in output stream: 5901
   at: default_window_error_handler (platform/linuxbsd/x11/display_server_x11.cpp:1310)
ERROR: Unhandled XServer error: BadWindow (invalid Window parameter)
   Major opcode of failed request: 20
   Serial number of failed request: 0
   Current serial number in output stream: 5969
   at: default_window_error_handler (platform/linuxbsd/x11/display_server_x11.cpp:1310)
ERROR: Unhandled XServer error: BadWindow (invalid Window parameter)
   Major opcode of failed request: 20
   Serial number of failed request: 0
   Current serial number in output stream: 6037
   at: default_window_error_handler (platform/linuxbsd/x11/display_server_x11.cpp:1310)
ERROR: Unhandled XServer error: BadWindow (invalid Window parameter)
   Major opcode of failed request: 20
   Serial number of failed request: 0
   Current serial number in output stream: 6099
   at: default_window_error_handler (platform/linuxbsd/x11/display_server_x11.cpp:1310)
ERROR: Unhandled XServer error: BadWindow (invalid Window parameter)
   Major opcode of failed request: 20
   Serial number of failed request: 0
   Current serial number in output stream: 6175
   at: default_window_error_handler (platform/linuxbsd/x11/display_server_x11.cpp:1310)
ERROR: Unhandled XServer error: BadWindow (invalid Window parameter)
   Major opcode of failed request: 20
   Serial number of failed request: 0
   Current serial number in output stream: 6229
   at: default_window_error_handler (platform/linuxbsd/x11/display_server_x11.cpp:1310)
ERROR: Unhandled XServer error: BadWindow (invalid Window parameter)
   Major opcode of failed request: 20
   Serial number of failed request: 0
   Current serial number in output stream: 6295
   at: default_window_error_handler (platform/linuxbsd/x11/display_server_x11.cpp:1310)
ERROR: Unhandled XServer error: BadWindow (invalid Window parameter)
   Major opcode of failed request: 20
   Serial number of failed request: 0
   Current serial number in output stream: 6357
   at: default_window_error_handler (platform/linuxbsd/x11/display_server_x11.cpp:1310)
ERROR: Unhandled XServer error: BadWindow (invalid Window parameter)
   Major opcode of failed request: 20
   Serial number of failed request: 0
   Current serial number in output stream: 6421
   at: default_window_error_handler (platform/linuxbsd/x11/display_server_x11.cpp:1310)
ERROR: Unhandled XServer error: BadWindow (invalid Window parameter)
   Major opcode of failed request: 20
   Serial number of failed request: 0
   Current serial number in output stream: 6491
   at: default_window_error_handler (platform/linuxbsd/x11/display_server_x11.cpp:1310)
ERROR: Unhandled XServer error: BadWindow (invalid Window parameter)
   Major opcode of failed request: 20
   Serial number of failed request: 0
   Current serial number in output stream: 6563
   at: default_window_error_handler (platform/linuxbsd/x11/display_server_x11.cpp:1310)
ERROR: Unhandled XServer error: BadWindow (invalid Window parameter)
   Major opcode of failed request: 20
   Serial number of failed request: 0
   Current serial number in output stream: 6631
   at: default_window_error_handler (platform/linuxbsd/x11/display_server_x11.cpp:1310)
ERROR: Unhandled XServer error: BadWindow (invalid Window parameter)
   Major opcode of failed request: 20
   Serial number of failed request: 0
   Current serial number in output stream: 6705
   at: default_window_error_handler (platform/linuxbsd/x11/display_server_x11.cpp:1310)
ERROR: Unhandled XServer error: BadWindow (invalid Window parameter)
   Major opcode of failed request: 20
   Serial number of failed request: 0
   Current serial number in output stream: 6769
   at: default_window_error_handler (platform/linuxbsd/x11/display_server_x11.cpp:1310)
ERROR: Unhandled XServer error: BadWindow (invalid Window parameter)
   Major opcode of failed request: 20
   Serial number of failed request: 0
   Current serial number in output stream: 6837
   at: default_window_error_handler (platform/linuxbsd/x11/display_server_x11.cpp:1310)
ERROR: Unhandled XServer error: BadWindow (invalid Window parameter)
   Major opcode of failed request: 20
   Serial number of failed request: 0
   Current serial number in output stream: 6907
   at: default_window_error_handler (platform/linuxbsd/x11/display_server_x11.cpp:1310)
ERROR: Unhandled XServer error: BadWindow (invalid Window parameter)
   Major opcode of failed request: 20
   Serial number of failed request: 0
   Current serial number in output stream: 6963
   at: default_window_error_handler (platform/linuxbsd/x11/display_server_x11.cpp:1310)
ERROR: Unhandled XServer error: BadWindow (invalid Window parameter)
   Major opcode of failed request: 20
   Serial number of failed request: 0
   Current serial number in output stream: 7035
   at: default_window_error_handler (platform/linuxbsd/x11/display_server_x11.cpp:1310)
ERROR: Unhandled XServer error: BadWindow (invalid Window parameter)
   Major opcode of failed request: 20
   Serial number of failed request: 0
   Current serial number in output stream: 7103
   at: default_window_error_handler (platform/linuxbsd/x11/display_server_x11.cpp:1310)
ERROR: Unhandled XServer error: BadWindow (invalid Window parameter)
   Major opcode of failed request: 20
   Serial number of failed request: 0
   Current serial number in output stream: 7171
   at: default_window_error_handler (platform/linuxbsd/x11/display_server_x11.cpp:1310)
ERROR: Unhandled XServer error: BadWindow (invalid Window parameter)
   Major opcode of failed request: 20
   Serial number of failed request: 0
   Current serial number in output stream: 7239
   at: default_window_error_handler (platform/linuxbsd/x11/display_server_x11.cpp:1310)
ERROR: Unhandled XServer error: BadWindow (invalid Window parameter)
   Major opcode of failed request: 20
   Serial number of failed request: 0
   Current serial number in output stream: 7307
   at: default_window_error_handler (platform/linuxbsd/x11/display_server_x11.cpp:1310)
ERROR: Unhandled XServer error: BadWindow (invalid Window parameter)
   Major opcode of failed request: 20
   Serial number of failed request: 0
   Current serial number in output stream: 7371
   at: default_window_error_handler (platform/linuxbsd/x11/display_server_x11.cpp:1310)
ERROR: Unhandled XServer error: BadWindow (invalid Window parameter)
   Major opcode of failed request: 20
   Serial number of failed request: 0
   Current serial number in output stream: 7435
   at: default_window_error_handler (platform/linuxbsd/x11/display_server_x11.cpp:1310)
ERROR: Unhandled XServer error: BadWindow (invalid Window parameter)
   Major opcode of failed request: 20
   Serial number of failed request: 0
   Current serial number in output stream: 7503
   at: default_window_error_handler (platform/linuxbsd/x11/display_server_x11.cpp:1310)
ERROR: Unhandled XServer error: BadWindow (invalid Window parameter)
   Major opcode of failed request: 20
   Serial number of failed request: 0
   Current serial number in output stream: 7569
   at: default_window_error_handler (platform/linuxbsd/x11/display_server_x11.cpp:1310)
ERROR: Unhandled XServer error: BadWindow (invalid Window parameter)
   Major opcode of failed request: 20
   Serial number of failed request: 0
   Current serial number in output stream: 7639
   at: default_window_error_handler (platform/linuxbsd/x11/display_server_x11.cpp:1310)
ERROR: Unhandled XServer error: BadWindow (invalid Window parameter)
   Major opcode of failed request: 20
   Serial number of failed request: 0
   Current serial number in output stream: 7707
   at: default_window_error_handler (platform/linuxbsd/x11/display_server_x11.cpp:1310)
ERROR: Unhandled XServer error: BadWindow (invalid Window parameter)
   Major opcode of failed request: 20
   Serial number of failed request: 0
   Current serial number in output stream: 7781
   at: default_window_error_handler (platform/linuxbsd/x11/display_server_x11.cpp:1310)
ERROR: Unhandled XServer error: BadWindow (invalid Window parameter)
   Major opcode of failed request: 20
   Serial number of failed request: 0
   Current serial number in output stream: 7849
   at: default_window_error_handler (platform/linuxbsd/x11/display_server_x11.cpp:1310)
ERROR: Unhandled XServer error: BadWindow (invalid Window parameter)
   Major opcode of failed request: 20
   Serial number of failed request: 0
   Current serial number in output stream: 7917
   at: default_window_error_handler (platform/linuxbsd/x11/display_server_x11.cpp:1310)
ERROR: Unhandled XServer error: BadWindow (invalid Window parameter)
   Major opcode of failed request: 20
   Serial number of failed request: 0
   Current serial number in output stream: 7981
   at: default_window_error_handler (platform/linuxbsd/x11/display_server_x11.cpp:1310)
ERROR: Unhandled XServer error: BadWindow (invalid Window parameter)
   Major opcode of failed request: 20
   Serial number of failed request: 0
   Current serial number in output stream: 8045
   at: default_window_error_handler (platform/linuxbsd/x11/display_server_x11.cpp:1310)
ERROR: Unhandled XServer error: BadWindow (invalid Window parameter)
   Major opcode of failed request: 20
   Serial number of failed request: 0
   Current serial number in output stream: 8113
   at: default_window_error_handler (platform/linuxbsd/x11/display_server_x11.cpp:1310)
ERROR: Unhandled XServer error: BadWindow (invalid Window parameter)
   Major opcode of failed request: 20
   Serial number of failed request: 0
   Current serial number in output stream: 8183
   at: default_window_error_handler (platform/linuxbsd/x11/display_server_x11.cpp:1310)
ERROR: Unhandled XServer error: BadWindow (invalid Window parameter)
   Major opcode of failed request: 20
   Serial number of failed request: 0
   Current serial number in output stream: 8243
   at: default_window_error_handler (platform/linuxbsd/x11/display_server_x11.cpp:1310)
ERROR: Unhandled XServer error: BadWindow (invalid Window parameter)
   Major opcode of failed request: 20
   Serial number of failed request: 0
   Current serial number in output stream: 8311
   at: default_window_error_handler (platform/linuxbsd/x11/display_server_x11.cpp:1310)
ERROR: Unhandled XServer error: BadWindow (invalid Window parameter)
   Major opcode of failed request: 20
   Serial number of failed request: 0
   Current serial number in output stream: 8385
   at: default_window_error_handler (platform/linuxbsd/x11/display_server_x11.cpp:1310)
ERROR: Unhandled XServer error: BadWindow (invalid Window parameter)
   Major opcode of failed request: 20
   Serial number of failed request: 0
   Current serial number in output stream: 8459
   at: default_window_error_handler (platform/linuxbsd/x11/display_server_x11.cpp:1310)
ERROR: Unhandled XServer error: BadWindow (invalid Window parameter)
   Major opcode of failed request: 20
   Serial number of failed request: 0
   Current serial number in output stream: 8527
   at: default_window_error_handler (platform/linuxbsd/x11/display_server_x11.cpp:1310)
ERROR: Unhandled XServer error: BadWindow (invalid Window parameter)
   Major opcode of failed request: 20
   Serial number of failed request: 0
   Current serial number in output stream: 8589
   at: default_window_error_handler (platform/linuxbsd/x11/display_server_x11.cpp:1310)
ERROR: Unhandled XServer error: BadWindow (invalid Window parameter)
   Major opcode of failed request: 20
   Serial number of failed request: 0
   Current serial number in output stream: 8655
   at: default_window_error_handler (platform/linuxbsd/x11/display_server_x11.cpp:1310)
ERROR: Unhandled XServer error: BadWindow (invalid Window parameter)
   Major opcode of failed request: 20
   Serial number of failed request: 0
   Current serial number in output stream: 8733
   at: default_window_error_handler (platform/linuxbsd/x11/display_server_x11.cpp:1310)
ERROR: Unhandled XServer error: BadWindow (invalid Window parameter)
   Major opcode of failed request: 20
   Serial number of failed request: 0
   Current serial number in output stream: 8803
   at: default_window_error_handler (platform/linuxbsd/x11/display_server_x11.cpp:1310)
ERROR: Unhandled XServer error: BadWindow (invalid Window parameter)
   Major opcode of failed request: 20
   Serial number of failed request: 0
   Current serial number in output stream: 8863
   at: default_window_error_handler (platform/linuxbsd/x11/display_server_x11.cpp:1310)
ERROR: Unhandled XServer error: BadWindow (invalid Window parameter)
   Major opcode of failed request: 20
   Serial number of failed request: 0
   Current serial number in output stream: 8931
   at: default_window_error_handler (platform/linuxbsd/x11/display_server_x11.cpp:1310)
ERROR: Unhandled XServer error: BadWindow (invalid Window parameter)
   Major opcode of failed request: 20
   Serial number of failed request: 0
   Current serial number in output stream: 8995
   at: default_window_error_handler (platform/linuxbsd/x11/display_server_x11.cpp:1310)
ERROR: Unhandled XServer error: BadWindow (invalid Window parameter)
   Major opcode of failed request: 20
   Serial number of failed request: 0
   Current serial number in output stream: 9055
   at: default_window_error_handler (platform/linuxbsd/x11/display_server_x11.cpp:1310)
ERROR: Unhandled XServer error: BadWindow (invalid Window parameter)
   Major opcode of failed request: 20
   Serial number of failed request: 0
   Current serial number in output stream: 9119
   at: default_window_error_handler (platform/linuxbsd/x11/display_server_x11.cpp:1310)
ERROR: Unhandled XServer error: BadWindow (invalid Window parameter)
   Major opcode of failed request: 20
   Serial number of failed request: 0
   Current serial number in output stream: 9181
   at: default_window_error_handler (platform/linuxbsd/x11/display_server_x11.cpp:1310)
ERROR: Unhandled XServer error: BadWindow (invalid Window parameter)
   Major opcode of failed request: 20
   Serial number of failed request: 0
   Current serial number in output stream: 9247
   at: default_window_error_handler (platform/linuxbsd/x11/display_server_x11.cpp:1310)
ERROR: Unhandled XServer error: BadWindow (invalid Window parameter)
   Major opcode of failed request: 20
   Serial number of failed request: 0
   Current serial number in output stream: 9315
   at: default_window_error_handler (platform/linuxbsd/x11/display_server_x11.cpp:1310)
ERROR: Unhandled XServer error: BadWindow (invalid Window parameter)
   Major opcode of failed request: 20
   Serial number of failed request: 0
   Current serial number in output stream: 9383
   at: default_window_error_handler (platform/linuxbsd/x11/display_server_x11.cpp:1310)
ERROR: Unhandled XServer error: BadWindow (invalid Window parameter)
   Major opcode of failed request: 20
   Serial number of failed request: 0
   Current serial number in output stream: 9439
   at: default_window_error_handler (platform/linuxbsd/x11/display_server_x11.cpp:1310)
ERROR: Unhandled XServer error: BadWindow (invalid Window parameter)
   Major opcode of failed request: 20
   Serial number of failed request: 0
   Current serial number in output stream: 9507
   at: default_window_error_handler (platform/linuxbsd/x11/display_server_x11.cpp:1310)
ERROR: Unhandled XServer error: BadWindow (invalid Window parameter)
   Major opcode of failed request: 20
   Serial number of failed request: 0
   Current serial number in output stream: 9569
   at: default_window_error_handler (platform/linuxbsd/x11/display_server_x11.cpp:1310)
ERROR: Unhandled XServer error: BadWindow (invalid Window parameter)
   Major opcode of failed request: 20
   Serial number of failed request: 0
   Current serial number in output stream: 9629
   at: default_window_error_handler (platform/linuxbsd/x11/display_server_x11.cpp:1310)
ERROR: Unhandled XServer error: BadWindow (invalid Window parameter)
   Major opcode of failed request: 20
   Serial number of failed request: 0
   Current serial number in output stream: 9697
   at: default_window_error_handler (platform/linuxbsd/x11/display_server_x11.cpp:1310)
ERROR: Unhandled XServer error: BadWindow (invalid Window parameter)
   Major opcode of failed request: 20
   Serial number of failed request: 0
   Current serial number in output stream: 9757
   at: default_window_error_handler (platform/linuxbsd/x11/display_server_x11.cpp:1310)
ERROR: Unhandled XServer error: BadWindow (invalid Window parameter)
   Major opcode of failed request: 20
   Serial number of failed request: 0
   Current serial number in output stream: 9827
   at: default_window_error_handler (platform/linuxbsd/x11/display_server_x11.cpp:1310)
ERROR: Unhandled XServer error: BadWindow (invalid Window parameter)
   Major opcode of failed request: 20
   Serial number of failed request: 0
   Current serial number in output stream: 9895
   at: default_window_error_handler (platform/linuxbsd/x11/display_server_x11.cpp:1310)
ERROR: Unhandled XServer error: BadWindow (invalid Window parameter)
   Major opcode of failed request: 20
   Serial number of failed request: 0
   Current serial number in output stream: 9963
   at: default_window_error_handler (platform/linuxbsd/x11/display_server_x11.cpp:1310)
ERROR: Unhandled XServer error: BadWindow (invalid Window parameter)
   Major opcode of failed request: 20
   Serial number of failed request: 0
   Current serial number in output stream: 10031
   at: default_window_error_handler (platform/linuxbsd/x11/display_server_x11.cpp:1310)
ERROR: Unhandled XServer error: BadWindow (invalid Window parameter)
   Major opcode of failed request: 20
   Serial number of failed request: 0
   Current serial number in output stream: 10101
   at: default_window_error_handler (platform/linuxbsd/x11/display_server_x11.cpp:1310)
ERROR: Unhandled XServer error: BadWindow (invalid Window parameter)
   Major opcode of failed request: 20
   Serial number of failed request: 0
   Current serial number in output stream: 10165
   at: default_window_error_handler (platform/linuxbsd/x11/display_server_x11.cpp:1310)
ERROR: Unhandled XServer error: BadWindow (invalid Window parameter)
   Major opcode of failed request: 20
   Serial number of failed request: 0
   Current serial number in output stream: 10229
   at: default_window_error_handler (platform/linuxbsd/x11/display_server_x11.cpp:1310)
ERROR: Unhandled XServer error: BadWindow (invalid Window parameter)
   Major opcode of failed request: 20
   Serial number of failed request: 0
   Current serial number in output stream: 10297
   at: default_window_error_handler (platform/linuxbsd/x11/display_server_x11.cpp:1310)
ERROR: Unhandled XServer error: BadWindow (invalid Window parameter)
   Major opcode of failed request: 20
   Serial number of failed request: 0
   Current serial number in output stream: 10363
   at: default_window_error_handler (platform/linuxbsd/x11/display_server_x11.cpp:1310)
ERROR: Unhandled XServer error: BadWindow (invalid Window parameter)
   Major opcode of failed request: 20
   Serial number of failed request: 0
   Current serial number in output stream: 10423
   at: default_window_error_handler (platform/linuxbsd/x11/display_server_x11.cpp:1310)
ERROR: Unhandled XServer error: BadWindow (invalid Window parameter)
   Major opcode of failed request: 20
   Serial number of failed request: 0
   Current serial number in output stream: 10491
   at: default_window_error_handler (platform/linuxbsd/x11/display_server_x11.cpp:1310)
ERROR: Unhandled XServer error: BadWindow (invalid Window parameter)
   Major opcode of failed request: 20
   Serial number of failed request: 0
   Current serial number in output stream: 10557
   at: default_window_error_handler (platform/linuxbsd/x11/display_server_x11.cpp:1310)
ERROR: Unhandled XServer error: BadWindow (invalid Window parameter)
   Major opcode of failed request: 20
   Serial number of failed request: 0
   Current serial number in output stream: 10621
   at: default_window_error_handler (platform/linuxbsd/x11/display_server_x11.cpp:1310)
ERROR: Unhandled XServer error: BadWindow (invalid Window parameter)
   Major opcode of failed request: 20
   Serial number of failed request: 0
   Current serial number in output stream: 10689
   at: default_window_error_handler (platform/linuxbsd/x11/display_server_x11.cpp:1310)
ERROR: Unhandled XServer error: BadWindow (invalid Window parameter)
   Major opcode of failed request: 20
   Serial number of failed request: 0
   Current serial number in output stream: 10741
   at: default_window_error_handler (platform/linuxbsd/x11/display_server_x11.cpp:1310)
OpenGL API 4.5 (Core Profile) Mesa 25.0.7-2+deb13u1 - Compatibility - Using Device: Mesa - llvmpipe (LLVM 19.1.7, 256 bits)
ALSA lib confmisc.c:855:(parse_card) cannot find card '0'
ALSA lib conf.c:5205:(_snd_config_evaluate) function snd_func_card_inum returned error: No such file or directory
ALSA lib confmisc.c:422:(snd_func_concat) error evaluating strings
ALSA lib conf.c:5205:(_snd_config_evaluate) function snd_func_concat returned error: No such file or directory
ALSA lib confmisc.c:1342:(snd_func_refer) error evaluating name
ALSA lib conf.c:5205:(_snd_config_evaluate) function snd_func_refer returned error: No such file or directory
ALSA lib conf.c:5728:(snd_config_expand) Evaluate error: No such file or directory
ALSA lib pcm.c:2722:(snd_pcm_open_noupdate) Unknown PCM default
ERROR: Condition "status < 0" is true. Returning: ERR_CANT_OPEN
   at: init_output_device (drivers/alsa/audio_driver_alsa.cpp:90)
WARNING: All audio drivers failed, falling back to the dummy driver.
     at: initialize (servers/audio/audio_server.cpp:247)

ERROR: Unhandled XServer error: BadWindow (invalid Window parameter)
   Major opcode of failed request: 20
   Serial number of failed request: 0
   Current serial number in output stream: 10801
   at: default_window_error_handler (platform/linuxbsd/x11/display_server_x11.cpp:1310)
ENEMY_IMPORT_OK { "minion": { "attack": 1.95000004768372, "death": 1.70000004768372, "hit": 0.55000001192093, "idle": 2.0, "release": 1.10000002384186, "walk": 0.80000001192093, "windup": 0.85000002384186 }, "elite": { "attack": 2.09999990463257, "death": 1.70000004768372, "hit": 0.55000001192093, "idle": 2.0, "release": 1.10000002384186, "walk": 0.80000001192093, "windup": 1.0 }, "boss": { "attack": 2.95000004768372, "death": 2.09999990463257, "heavy_attack": 2.95000004768372, "hit": 0.55000001192093, "idle": 2.0, "release": 1.60000002384186, "walk": 0.80000001192093, "windup": 1.35000002384186 } }
ERROR: Unhandled XServer error: BadWindow (invalid Window parameter)
   Major opcode of failed request: 20
   Serial number of failed request: 0
   Current serial number in output stream: 10895
   at: default_window_error_handler (platform/linuxbsd/x11/display_server_x11.cpp:1310)
ERROR: Unhandled XServer error: BadWindow (invalid Window parameter)
   Major opcode of failed request: 20
   Serial number of failed request: 0
   Current serial number in output stream: 10923
   at: default_window_error_handler (platform/linuxbsd/x11/display_server_x11.cpp:1310)
ERROR: Unhandled XServer error: BadWindow (invalid Window parameter)
   Major opcode of failed request: 20
   Serial number of failed request: 0
   Current serial number in output stream: 10979
   at: default_window_error_handler (platform/linuxbsd/x11/display_server_x11.cpp:1310)
ERROR: Unhandled XServer error: BadWindow (invalid Window parameter)
   Major opcode of failed request: 20
   Serial number of failed request: 0
   Current serial number in output stream: 11035
   at: default_window_error_handler (platform/linuxbsd/x11/display_server_x11.cpp:1310)
ERROR: Unhandled XServer error: BadWindow (invalid Window parameter)
   Major opcode of failed request: 20
   Serial number of failed request: 0
   Current serial number in output stream: 11097
   at: default_window_error_handler (platform/linuxbsd/x11/display_server_x11.cpp:1310)
ERROR: Unhandled XServer error: BadWindow (invalid Window parameter)
   Major opcode of failed request: 20
   Serial number of failed request: 0
   Current serial number in output stream: 11131
   at: default_window_error_handler (platform/linuxbsd/x11/display_server_x11.cpp:1310)
ERROR: Unhandled XServer error: BadWindow (invalid Window parameter)
   Major opcode of failed request: 20
   Serial number of failed request: 0
   Current serial number in output stream: 11159
   at: default_window_error_handler (platform/linuxbsd/x11/display_server_x11.cpp:1310)
ERROR: Unhandled XServer error: BadWindow (invalid Window parameter)
   Major opcode of failed request: 20
   Serial number of failed request: 0
   Current serial number in output stream: 11187
   at: default_window_error_handler (platform/linuxbsd/x11/display_server_x11.cpp:1310)
ERROR: Unhandled XServer error: BadWindow (invalid Window parameter)
   Major opcode of failed request: 20
   Serial number of failed request: 0
   Current serial number in output stream: 11215
   at: default_window_error_handler (platform/linuxbsd/x11/display_server_x11.cpp:1310)
ERROR: Unhandled XServer error: BadWindow (invalid Window parameter)
   Major opcode of failed request: 20
   Serial number of failed request: 0
   Current serial number in output stream: 11243
   at: default_window_error_handler (platform/linuxbsd/x11/display_server_x11.cpp:1310)
ERROR: Unhandled XServer error: BadWindow (invalid Window parameter)
   Major opcode of failed request: 20
   Serial number of failed request: 0
   Current serial number in output stream: 11271
   at: default_window_error_handler (platform/linuxbsd/x11/display_server_x11.cpp:1310)
ERROR: Unhandled XServer error: BadWindow (invalid Window parameter)
   Major opcode of failed request: 20
   Serial number of failed request: 0
   Current serial number in output stream: 11299
   at: default_window_error_handler (platform/linuxbsd/x11/display_server_x11.cpp:1310)
ERROR: Unhandled XServer error: BadWindow (invalid Window parameter)
   Major opcode of failed request: 20
   Serial number of failed request: 0
   Current serial number in output stream: 11327
   at: default_window_error_handler (platform/linuxbsd/x11/display_server_x11.cpp:1310)
ERROR: Unhandled XServer error: BadWindow (invalid Window parameter)
   Major opcode of failed request: 20
   Serial number of failed request: 0
   Current serial number in output stream: 11355
   at: default_window_error_handler (platform/linuxbsd/x11/display_server_x11.cpp:1310)
ERROR: Unhandled XServer error: BadWindow (invalid Window parameter)
   Major opcode of failed request: 20
   Serial number of failed request: 0
   Current serial number in output stream: 11383
   at: default_window_error_handler (platform/linuxbsd/x11/display_server_x11.cpp:1310)
ERROR: Unhandled XServer error: BadWindow (invalid Window parameter)
   Major opcode of failed request: 20
   Serial number of failed request: 0
   Current serial number in output stream: 11411
   at: default_window_error_handler (platform/linuxbsd/x11/display_server_x11.cpp:1310)
ERROR: Unhandled XServer error: BadWindow (invalid Window parameter)
   Major opcode of failed request: 20
   Serial number of failed request: 0
   Current serial number in output stream: 11439
   at: default_window_error_handler (platform/linuxbsd/x11/display_server_x11.cpp:1310)
ERROR: Unhandled XServer error: BadWindow (invalid Window parameter)
   Major opcode of failed request: 20
   Serial number of failed request: 0
   Current serial number in output stream: 11467
   at: default_window_error_handler (platform/linuxbsd/x11/display_server_x11.cpp:1310)
ERROR: Unhandled XServer error: BadWindow (invalid Window parameter)
   Major opcode of failed request: 20
   Serial number of failed request: 0
   Current serial number in output stream: 11521
   at: default_window_error_handler (platform/linuxbsd/x11/display_server_x11.cpp:1310)
ERROR: Unhandled XServer error: BadWindow (invalid Window parameter)
   Major opcode of failed request: 20
   Serial number of failed request: 0
   Current serial number in output stream: 11549
   at: default_window_error_handler (platform/linuxbsd/x11/display_server_x11.cpp:1310)
ERROR: Unhandled XServer error: BadWindow (invalid Window parameter)
   Major opcode of failed request: 20
   Serial number of failed request: 0
   Current serial number in output stream: 11577
   at: default_window_error_handler (platform/linuxbsd/x11/display_server_x11.cpp:1310)
ERROR: Unhandled XServer error: BadWindow (invalid Window parameter)
   Major opcode of failed request: 20
   Serial number of failed request: 0
   Current serial number in output stream: 11605
   at: default_window_error_handler (platform/linuxbsd/x11/display_server_x11.cpp:1310)
ERROR: Unhandled XServer error: BadWindow (invalid Window parameter)
   Major opcode of failed request: 20
   Serial number of failed request: 0
   Current serial number in output stream: 11633
   at: default_window_error_handler (platform/linuxbsd/x11/display_server_x11.cpp:1310)
ERROR: Unhandled XServer error: BadWindow (invalid Window parameter)
   Major opcode of failed request: 20
   Serial number of failed request: 0
   Current serial number in output stream: 11673
   at: default_window_error_handler (platform/linuxbsd/x11/display_server_x11.cpp:1310)
ERROR: Unhandled XServer error: BadWindow (invalid Window parameter)
   Major opcode of failed request: 20
   Serial number of failed request: 0
   Current serial number in output stream: 11705
   at: default_window_error_handler (platform/linuxbsd/x11/display_server_x11.cpp:1310)
ERROR: Unhandled XServer error: BadWindow (invalid Window parameter)
   Major opcode of failed request: 20
   Serial number of failed request: 0
   Current serial number in output stream: 11745
   at: default_window_error_handler (platform/linuxbsd/x11/display_server_x11.cpp:1310)
ERROR: Unhandled XServer error: BadWindow (invalid Window parameter)
   Major opcode of failed request: 20
   Serial number of failed request: 0
   Current serial number in output stream: 11781
   at: default_window_error_handler (platform/linuxbsd/x11/display_server_x11.cpp:1310)
ERROR: Unhandled XServer error: BadWindow (invalid Window parameter)
   Major opcode of failed request: 20
   Serial number of failed request: 0
   Current serial number in output stream: 11825
   at: default_window_error_handler (platform/linuxbsd/x11/display_server_x11.cpp:1310)
ERROR: Unhandled XServer error: BadWindow (invalid Window parameter)
   Major opcode of failed request: 20
   Serial number of failed request: 0
   Current serial number in output stream: 11857
   at: default_window_error_handler (platform/linuxbsd/x11/display_server_x11.cpp:1310)
ERROR: Unhandled XServer error: BadWindow (invalid Window parameter)
   Major opcode of failed request: 20
   Serial number of failed request: 0
   Current serial number in output stream: 11911
   at: default_window_error_handler (platform/linuxbsd/x11/display_server_x11.cpp:1310)
ERROR: Unhandled XServer error: BadWindow (invalid Window parameter)
   Major opcode of failed request: 20
   Serial number of failed request: 0
   Current serial number in output stream: 11939
   at: default_window_error_handler (platform/linuxbsd/x11/display_server_x11.cpp:1310)
ERROR: Unhandled XServer error: BadWindow (invalid Window parameter)
   Major opcode of failed request: 20
   Serial number of failed request: 0
   Current serial number in output stream: 11967
   at: default_window_error_handler (platform/linuxbsd/x11/display_server_x11.cpp:1310)
ERROR: Unhandled XServer error: BadWindow (invalid Window parameter)
   Major opcode of failed request: 20
   Serial number of failed request: 0
   Current serial number in output stream: 11995
   at: default_window_error_handler (platform/linuxbsd/x11/display_server_x11.cpp:1310)
ERROR: Unhandled XServer error: BadWindow (invalid Window parameter)
   Major opcode of failed request: 20
   Serial number of failed request: 0
   Current serial number in output stream: 12023
   at: default_window_error_handler (platform/linuxbsd/x11/display_server_x11.cpp:1310)
ERROR: Unhandled XServer error: BadWindow (invalid Window parameter)
   Major opcode of failed request: 20
   Serial number of failed request: 0
   Current serial number in output stream: 12051
   at: default_window_error_handler (platform/linuxbsd/x11/display_server_x11.cpp:1310)
ERROR: Unhandled XServer error: BadWindow (invalid Window parameter)
   Major opcode of failed request: 20
   Serial number of failed request: 0
   Current serial number in output stream: 12079
   at: default_window_error_handler (platform/linuxbsd/x11/display_server_x11.cpp:1310)
ERROR: Unhandled XServer error: BadWindow (invalid Window parameter)
   Major opcode of failed request: 20
   Serial number of failed request: 0
   Current serial number in output stream: 12107
   at: default_window_error_handler (platform/linuxbsd/x11/display_server_x11.cpp:1310)
ERROR: Unhandled XServer error: BadWindow (invalid Window parameter)
   Major opcode of failed request: 20
   Serial number of failed request: 0
   Current serial number in output stream: 12135
   at: default_window_error_handler (platform/linuxbsd/x11/display_server_x11.cpp:1310)
ERROR: Unhandled XServer error: BadWindow (invalid Window parameter)
   Major opcode of failed request: 20
   Serial number of failed request: 0
   Current serial number in output stream: 12163
   at: default_window_error_handler (platform/linuxbsd/x11/display_server_x11.cpp:1310)
ERROR: Unhandled XServer error: BadWindow (invalid Window parameter)
   Major opcode of failed request: 20
   Serial number of failed request: 0
   Current serial number in output stream: 12191
   at: default_window_error_handler (platform/linuxbsd/x11/display_server_x11.cpp:1310)
ERROR: Unhandled XServer error: BadWindow (invalid Window parameter)
   Major opcode of failed request: 20
   Serial number of failed request: 0
   Current serial number in output stream: 12219
   at: default_window_error_handler (platform/linuxbsd/x11/display_server_x11.cpp:1310)
ERROR: Unhandled XServer error: BadWindow (invalid Window parameter)
   Major opcode of failed request: 20
   Serial number of failed request: 0
   Current serial number in output stream: 12247
   at: default_window_error_handler (platform/linuxbsd/x11/display_server_x11.cpp:1310)
ERROR: Unhandled XServer error: BadWindow (invalid Window parameter)
   Major opcode of failed request: 20
   Serial number of failed request: 0
   Current serial number in output stream: 12275
   at: default_window_error_handler (platform/linuxbsd/x11/display_server_x11.cpp:1310)
ERROR: Unhandled XServer error: BadWindow (invalid Window parameter)
   Major opcode of failed request: 20
   Serial number of failed request: 0
   Current serial number in output stream: 12303
   at: default_window_error_handler (platform/linuxbsd/x11/display_server_x11.cpp:1310)
ERROR: Unhandled XServer error: BadWindow (invalid Window parameter)
   Major opcode of failed request: 20
   Serial number of failed request: 0
   Current serial number in output stream: 12335
   at: default_window_error_handler (platform/linuxbsd/x11/display_server_x11.cpp:1310)
ERROR: Unhandled XServer error: BadWindow (invalid Window parameter)
   Major opcode of failed request: 20
   Serial number of failed request: 0
   Current serial number in output stream: 12375
   at: default_window_error_handler (platform/linuxbsd/x11/display_server_x11.cpp:1310)
ERROR: Unhandled XServer error: BadWindow (invalid Window parameter)
   Major opcode of failed request: 20
   Serial number of failed request: 0
   Current serial number in output stream: 12403
   at: default_window_error_handler (platform/linuxbsd/x11/display_server_x11.cpp:1310)
ERROR: Unhandled XServer error: BadWindow (invalid Window parameter)
   Major opcode of failed request: 20
   Serial number of failed request: 0
   Current serial number in output stream: 12431
   at: default_window_error_handler (platform/linuxbsd/x11/display_server_x11.cpp:1310)
ERROR: Unhandled XServer error: BadWindow (invalid Window parameter)
   Major opcode of failed request: 20
   Serial number of failed request: 0
   Current serial number in output stream: 12459
   at: default_window_error_handler (platform/linuxbsd/x11/display_server_x11.cpp:1310)
ERROR: Unhandled XServer error: BadWindow (invalid Window parameter)
   Major opcode of failed request: 20
   Serial number of failed request: 0
   Current serial number in output stream: 12487
   at: default_window_error_handler (platform/linuxbsd/x11/display_server_x11.cpp:1310)
ERROR: Unhandled XServer error: BadWindow (invalid Window parameter)
   Major opcode of failed request: 20
   Serial number of failed request: 0
   Current serial number in output stream: 12515
   at: default_window_error_handler (platform/linuxbsd/x11/display_server_x11.cpp:1310)
ERROR: Unhandled XServer error: BadWindow (invalid Window parameter)
   Major opcode of failed request: 20
   Serial number of failed request: 0
   Current serial number in output stream: 12543
   at: default_window_error_handler (platform/linuxbsd/x11/display_server_x11.cpp:1310)
ERROR: Unhandled XServer error: BadWindow (invalid Window parameter)
   Major opcode of failed request: 20
   Serial number of failed request: 0
   Current serial number in output stream: 12579
   at: default_window_error_handler (platform/linuxbsd/x11/display_server_x11.cpp:1310)
ERROR: Unhandled XServer error: BadWindow (invalid Window parameter)
   Major opcode of failed request: 20
   Serial number of failed request: 0
   Current serial number in output stream: 12607
   at: default_window_error_handler (platform/linuxbsd/x11/display_server_x11.cpp:1310)
ERROR: Unhandled XServer error: BadWindow (invalid Window parameter)
   Major opcode of failed request: 20
   Serial number of failed request: 0
   Current serial number in output stream: 12635
   at: default_window_error_handler (platform/linuxbsd/x11/display_server_x11.cpp:1310)
ERROR: Unhandled XServer error: BadWindow (invalid Window parameter)
   Major opcode of failed request: 20
   Serial number of failed request: 0
   Current serial number in output stream: 12663
   at: default_window_error_handler (platform/linuxbsd/x11/display_server_x11.cpp:1310)
ERROR: Unhandled XServer error: BadWindow (invalid Window parameter)
   Major opcode of failed request: 20
   Serial number of failed request: 0
   Current serial number in output stream: 12691
   at: default_window_error_handler (platform/linuxbsd/x11/display_server_x11.cpp:1310)
ERROR: Unhandled XServer error: BadWindow (invalid Window parameter)
   Major opcode of failed request: 20
   Serial number of failed request: 0
   Current serial number in output stream: 12719
   at: default_window_error_handler (platform/linuxbsd/x11/display_server_x11.cpp:1310)
ERROR: Unhandled XServer error: BadWindow (invalid Window parameter)
   Major opcode of failed request: 20
   Serial number of failed request: 0
   Current serial number in output stream: 12747
   at: default_window_error_handler (platform/linuxbsd/x11/display_server_x11.cpp:1310)
ERROR: Unhandled XServer error: BadWindow (invalid Window parameter)
   Major opcode of failed request: 20
   Serial number of failed request: 0
   Current serial number in output stream: 12807
   at: default_window_error_handler (platform/linuxbsd/x11/display_server_x11.cpp:1310)
ERROR: Unhandled XServer error: BadWindow (invalid Window parameter)
   Major opcode of failed request: 20
   Serial number of failed request: 0
   Current serial number in output stream: 12835
   at: default_window_error_handler (platform/linuxbsd/x11/display_server_x11.cpp:1310)
ERROR: Unhandled XServer error: BadWindow (invalid Window parameter)
   Major opcode of failed request: 20
   Serial number of failed request: 0
   Current serial number in output stream: 12863
   at: default_window_error_handler (platform/linuxbsd/x11/display_server_x11.cpp:1310)
ERROR: Unhandled XServer error: BadWindow (invalid Window parameter)
   Major opcode of failed request: 20
   Serial number of failed request: 0
   Current serial number in output stream: 12891
   at: default_window_error_handler (platform/linuxbsd/x11/display_server_x11.cpp:1310)
ERROR: Unhandled XServer error: BadWindow (invalid Window parameter)
   Major opcode of failed request: 20
   Serial number of failed request: 0
   Current serial number in output stream: 12919
   at: default_window_error_handler (platform/linuxbsd/x11/display_server_x11.cpp:1310)
ERROR: Unhandled XServer error: BadWindow (invalid Window parameter)
   Major opcode of failed request: 20
   Serial number of failed request: 0
   Current serial number in output stream: 12951
   at: default_window_error_handler (platform/linuxbsd/x11/display_server_x11.cpp:1310)
ERROR: Unhandled XServer error: BadWindow (invalid Window parameter)
   Major opcode of failed request: 20
   Serial number of failed request: 0
   Current serial number in output stream: 12979
   at: default_window_error_handler (platform/linuxbsd/x11/display_server_x11.cpp:1310)
ERROR: Unhandled XServer error: BadWindow (invalid Window parameter)
   Major opcode of failed request: 20
   Serial number of failed request: 0
   Current serial number in output stream: 13007
   at: default_window_error_handler (platform/linuxbsd/x11/display_server_x11.cpp:1310)
ERROR: Unhandled XServer error: BadWindow (invalid Window parameter)
   Major opcode of failed request: 20
   Serial number of failed request: 0
   Current serial number in output stream: 13035
   at: default_window_error_handler (platform/linuxbsd/x11/display_server_x11.cpp:1310)
ERROR: Unhandled XServer error: BadWindow (invalid Window parameter)
   Major opcode of failed request: 20
   Serial number of failed request: 0
   Current serial number in output stream: 13063
   at: default_window_error_handler (platform/linuxbsd/x11/display_server_x11.cpp:1310)
ERROR: Unhandled XServer error: BadWindow (invalid Window parameter)
   Major opcode of failed request: 20
   Serial number of failed request: 0
   Current serial number in output stream: 13091
   at: default_window_error_handler (platform/linuxbsd/x11/display_server_x11.cpp:1310)
ERROR: Unhandled XServer error: BadWindow (invalid Window parameter)
   Major opcode of failed request: 20
   Serial number of failed request: 0
   Current serial number in output stream: 13119
   at: default_window_error_handler (platform/linuxbsd/x11/display_server_x11.cpp:1310)
ERROR: Unhandled XServer error: BadWindow (invalid Window parameter)
   Major opcode of failed request: 20
   Serial number of failed request: 0
   Current serial number in output stream: 13147
   at: default_window_error_handler (platform/linuxbsd/x11/display_server_x11.cpp:1310)
ERROR: Unhandled XServer error: BadWindow (invalid Window parameter)
   Major opcode of failed request: 20
   Serial number of failed request: 0
   Current serial number in output stream: 13175
   at: default_window_error_handler (platform/linuxbsd/x11/display_server_x11.cpp:1310)
ERROR: Unhandled XServer error: BadWindow (invalid Window parameter)
   Major opcode of failed request: 20
   Serial number of failed request: 0
   Current serial number in output stream: 13203
   at: default_window_error_handler (platform/linuxbsd/x11/display_server_x11.cpp:1310)
ERROR: Unhandled XServer error: BadWindow (invalid Window parameter)
   Major opcode of failed request: 20
   Serial number of failed request: 0
   Current serial number in output stream: 13231
   at: default_window_error_handler (platform/linuxbsd/x11/display_server_x11.cpp:1310)
ERROR: Unhandled XServer error: BadWindow (invalid Window parameter)
   Major opcode of failed request: 20
   Serial number of failed request: 0
   Current serial number in output stream: 13259
   at: default_window_error_handler (platform/linuxbsd/x11/display_server_x11.cpp:1310)
ERROR: Unhandled XServer error: BadWindow (invalid Window parameter)
   Major opcode of failed request: 20
   Serial number of failed request: 0
   Current serial number in output stream: 13287
   at: default_window_error_handler (platform/linuxbsd/x11/display_server_x11.cpp:1310)
ERROR: Unhandled XServer error: BadWindow (invalid Window parameter)
   Major opcode of failed request: 20
   Serial number of failed request: 0
   Current serial number in output stream: 13315
   at: default_window_error_handler (platform/linuxbsd/x11/display_server_x11.cpp:1310)
ERROR: Unhandled XServer error: BadWindow (invalid Window parameter)
   Major opcode of failed request: 20
   Serial number of failed request: 0
   Current serial number in output stream: 13343
   at: default_window_error_handler (platform/linuxbsd/x11/display_server_x11.cpp:1310)
ERROR: Unhandled XServer error: BadWindow (invalid Window parameter)
   Major opcode of failed request: 20
   Serial number of failed request: 0
   Current serial number in output stream: 13371
   at: default_window_error_handler (platform/linuxbsd/x11/display_server_x11.cpp:1310)
ERROR: Unhandled XServer error: BadWindow (invalid Window parameter)
   Major opcode of failed request: 20
   Serial number of failed request: 0
   Current serial number in output stream: 13399
   at: default_window_error_handler (platform/linuxbsd/x11/display_server_x11.cpp:1310)
ERROR: Unhandled XServer error: BadWindow (invalid Window parameter)
   Major opcode of failed request: 20
   Serial number of failed request: 0
   Current serial number in output stream: 13427
   at: default_window_error_handler (platform/linuxbsd/x11/display_server_x11.cpp:1310)
ERROR: Unhandled XServer error: BadWindow (invalid Window parameter)
   Major opcode of failed request: 20
   Serial number of failed request: 0
   Current serial number in output stream: 13495
   at: default_window_error_handler (platform/linuxbsd/x11/display_server_x11.cpp:1310)
ERROR: Unhandled XServer error: BadWindow (invalid Window parameter)
   Major opcode of failed request: 20
   Serial number of failed request: 0
   Current serial number in output stream: 13549
   at: default_window_error_handler (platform/linuxbsd/x11/display_server_x11.cpp:1310)
ERROR: Unhandled XServer error: BadWindow (invalid Window parameter)
   Major opcode of failed request: 20
   Serial number of failed request: 0
   Current serial number in output stream: 13577
   at: default_window_error_handler (platform/linuxbsd/x11/display_server_x11.cpp:1310)
ERROR: Unhandled XServer error: BadWindow (invalid Window parameter)
   Major opcode of failed request: 20
   Serial number of failed request: 0
   Current serial number in output stream: 13605
   at: default_window_error_handler (platform/linuxbsd/x11/display_server_x11.cpp:1310)
ERROR: Unhandled XServer error: BadWindow (invalid Window parameter)
   Major opcode of failed request: 20
   Serial number of failed request: 0
   Current serial number in output stream: 13633
   at: default_window_error_handler (platform/linuxbsd/x11/display_server_x11.cpp:1310)
ERROR: Unhandled XServer error: BadWindow (invalid Window parameter)
   Major opcode of failed request: 20
   Serial number of failed request: 0
   Current serial number in output stream: 13661
   at: default_window_error_handler (platform/linuxbsd/x11/display_server_x11.cpp:1310)
ERROR: Unhandled XServer error: BadWindow (invalid Window parameter)
   Major opcode of failed request: 20
   Serial number of failed request: 0
   Current serial number in output stream: 13689
   at: default_window_error_handler (platform/linuxbsd/x11/display_server_x11.cpp:1310)
ERROR: Unhandled XServer error: BadWindow (invalid Window parameter)
   Major opcode of failed request: 20
   Serial number of failed request: 0
   Current serial number in output stream: 13717
   at: default_window_error_handler (platform/linuxbsd/x11/display_server_x11.cpp:1310)
ERROR: Unhandled XServer error: BadWindow (invalid Window parameter)
   Major opcode of failed request: 20
   Serial number of failed request: 0
   Current serial number in output stream: 13745
   at: default_window_error_handler (platform/linuxbsd/x11/display_server_x11.cpp:1310)
ERROR: Unhandled XServer error: BadWindow (invalid Window parameter)
   Major opcode of failed request: 20
   Serial number of failed request: 0
   Current serial number in output stream: 13773
   at: default_window_error_handler (platform/linuxbsd/x11/display_server_x11.cpp:1310)
ERROR: Unhandled XServer error: BadWindow (invalid Window parameter)
   Major opcode of failed request: 20
   Serial number of failed request: 0
   Current serial number in output stream: 13801
   at: default_window_error_handler (platform/linuxbsd/x11/display_server_x11.cpp:1310)
ERROR: Unhandled XServer error: BadWindow (invalid Window parameter)
   Major opcode of failed request: 20
   Serial number of failed request: 0
   Current serial number in output stream: 13829
   at: default_window_error_handler (platform/linuxbsd/x11/display_server_x11.cpp:1310)
ERROR: Unhandled XServer error: BadWindow (invalid Window parameter)
   Major opcode of failed request: 20
   Serial number of failed request: 0
   Current serial number in output stream: 13883
   at: default_window_error_handler (platform/linuxbsd/x11/display_server_x11.cpp:1310)
ERROR: Unhandled XServer error: BadWindow (invalid Window parameter)
   Major opcode of failed request: 20
   Serial number of failed request: 0
   Current serial number in output stream: 13911
   at: default_window_error_handler (platform/linuxbsd/x11/display_server_x11.cpp:1310)
ERROR: Unhandled XServer error: BadWindow (invalid Window parameter)
   Major opcode of failed request: 20
   Serial number of failed request: 0
   Current serial number in output stream: 13939
   at: default_window_error_handler (platform/linuxbsd/x11/display_server_x11.cpp:1310)
ERROR: Unhandled XServer error: BadWindow (invalid Window parameter)
   Major opcode of failed request: 20
   Serial number of failed request: 0
   Current serial number in output stream: 13967
   at: default_window_error_handler (platform/linuxbsd/x11/display_server_x11.cpp:1310)
ERROR: Unhandled XServer error: BadWindow (invalid Window parameter)
   Major opcode of failed request: 20
   Serial number of failed request: 0
   Current serial number in output stream: 13995
   at: default_window_error_handler (platform/linuxbsd/x11/display_server_x11.cpp:1310)
ERROR: Unhandled XServer error: BadWindow (invalid Window parameter)
   Major opcode of failed request: 20
   Serial number of failed request: 0
   Current serial number in output stream: 14049
   at: default_window_error_handler (platform/linuxbsd/x11/display_server_x11.cpp:1310)
ERROR: Unhandled XServer error: BadWindow (invalid Window parameter)
   Major opcode of failed request: 20
   Serial number of failed request: 0
   Current serial number in output stream: 14077
   at: default_window_error_handler (platform/linuxbsd/x11/display_server_x11.cpp:1310)
ERROR: Unhandled XServer error: BadWindow (invalid Window parameter)
   Major opcode of failed request: 20
   Serial number of failed request: 0
   Current serial number in output stream: 14105
   at: default_window_error_handler (platform/linuxbsd/x11/display_server_x11.cpp:1310)
ERROR: Unhandled XServer error: BadWindow (invalid Window parameter)
   Major opcode of failed request: 20
   Serial number of failed request: 0
   Current serial number in output stream: 14133
   at: default_window_error_handler (platform/linuxbsd/x11/display_server_x11.cpp:1310)
ERROR: Unhandled XServer error: BadWindow (invalid Window parameter)
   Major opcode of failed request: 20
   Serial number of failed request: 0
   Current serial number in output stream: 14161
   at: default_window_error_handler (platform/linuxbsd/x11/display_server_x11.cpp:1310)
ERROR: Unhandled XServer error: BadWindow (invalid Window parameter)
   Major opcode of failed request: 20
   Serial number of failed request: 0
   Current serial number in output stream: 14189
   at: default_window_error_handler (platform/linuxbsd/x11/display_server_x11.cpp:1310)
ERROR: Unhandled XServer error: BadWindow (invalid Window parameter)
   Major opcode of failed request: 20
   Serial number of failed request: 0
   Current serial number in output stream: 14217
   at: default_window_error_handler (platform/linuxbsd/x11/display_server_x11.cpp:1310)
ERROR: Unhandled XServer error: BadWindow (invalid Window parameter)
   Major opcode of failed request: 20
   Serial number of failed request: 0
   Current serial number in output stream: 14271
   at: default_window_error_handler (platform/linuxbsd/x11/display_server_x11.cpp:1310)
ERROR: Unhandled XServer error: BadWindow (invalid Window parameter)
   Major opcode of failed request: 20
   Serial number of failed request: 0
   Current serial number in output stream: 14299
   at: default_window_error_handler (platform/linuxbsd/x11/display_server_x11.cpp:1310)
ERROR: Unhandled XServer error: BadWindow (invalid Window parameter)
   Major opcode of failed request: 20
   Serial number of failed request: 0
   Current serial number in output stream: 14327
   at: default_window_error_handler (platform/linuxbsd/x11/display_server_x11.cpp:1310)
ERROR: Unhandled XServer error: BadWindow (invalid Window parameter)
   Major opcode of failed request: 20
   Serial number of failed request: 0
   Current serial number in output stream: 14355
   at: default_window_error_handler (platform/linuxbsd/x11/display_server_x11.cpp:1310)
ERROR: Unhandled XServer error: BadWindow (invalid Window parameter)
   Major opcode of failed request: 20
   Serial number of failed request: 0
   Current serial number in output stream: 14383
   at: default_window_error_handler (platform/linuxbsd/x11/display_server_x11.cpp:1310)
ERROR: Unhandled XServer error: BadWindow (invalid Window parameter)
   Major opcode of failed request: 20
   Serial number of failed request: 0
   Current serial number in output stream: 14411
   at: default_window_error_handler (platform/linuxbsd/x11/display_server_x11.cpp:1310)
ERROR: Unhandled XServer error: BadWindow (invalid Window parameter)
   Major opcode of failed request: 20
   Serial number of failed request: 0
   Current serial number in output stream: 14439
   at: default_window_error_handler (platform/linuxbsd/x11/display_server_x11.cpp:1310)
ERROR: Unhandled XServer error: BadWindow (invalid Window parameter)
   Major opcode of failed request: 20
   Serial number of failed request: 0
   Current serial number in output stream: 14467
   at: default_window_error_handler (platform/linuxbsd/x11/display_server_x11.cpp:1310)
ERROR: Unhandled XServer error: BadWindow (invalid Window parameter)
   Major opcode of failed request: 20
   Serial number of failed request: 0
   Current serial number in output stream: 14495
   at: default_window_error_handler (platform/linuxbsd/x11/display_server_x11.cpp:1310)
ERROR: Unhandled XServer error: BadWindow (invalid Window parameter)
   Major opcode of failed request: 20
   Serial number of failed request: 0
   Current serial number in output stream: 14523
   at: default_window_error_handler (platform/linuxbsd/x11/display_server_x11.cpp:1310)
ERROR: Unhandled XServer error: BadWindow (invalid Window parameter)
   Major opcode of failed request: 20
   Serial number of failed request: 0
   Current serial number in output stream: 14551
   at: default_window_error_handler (platform/linuxbsd/x11/display_server_x11.cpp:1310)
ERROR: Unhandled XServer error: BadWindow (invalid Window parameter)
   Major opcode of failed request: 20
   Serial number of failed request: 0
   Current serial number in output stream: 14579
   at: default_window_error_handler (platform/linuxbsd/x11/display_server_x11.cpp:1310)
ERROR: Unhandled XServer error: BadWindow (invalid Window parameter)
   Major opcode of failed request: 20
   Serial number of failed request: 0
   Current serial number in output stream: 14607
   at: default_window_error_handler (platform/linuxbsd/x11/display_server_x11.cpp:1310)
ERROR: Unhandled XServer error: BadWindow (invalid Window parameter)
   Major opcode of failed request: 20
   Serial number of failed request: 0
   Current serial number in output stream: 14635
   at: default_window_error_handler (platform/linuxbsd/x11/display_server_x11.cpp:1310)
ERROR: Unhandled XServer error: BadWindow (invalid Window parameter)
   Major opcode of failed request: 20
   Serial number of failed request: 0
   Current serial number in output stream: 14663
   at: default_window_error_handler (platform/linuxbsd/x11/display_server_x11.cpp:1310)
ERROR: Unhandled XServer error: BadWindow (invalid Window parameter)
   Major opcode of failed request: 20
   Serial number of failed request: 0
   Current serial number in output stream: 14717
   at: default_window_error_handler (platform/linuxbsd/x11/display_server_x11.cpp:1310)
ERROR: Unhandled XServer error: BadWindow (invalid Window parameter)
   Major opcode of failed request: 20
   Serial number of failed request: 0
   Current serial number in output stream: 14745
   at: default_window_error_handler (platform/linuxbsd/x11/display_server_x11.cpp:1310)
ERROR: Unhandled XServer error: BadWindow (invalid Window parameter)
   Major opcode of failed request: 20
   Serial number of failed request: 0
   Current serial number in output stream: 14773
   at: default_window_error_handler (platform/linuxbsd/x11/display_server_x11.cpp:1310)
ERROR: Unhandled XServer error: BadWindow (invalid Window parameter)
   Major opcode of failed request: 20
   Serial number of failed request: 0
   Current serial number in output stream: 14801
   at: default_window_error_handler (platform/linuxbsd/x11/display_server_x11.cpp:1310)
ERROR: Unhandled XServer error: BadWindow (invalid Window parameter)
   Major opcode of failed request: 20
   Serial number of failed request: 0
   Current serial number in output stream: 14829
   at: default_window_error_handler (platform/linuxbsd/x11/display_server_x11.cpp:1310)
ERROR: Unhandled XServer error: BadWindow (invalid Window parameter)
   Major opcode of failed request: 20
   Serial number of failed request: 0
   Current serial number in output stream: 14857
   at: default_window_error_handler (platform/linuxbsd/x11/display_server_x11.cpp:1310)
ERROR: Unhandled XServer error: BadWindow (invalid Window parameter)
   Major opcode of failed request: 20
   Serial number of failed request: 0
   Current serial number in output stream: 14885
   at: default_window_error_handler (platform/linuxbsd/x11/display_server_x11.cpp:1310)
ERROR: Unhandled XServer error: BadWindow (invalid Window parameter)
   Major opcode of failed request: 20
   Serial number of failed request: 0
   Current serial number in output stream: 14913
   at: default_window_error_handler (platform/linuxbsd/x11/display_server_x11.cpp:1310)
ERROR: Unhandled XServer error: BadWindow (invalid Window parameter)
   Major opcode of failed request: 20
   Serial number of failed request: 0
   Current serial number in output stream: 14941
   at: default_window_error_handler (platform/linuxbsd/x11/display_server_x11.cpp:1310)
ERROR: Unhandled XServer error: BadWindow (invalid Window parameter)
   Major opcode of failed request: 20
   Serial number of failed request: 0
   Current serial number in output stream: 14969
   at: default_window_error_handler (platform/linuxbsd/x11/display_server_x11.cpp:1310)
ERROR: Unhandled XServer error: BadWindow (invalid Window parameter)
   Major opcode of failed request: 20
   Serial number of failed request: 0
   Current serial number in output stream: 14997
   at: default_window_error_handler (platform/linuxbsd/x11/display_server_x11.cpp:1310)
ERROR: Unhandled XServer error: BadWindow (invalid Window parameter)
   Major opcode of failed request: 20
   Serial number of failed request: 0
   Current serial number in output stream: 15025
   at: default_window_error_handler (platform/linuxbsd/x11/display_server_x11.cpp:1310)
ERROR: Unhandled XServer error: BadWindow (invalid Window parameter)
   Major opcode of failed request: 20
   Serial number of failed request: 0
   Current serial number in output stream: 15053
   at: default_window_error_handler (platform/linuxbsd/x11/display_server_x11.cpp:1310)
ERROR: Unhandled XServer error: BadWindow (invalid Window parameter)
   Major opcode of failed request: 20
   Serial number of failed request: 0
   Current serial number in output stream: 15081
   at: default_window_error_handler (platform/linuxbsd/x11/display_server_x11.cpp:1310)
ERROR: Unhandled XServer error: BadWindow (invalid Window parameter)
   Major opcode of failed request: 20
   Serial number of failed request: 0
   Current serial number in output stream: 15109
   at: default_window_error_handler (platform/linuxbsd/x11/display_server_x11.cpp:1310)
ERROR: Unhandled XServer error: BadWindow (invalid Window parameter)
   Major opcode of failed request: 20
   Serial number of failed request: 0
   Current serial number in output stream: 15137
   at: default_window_error_handler (platform/linuxbsd/x11/display_server_x11.cpp:1310)
ERROR: Unhandled XServer error: BadWindow (invalid Window parameter)
   Major opcode of failed request: 20
   Serial number of failed request: 0
   Current serial number in output stream: 15165
   at: default_window_error_handler (platform/linuxbsd/x11/display_server_x11.cpp:1310)
ERROR: Unhandled XServer error: BadWindow (invalid Window parameter)
   Major opcode of failed request: 20
   Serial number of failed request: 0
   Current serial number in output stream: 15193
   at: default_window_error_handler (platform/linuxbsd/x11/display_server_x11.cpp:1310)
ERROR: Unhandled XServer error: BadWindow (invalid Window parameter)
   Major opcode of failed request: 20
   Serial number of failed request: 0
   Current serial number in output stream: 15221
   at: default_window_error_handler (platform/linuxbsd/x11/display_server_x11.cpp:1310)
ERROR: Unhandled XServer error: BadWindow (invalid Window parameter)
   Major opcode of failed request: 20
   Serial number of failed request: 0
   Current serial number in output stream: 15249
   at: default_window_error_handler (platform/linuxbsd/x11/display_server_x11.cpp:1310)
ERROR: Unhandled XServer error: BadWindow (invalid Window parameter)
   Major opcode of failed request: 20
   Serial number of failed request: 0
   Current serial number in output stream: 15277
   at: default_window_error_handler (platform/linuxbsd/x11/display_server_x11.cpp:1310)
ERROR: Unhandled XServer error: BadWindow (invalid Window parameter)
   Major opcode of failed request: 20
   Serial number of failed request: 0
   Current serial number in output stream: 15305
   at: default_window_error_handler (platform/linuxbsd/x11/display_server_x11.cpp:1310)
ERROR: Unhandled XServer error: BadWindow (invalid Window parameter)
   Major opcode of failed request: 20
   Serial number of failed request: 0
   Current serial number in output stream: 15337
   at: default_window_error_handler (platform/linuxbsd/x11/display_server_x11.cpp:1310)
ERROR: Unhandled XServer error: BadWindow (invalid Window parameter)
   Major opcode of failed request: 20
   Serial number of failed request: 0
   Current serial number in output stream: 15365
   at: default_window_error_handler (platform/linuxbsd/x11/display_server_x11.cpp:1310)
ERROR: Unhandled XServer error: BadWindow (invalid Window parameter)
   Major opcode of failed request: 20
   Serial number of failed request: 0
   Current serial number in output stream: 15393
   at: default_window_error_handler (platform/linuxbsd/x11/display_server_x11.cpp:1310)
ERROR: Unhandled XServer error: BadWindow (invalid Window parameter)
   Major opcode of failed request: 20
   Serial number of failed request: 0
   Current serial number in output stream: 15421
   at: default_window_error_handler (platform/linuxbsd/x11/display_server_x11.cpp:1310)
ERROR: Unhandled XServer error: BadWindow (invalid Window parameter)
   Major opcode of failed request: 20
   Serial number of failed request: 0
   Current serial number in output stream: 15449
   at: default_window_error_handler (platform/linuxbsd/x11/display_server_x11.cpp:1310)
ERROR: Unhandled XServer error: BadWindow (invalid Window parameter)
   Major opcode of failed request: 20
   Serial number of failed request: 0
   Current serial number in output stream: 15477
   at: default_window_error_handler (platform/linuxbsd/x11/display_server_x11.cpp:1310)
ERROR: Unhandled XServer error: BadWindow (invalid Window parameter)
   Major opcode of failed request: 20
   Serial number of failed request: 0
   Current serial number in output stream: 15505
   at: default_window_error_handler (platform/linuxbsd/x11/display_server_x11.cpp:1310)
ERROR: Unhandled XServer error: BadWindow (invalid Window parameter)
   Major opcode of failed request: 20
   Serial number of failed request: 0
   Current serial number in output stream: 15533
   at: default_window_error_handler (platform/linuxbsd/x11/display_server_x11.cpp:1310)
ERROR: Unhandled XServer error: BadWindow (invalid Window parameter)
   Major opcode of failed request: 20
   Serial number of failed request: 0
   Current serial number in output stream: 15561
   at: default_window_error_handler (platform/linuxbsd/x11/display_server_x11.cpp:1310)
ERROR: Unhandled XServer error: BadWindow (invalid Window parameter)
   Major opcode of failed request: 20
   Serial number of failed request: 0
   Current serial number in output stream: 15589
   at: default_window_error_handler (platform/linuxbsd/x11/display_server_x11.cpp:1310)
ERROR: Unhandled XServer error: BadWindow (invalid Window parameter)
   Major opcode of failed request: 20
   Serial number of failed request: 0
   Current serial number in output stream: 15617
   at: default_window_error_handler (platform/linuxbsd/x11/display_server_x11.cpp:1310)
ERROR: Unhandled XServer error: BadWindow (invalid Window parameter)
   Major opcode of failed request: 20
   Serial number of failed request: 0
   Current serial number in output stream: 15645
   at: default_window_error_handler (platform/linuxbsd/x11/display_server_x11.cpp:1310)
ERROR: Unhandled XServer error: BadWindow (invalid Window parameter)
   Major opcode of failed request: 20
   Serial number of failed request: 0
   Current serial number in output stream: 15673
   at: default_window_error_handler (platform/linuxbsd/x11/display_server_x11.cpp:1310)
ERROR: Unhandled XServer error: BadWindow (invalid Window parameter)
   Major opcode of failed request: 20
   Serial number of failed request: 0
   Current serial number in output stream: 15701
   at: default_window_error_handler (platform/linuxbsd/x11/display_server_x11.cpp:1310)
ERROR: Unhandled XServer error: BadWindow (invalid Window parameter)
   Major opcode of failed request: 20
   Serial number of failed request: 0
   Current serial number in output stream: 15729
   at: default_window_error_handler (platform/linuxbsd/x11/display_server_x11.cpp:1310)
ERROR: Unhandled XServer error: BadWindow (invalid Window parameter)
   Major opcode of failed request: 20
   Serial number of failed request: 0
   Current serial number in output stream: 15757
   at: default_window_error_handler (platform/linuxbsd/x11/display_server_x11.cpp:1310)
ERROR: Unhandled XServer error: BadWindow (invalid Window parameter)
   Major opcode of failed request: 20
   Serial number of failed request: 0
   Current serial number in output stream: 15785
   at: default_window_error_handler (platform/linuxbsd/x11/display_server_x11.cpp:1310)
ERROR: Unhandled XServer error: BadWindow (invalid Window parameter)
   Major opcode of failed request: 20
   Serial number of failed request: 0
   Current serial number in output stream: 15813
   at: default_window_error_handler (platform/linuxbsd/x11/display_server_x11.cpp:1310)
ERROR: Unhandled XServer error: BadWindow (invalid Window parameter)
   Major opcode of failed request: 20
   Serial number of failed request: 0
   Current serial number in output stream: 15841
   at: default_window_error_handler (platform/linuxbsd/x11/display_server_x11.cpp:1310)
ERROR: Unhandled XServer error: BadWindow (invalid Window parameter)
   Major opcode of failed request: 20
   Serial number of failed request: 0
   Current serial number in output stream: 15869
   at: default_window_error_handler (platform/linuxbsd/x11/display_server_x11.cpp:1310)
ERROR: Unhandled XServer error: BadWindow (invalid Window parameter)
   Major opcode of failed request: 20
   Serial number of failed request: 0
   Current serial number in output stream: 15897
   at: default_window_error_handler (platform/linuxbsd/x11/display_server_x11.cpp:1310)
ERROR: Unhandled XServer error: BadWindow (invalid Window parameter)
   Major opcode of failed request: 20
   Serial number of failed request: 0
   Current serial number in output stream: 15925
   at: default_window_error_handler (platform/linuxbsd/x11/display_server_x11.cpp:1310)
ERROR: Unhandled XServer error: BadWindow (invalid Window parameter)
   Major opcode of failed request: 20
   Serial number of failed request: 0
   Current serial number in output stream: 15953
   at: default_window_error_handler (platform/linuxbsd/x11/display_server_x11.cpp:1310)
ERROR: Unhandled XServer error: BadWindow (invalid Window parameter)
   Major opcode of failed request: 20
   Serial number of failed request: 0
   Current serial number in output stream: 15981
   at: default_window_error_handler (platform/linuxbsd/x11/display_server_x11.cpp:1310)
ERROR: Unhandled XServer error: BadWindow (invalid Window parameter)
   Major opcode of failed request: 20
   Serial number of failed request: 0
   Current serial number in output stream: 16009
   at: default_window_error_handler (platform/linuxbsd/x11/display_server_x11.cpp:1310)
ERROR: Unhandled XServer error: BadWindow (invalid Window parameter)
   Major opcode of failed request: 20
   Serial number of failed request: 0
   Current serial number in output stream: 16037
   at: default_window_error_handler (platform/linuxbsd/x11/display_server_x11.cpp:1310)
ERROR: Unhandled XServer error: BadWindow (invalid Window parameter)
   Major opcode of failed request: 20
   Serial number of failed request: 0
   Current serial number in output stream: 16065
   at: default_window_error_handler (platform/linuxbsd/x11/display_server_x11.cpp:1310)
ERROR: Unhandled XServer error: BadWindow (invalid Window parameter)
   Major opcode of failed request: 20
   Serial number of failed request: 0
   Current serial number in output stream: 16093
   at: default_window_error_handler (platform/linuxbsd/x11/display_server_x11.cpp:1310)
ERROR: Unhandled XServer error: BadWindow (invalid Window parameter)
   Major opcode of failed request: 20
   Serial number of failed request: 0
   Current serial number in output stream: 16121
   at: default_window_error_handler (platform/linuxbsd/x11/display_server_x11.cpp:1310)
ERROR: Unhandled XServer error: BadWindow (invalid Window parameter)
   Major opcode of failed request: 20
   Serial number of failed request: 0
   Current serial number in output stream: 16149
   at: default_window_error_handler (platform/linuxbsd/x11/display_server_x11.cpp:1310)
ERROR: Unhandled XServer error: BadWindow (invalid Window parameter)
   Major opcode of failed request: 20
   Serial number of failed request: 0
   Current serial number in output stream: 16177
   at: default_window_error_handler (platform/linuxbsd/x11/display_server_x11.cpp:1310)
ERROR: Unhandled XServer error: BadWindow (invalid Window parameter)
   Major opcode of failed request: 20
   Serial number of failed request: 0
   Current serial number in output stream: 16205
   at: default_window_error_handler (platform/linuxbsd/x11/display_server_x11.cpp:1310)
ERROR: Unhandled XServer error: BadWindow (invalid Window parameter)
   Major opcode of failed request: 20
   Serial number of failed request: 0
   Current serial number in output stream: 16233
   at: default_window_error_handler (platform/linuxbsd/x11/display_server_x11.cpp:1310)
ERROR: Unhandled XServer error: BadWindow (invalid Window parameter)
   Major opcode of failed request: 20
   Serial number of failed request: 0
   Current serial number in output stream: 16261
   at: default_window_error_handler (platform/linuxbsd/x11/display_server_x11.cpp:1310)
ERROR: Unhandled XServer error: BadWindow (invalid Window parameter)
   Major opcode of failed request: 20
   Serial number of failed request: 0
   Current serial number in output stream: 16289
   at: default_window_error_handler (platform/linuxbsd/x11/display_server_x11.cpp:1310)
ERROR: Unhandled XServer error: BadWindow (invalid Window parameter)
   Major opcode of failed request: 20
   Serial number of failed request: 0
   Current serial number in output stream: 16317
   at: default_window_error_handler (platform/linuxbsd/x11/display_server_x11.cpp:1310)
ERROR: Unhandled XServer error: BadWindow (invalid Window parameter)
   Major opcode of failed request: 20
   Serial number of failed request: 0
   Current serial number in output stream: 16345
   at: default_window_error_handler (platform/linuxbsd/x11/display_server_x11.cpp:1310)
ERROR: Unhandled XServer error: BadWindow (invalid Window parameter)
   Major opcode of failed request: 20
   Serial number of failed request: 0
   Current serial number in output stream: 16373
   at: default_window_error_handler (platform/linuxbsd/x11/display_server_x11.cpp:1310)
ERROR: Unhandled XServer error: BadWindow (invalid Window parameter)
   Major opcode of failed request: 20
   Serial number of failed request: 0
   Current serial number in output stream: 16401
   at: default_window_error_handler (platform/linuxbsd/x11/display_server_x11.cpp:1310)
ERROR: Unhandled XServer error: BadWindow (invalid Window parameter)
   Major opcode of failed request: 20
   Serial number of failed request: 0
   Current serial number in output stream: 16429
   at: default_window_error_handler (platform/linuxbsd/x11/display_server_x11.cpp:1310)
ERROR: Unhandled XServer error: BadWindow (invalid Window parameter)
   Major opcode of failed request: 20
   Serial number of failed request: 0
   Current serial number in output stream: 16457
   at: default_window_error_handler (platform/linuxbsd/x11/display_server_x11.cpp:1310)
ERROR: Unhandled XServer error: BadWindow (invalid Window parameter)
   Major opcode of failed request: 20
   Serial number of failed request: 0
   Current serial number in output stream: 16485
   at: default_window_error_handler (platform/linuxbsd/x11/display_server_x11.cpp:1310)
ERROR: Unhandled XServer error: BadWindow (invalid Window parameter)
   Major opcode of failed request: 20
   Serial number of failed request: 0
   Current serial number in output stream: 16513
   at: default_window_error_handler (platform/linuxbsd/x11/display_server_x11.cpp:1310)
ERROR: Unhandled XServer error: BadWindow (invalid Window parameter)
   Major opcode of failed request: 20
   Serial number of failed request: 0
   Current serial number in output stream: 16541
   at: default_window_error_handler (platform/linuxbsd/x11/display_server_x11.cpp:1310)
ERROR: Unhandled XServer error: BadWindow (invalid Window parameter)
   Major opcode of failed request: 20
   Serial number of failed request: 0
   Current serial number in output stream: 16569
   at: default_window_error_handler (platform/linuxbsd/x11/display_server_x11.cpp:1310)
ERROR: Unhandled XServer error: BadWindow (invalid Window parameter)
   Major opcode of failed request: 20
   Serial number of failed request: 0
   Current serial number in output stream: 16597
   at: default_window_error_handler (platform/linuxbsd/x11/display_server_x11.cpp:1310)
ERROR: Unhandled XServer error: BadWindow (invalid Window parameter)
   Major opcode of failed request: 20
   Serial number of failed request: 0
   Current serial number in output stream: 16625
   at: default_window_error_handler (platform/linuxbsd/x11/display_server_x11.cpp:1310)
ERROR: Unhandled XServer error: BadWindow (invalid Window parameter)
   Major opcode of failed request: 20
   Serial number of failed request: 0
   Current serial number in output stream: 16679
   at: default_window_error_handler (platform/linuxbsd/x11/display_server_x11.cpp:1310)
ERROR: Unhandled XServer error: BadWindow (invalid Window parameter)
   Major opcode of failed request: 20
   Serial number of failed request: 0
   Current serial number in output stream: 16707
   at: default_window_error_handler (platform/linuxbsd/x11/display_server_x11.cpp:1310)
ERROR: Unhandled XServer error: BadWindow (invalid Window parameter)
   Major opcode of failed request: 20
   Serial number of failed request: 0
   Current serial number in output stream: 16735
   at: default_window_error_handler (platform/linuxbsd/x11/display_server_x11.cpp:1310)
ERROR: Unhandled XServer error: BadWindow (invalid Window parameter)
   Major opcode of failed request: 20
   Serial number of failed request: 0
   Current serial number in output stream: 16763
   at: default_window_error_handler (platform/linuxbsd/x11/display_server_x11.cpp:1310)
ERROR: Unhandled XServer error: BadWindow (invalid Window parameter)
   Major opcode of failed request: 20
   Serial number of failed request: 0
   Current serial number in output stream: 16791
   at: default_window_error_handler (platform/linuxbsd/x11/display_server_x11.cpp:1310)
ERROR: Unhandled XServer error: BadWindow (invalid Window parameter)
   Major opcode of failed request: 20
   Serial number of failed request: 0
   Current serial number in output stream: 16819
   at: default_window_error_handler (platform/linuxbsd/x11/display_server_x11.cpp:1310)
ERROR: Unhandled XServer error: BadWindow (invalid Window parameter)
   Major opcode of failed request: 20
   Serial number of failed request: 0
   Current serial number in output stream: 16847
   at: default_window_error_handler (platform/linuxbsd/x11/display_server_x11.cpp:1310)
ERROR: Unhandled XServer error: BadWindow (invalid Window parameter)
   Major opcode of failed request: 20
   Serial number of failed request: 0
   Current serial number in output stream: 16875
   at: default_window_error_handler (platform/linuxbsd/x11/display_server_x11.cpp:1310)
ERROR: Unhandled XServer error: BadWindow (invalid Window parameter)
   Major opcode of failed request: 20
   Serial number of failed request: 0
   Current serial number in output stream: 16903
   at: default_window_error_handler (platform/linuxbsd/x11/display_server_x11.cpp:1310)
ERROR: Unhandled XServer error: BadWindow (invalid Window parameter)
   Major opcode of failed request: 20
   Serial number of failed request: 0
   Current serial number in output stream: 16931
   at: default_window_error_handler (platform/linuxbsd/x11/display_server_x11.cpp:1310)
ERROR: Unhandled XServer error: BadWindow (invalid Window parameter)
   Major opcode of failed request: 20
   Serial number of failed request: 0
   Current serial number in output stream: 16959
   at: default_window_error_handler (platform/linuxbsd/x11/display_server_x11.cpp:1310)
ERROR: Unhandled XServer error: BadWindow (invalid Window parameter)
   Major opcode of failed request: 20
   Serial number of failed request: 0
   Current serial number in output stream: 16987
   at: default_window_error_handler (platform/linuxbsd/x11/display_server_x11.cpp:1310)
ERROR: Unhandled XServer error: BadWindow (invalid Window parameter)
   Major opcode of failed request: 20
   Serial number of failed request: 0
   Current serial number in output stream: 17015
   at: default_window_error_handler (platform/linuxbsd/x11/display_server_x11.cpp:1310)
ERROR: Unhandled XServer error: BadWindow (invalid Window parameter)
   Major opcode of failed request: 20
   Serial number of failed request: 0
   Current serial number in output stream: 17043
   at: default_window_error_handler (platform/linuxbsd/x11/display_server_x11.cpp:1310)
ERROR: Unhandled XServer error: BadWindow (invalid Window parameter)
   Major opcode of failed request: 20
   Serial number of failed request: 0
   Current serial number in output stream: 17071
   at: default_window_error_handler (platform/linuxbsd/x11/display_server_x11.cpp:1310)
ERROR: Unhandled XServer error: BadWindow (invalid Window parameter)
   Major opcode of failed request: 20
   Serial number of failed request: 0
   Current serial number in output stream: 17125
   at: default_window_error_handler (platform/linuxbsd/x11/display_server_x11.cpp:1310)
ERROR: Unhandled XServer error: BadWindow (invalid Window parameter)
   Major opcode of failed request: 20
   Serial number of failed request: 0
   Current serial number in output stream: 17153
   at: default_window_error_handler (platform/linuxbsd/x11/display_server_x11.cpp:1310)
ERROR: Unhandled XServer error: BadWindow (invalid Window parameter)
   Major opcode of failed request: 20
   Serial number of failed request: 0
   Current serial number in output stream: 17181
   at: default_window_error_handler (platform/linuxbsd/x11/display_server_x11.cpp:1310)
ERROR: Unhandled XServer error: BadWindow (invalid Window parameter)
   Major opcode of failed request: 20
   Serial number of failed request: 0
   Current serial number in output stream: 17209
   at: default_window_error_handler (platform/linuxbsd/x11/display_server_x11.cpp:1310)
ERROR: Unhandled XServer error: BadWindow (invalid Window parameter)
   Major opcode of failed request: 20
   Serial number of failed request: 0
   Current serial number in output stream: 17237
   at: default_window_error_handler (platform/linuxbsd/x11/display_server_x11.cpp:1310)
ERROR: Unhandled XServer error: BadWindow (invalid Window parameter)
   Major opcode of failed request: 20
   Serial number of failed request: 0
   Current serial number in output stream: 17265
   at: default_window_error_handler (platform/linuxbsd/x11/display_server_x11.cpp:1310)
ERROR: Unhandled XServer error: BadWindow (invalid Window parameter)
   Major opcode of failed request: 20
   Serial number of failed request: 0
   Current serial number in output stream: 17293
   at: default_window_error_handler (platform/linuxbsd/x11/display_server_x11.cpp:1310)
ERROR: Unhandled XServer error: BadWindow (invalid Window parameter)
   Major opcode of failed request: 20
   Serial number of failed request: 0
   Current serial number in output stream: 17325
   at: default_window_error_handler (platform/linuxbsd/x11/display_server_x11.cpp:1310)
ERROR: Unhandled XServer error: BadWindow (invalid Window parameter)
   Major opcode of failed request: 20
   Serial number of failed request: 0
   Current serial number in output stream: 17353
   at: default_window_error_handler (platform/linuxbsd/x11/display_server_x11.cpp:1310)
ERROR: Unhandled XServer error: BadWindow (invalid Window parameter)
   Major opcode of failed request: 20
   Serial number of failed request: 0
   Current serial number in output stream: 17381
   at: default_window_error_handler (platform/linuxbsd/x11/display_server_x11.cpp:1310)
ERROR: Unhandled XServer error: BadWindow (invalid Window parameter)
   Major opcode of failed request: 20
   Serial number of failed request: 0
   Current serial number in output stream: 17409
   at: default_window_error_handler (platform/linuxbsd/x11/display_server_x11.cpp:1310)
ERROR: Unhandled XServer error: BadWindow (invalid Window parameter)
   Major opcode of failed request: 20
   Serial number of failed request: 0
   Current serial number in output stream: 17437
   at: default_window_error_handler (platform/linuxbsd/x11/display_server_x11.cpp:1310)
ERROR: Unhandled XServer error: BadWindow (invalid Window parameter)
   Major opcode of failed request: 20
   Serial number of failed request: 0
   Current serial number in output stream: 17465
   at: default_window_error_handler (platform/linuxbsd/x11/display_server_x11.cpp:1310)
ERROR: Unhandled XServer error: BadWindow (invalid Window parameter)
   Major opcode of failed request: 20
   Serial number of failed request: 0
   Current serial number in output stream: 17513
   at: default_window_error_handler (platform/linuxbsd/x11/display_server_x11.cpp:1310)
ERROR: Unhandled XServer error: BadWindow (invalid Window parameter)
   Major opcode of failed request: 20
   Serial number of failed request: 0
   Current serial number in output stream: 17567
   at: default_window_error_handler (platform/linuxbsd/x11/display_server_x11.cpp:1310)
ERROR: Unhandled XServer error: BadWindow (invalid Window parameter)
   Major opcode of failed request: 20
   Serial number of failed request: 0
   Current serial number in output stream: 17595
   at: default_window_error_handler (platform/linuxbsd/x11/display_server_x11.cpp:1310)
ERROR: Unhandled XServer error: BadWindow (invalid Window parameter)
   Major opcode of failed request: 20
   Serial number of failed request: 0
   Current serial number in output stream: 17623
   at: default_window_error_handler (platform/linuxbsd/x11/display_server_x11.cpp:1310)
ERROR: Unhandled XServer error: BadWindow (invalid Window parameter)
   Major opcode of failed request: 20
   Serial number of failed request: 0
   Current serial number in output stream: 17651
   at: default_window_error_handler (platform/linuxbsd/x11/display_server_x11.cpp:1310)
ERROR: Unhandled XServer error: BadWindow (invalid Window parameter)
   Major opcode of failed request: 20
   Serial number of failed request: 0
   Current serial number in output stream: 17679
   at: default_window_error_handler (platform/linuxbsd/x11/display_server_x11.cpp:1310)
ERROR: Unhandled XServer error: BadWindow (invalid Window parameter)
   Major opcode of failed request: 20
   Serial number of failed request: 0
   Current serial number in output stream: 17707
   at: default_window_error_handler (platform/linuxbsd/x11/display_server_x11.cpp:1310)
ERROR: Unhandled XServer error: BadWindow (invalid Window parameter)
   Major opcode of failed request: 20
   Serial number of failed request: 0
   Current serial number in output stream: 17735
   at: default_window_error_handler (platform/linuxbsd/x11/display_server_x11.cpp:1310)
ERROR: Unhandled XServer error: BadWindow (invalid Window parameter)
   Major opcode of failed request: 20
   Serial number of failed request: 0
   Current serial number in output stream: 17763
   at: default_window_error_handler (platform/linuxbsd/x11/display_server_x11.cpp:1310)
ERROR: Unhandled XServer error: BadWindow (invalid Window parameter)
   Major opcode of failed request: 20
   Serial number of failed request: 0
   Current serial number in output stream: 17791
   at: default_window_error_handler (platform/linuxbsd/x11/display_server_x11.cpp:1310)
ERROR: Unhandled XServer error: BadWindow (invalid Window parameter)
   Major opcode of failed request: 20
   Serial number of failed request: 0
   Current serial number in output stream: 17819
   at: default_window_error_handler (platform/linuxbsd/x11/display_server_x11.cpp:1310)
ERROR: Unhandled XServer error: BadWindow (invalid Window parameter)
   Major opcode of failed request: 20
   Serial number of failed request: 0
   Current serial number in output stream: 17847
   at: default_window_error_handler (platform/linuxbsd/x11/display_server_x11.cpp:1310)
ERROR: Unhandled XServer error: BadWindow (invalid Window parameter)
   Major opcode of failed request: 20
   Serial number of failed request: 0
   Current serial number in output stream: 17875
   at: default_window_error_handler (platform/linuxbsd/x11/display_server_x11.cpp:1310)
ERROR: Unhandled XServer error: BadWindow (invalid Window parameter)
   Major opcode of failed request: 20
   Serial number of failed request: 0
   Current serial number in output stream: 17903
   at: default_window_error_handler (platform/linuxbsd/x11/display_server_x11.cpp:1310)
ERROR: Unhandled XServer error: BadWindow (invalid Window parameter)
   Major opcode of failed request: 20
   Serial number of failed request: 0
   Current serial number in output stream: 17931
   at: default_window_error_handler (platform/linuxbsd/x11/display_server_x11.cpp:1310)
ERROR: Unhandled XServer error: BadWindow (invalid Window parameter)
   Major opcode of failed request: 20
   Serial number of failed request: 0
   Current serial number in output stream: 17959
   at: default_window_error_handler (platform/linuxbsd/x11/display_server_x11.cpp:1310)
ERROR: Unhandled XServer error: BadWindow (invalid Window parameter)
   Major opcode of failed request: 20
   Serial number of failed request: 0
   Current serial number in output stream: 17987
   at: default_window_error_handler (platform/linuxbsd/x11/display_server_x11.cpp:1310)
ERROR: Unhandled XServer error: BadWindow (invalid Window parameter)
   Major opcode of failed request: 20
   Serial number of failed request: 0
   Current serial number in output stream: 18041
   at: default_window_error_handler (platform/linuxbsd/x11/display_server_x11.cpp:1310)
ERROR: Unhandled XServer error: BadWindow (invalid Window parameter)
   Major opcode of failed request: 20
   Serial number of failed request: 0
   Current serial number in output stream: 18069
   at: default_window_error_handler (platform/linuxbsd/x11/display_server_x11.cpp:1310)
ERROR: Unhandled XServer error: BadWindow (invalid Window parameter)
   Major opcode of failed request: 20
   Serial number of failed request: 0
   Current serial number in output stream: 18097
   at: default_window_error_handler (platform/linuxbsd/x11/display_server_x11.cpp:1310)
ERROR: Unhandled XServer error: BadWindow (invalid Window parameter)
   Major opcode of failed request: 20
   Serial number of failed request: 0
   Current serial number in output stream: 18125
   at: default_window_error_handler (platform/linuxbsd/x11/display_server_x11.cpp:1310)
ERROR: Unhandled XServer error: BadWindow (invalid Window parameter)
   Major opcode of failed request: 20
   Serial number of failed request: 0
   Current serial number in output stream: 18153
   at: default_window_error_handler (platform/linuxbsd/x11/display_server_x11.cpp:1310)
ERROR: Unhandled XServer error: BadWindow (invalid Window parameter)
   Major opcode of failed request: 20
   Serial number of failed request: 0
   Current serial number in output stream: 18181
   at: default_window_error_handler (platform/linuxbsd/x11/display_server_x11.cpp:1310)
ERROR: Unhandled XServer error: BadWindow (invalid Window parameter)
   Major opcode of failed request: 20
   Serial number of failed request: 0
   Current serial number in output stream: 18209
   at: default_window_error_handler (platform/linuxbsd/x11/display_server_x11.cpp:1310)
ERROR: Unhandled XServer error: BadWindow (invalid Window parameter)
   Major opcode of failed request: 20
   Serial number of failed request: 0
   Current serial number in output stream: 18237
   at: default_window_error_handler (platform/linuxbsd/x11/display_server_x11.cpp:1310)
ERROR: Unhandled XServer error: BadWindow (invalid Window parameter)
   Major opcode of failed request: 20
   Serial number of failed request: 0
   Current serial number in output stream: 18265
   at: default_window_error_handler (platform/linuxbsd/x11/display_server_x11.cpp:1310)
ERROR: Unhandled XServer error: BadWindow (invalid Window parameter)
   Major opcode of failed request: 20
   Serial number of failed request: 0
   Current serial number in output stream: 18293
   at: default_window_error_handler (platform/linuxbsd/x11/display_server_x11.cpp:1310)
ERROR: Unhandled XServer error: BadWindow (invalid Window parameter)
   Major opcode of failed request: 20
   Serial number of failed request: 0
   Current serial number in output stream: 18325
   at: default_window_error_handler (platform/linuxbsd/x11/display_server_x11.cpp:1310)
ERROR: Unhandled XServer error: BadWindow (invalid Window parameter)
   Major opcode of failed request: 20
   Serial number of failed request: 0
   Current serial number in output stream: 18353
   at: default_window_error_handler (platform/linuxbsd/x11/display_server_x11.cpp:1310)
ERROR: Unhandled XServer error: BadWindow (invalid Window parameter)
   Major opcode of failed request: 20
   Serial number of failed request: 0
   Current serial number in output stream: 18381
   at: default_window_error_handler (platform/linuxbsd/x11/display_server_x11.cpp:1310)
ERROR: Unhandled XServer error: BadWindow (invalid Window parameter)
   Major opcode of failed request: 20
   Serial number of failed request: 0
   Current serial number in output stream: 18409
   at: default_window_error_handler (platform/linuxbsd/x11/display_server_x11.cpp:1310)
ERROR: Unhandled XServer error: BadWindow (invalid Window parameter)
   Major opcode of failed request: 20
   Serial number of failed request: 0
   Current serial number in output stream: 18463
   at: default_window_error_handler (platform/linuxbsd/x11/display_server_x11.cpp:1310)
ERROR: Unhandled XServer error: BadWindow (invalid Window parameter)
   Major opcode of failed request: 20
   Serial number of failed request: 0
   Current serial number in output stream: 18491
   at: default_window_error_handler (platform/linuxbsd/x11/display_server_x11.cpp:1310)
ERROR: Unhandled XServer error: BadWindow (invalid Window parameter)
   Major opcode of failed request: 20
   Serial number of failed request: 0
   Current serial number in output stream: 18519
   at: default_window_error_handler (platform/linuxbsd/x11/display_server_x11.cpp:1310)
ERROR: Unhandled XServer error: BadWindow (invalid Window parameter)
   Major opcode of failed request: 20
   Serial number of failed request: 0
   Current serial number in output stream: 18547
   at: default_window_error_handler (platform/linuxbsd/x11/display_server_x11.cpp:1310)
ERROR: Unhandled XServer error: BadWindow (invalid Window parameter)
   Major opcode of failed request: 20
   Serial number of failed request: 0
   Current serial number in output stream: 18575
   at: default_window_error_handler (platform/linuxbsd/x11/display_server_x11.cpp:1310)
ERROR: Unhandled XServer error: BadWindow (invalid Window parameter)
   Major opcode of failed request: 20
   Serial number of failed request: 0
   Current serial number in output stream: 18603
   at: default_window_error_handler (platform/linuxbsd/x11/display_server_x11.cpp:1310)
ERROR: Unhandled XServer error: BadWindow (invalid Window parameter)
   Major opcode of failed request: 20
   Serial number of failed request: 0
   Current serial number in output stream: 18631
   at: default_window_error_handler (platform/linuxbsd/x11/display_server_x11.cpp:1310)
ERROR: Unhandled XServer error: BadWindow (invalid Window parameter)
   Major opcode of failed request: 20
   Serial number of failed request: 0
   Current serial number in output stream: 18659
   at: default_window_error_handler (platform/linuxbsd/x11/display_server_x11.cpp:1310)
ERROR: Unhandled XServer error: BadWindow (invalid Window parameter)
   Major opcode of failed request: 20
   Serial number of failed request: 0
   Current serial number in output stream: 18687
   at: default_window_error_handler (platform/linuxbsd/x11/display_server_x11.cpp:1310)
ERROR: Unhandled XServer error: BadWindow (invalid Window parameter)
   Major opcode of failed request: 20
   Serial number of failed request: 0
   Current serial number in output stream: 18719
   at: default_window_error_handler (platform/linuxbsd/x11/display_server_x11.cpp:1310)
ERROR: Unhandled XServer error: BadWindow (invalid Window parameter)
   Major opcode of failed request: 20
   Serial number of failed request: 0
   Current serial number in output stream: 18747
   at: default_window_error_handler (platform/linuxbsd/x11/display_server_x11.cpp:1310)
Godot Engine v4.6.3.stable.official.7d41c59c4 - https://godotengine.org
ERROR: Unhandled XServer error: BadWindow (invalid Window parameter)
   Major opcode of failed request: 20
   Serial number of failed request: 0
   Current serial number in output stream: 19144
   at: default_window_error_handler (platform/linuxbsd/x11/display_server_x11.cpp:1310)
ERROR: Unhandled XServer error: BadWindow (invalid Window parameter)
   Major opcode of failed request: 20
   Serial number of failed request: 0
   Current serial number in output stream: 19213
   at: default_window_error_handler (platform/linuxbsd/x11/display_server_x11.cpp:1310)
ERROR: Unhandled XServer error: BadWindow (invalid Window parameter)
   Major opcode of failed request: 20
   Serial number of failed request: 0
   Current serial number in output stream: 19280
   at: default_window_error_handler (platform/linuxbsd/x11/display_server_x11.cpp:1310)
ERROR: Unhandled XServer error: BadWindow (invalid Window parameter)
   Major opcode of failed request: 20
   Serial number of failed request: 0
   Current serial number in output stream: 19359
   at: default_window_error_handler (platform/linuxbsd/x11/display_server_x11.cpp:1310)
ERROR: Unhandled XServer error: BadWindow (invalid Window parameter)
   Major opcode of failed request: 20
   Serial number of failed request: 0
   Current serial number in output stream: 19436
   at: default_window_error_handler (platform/linuxbsd/x11/display_server_x11.cpp:1310)
ERROR: Unhandled XServer error: BadWindow (invalid Window parameter)
   Major opcode of failed request: 20
   Serial number of failed request: 0
   Current serial number in output stream: 19521
   at: default_window_error_handler (platform/linuxbsd/x11/display_server_x11.cpp:1310)
ERROR: Unhandled XServer error: BadWindow (invalid Window parameter)
   Major opcode of failed request: 20
   Serial number of failed request: 0
   Current serial number in output stream: 19598
   at: default_window_error_handler (platform/linuxbsd/x11/display_server_x11.cpp:1310)
ERROR: Unhandled XServer error: BadWindow (invalid Window parameter)
   Major opcode of failed request: 20
   Serial number of failed request: 0
   Current serial number in output stream: 19662
   at: default_window_error_handler (platform/linuxbsd/x11/display_server_x11.cpp:1310)
ERROR: Unhandled XServer error: BadWindow (invalid Window parameter)
   Major opcode of failed request: 20
   Serial number of failed request: 0
   Current serial number in output stream: 19729
   at: default_window_error_handler (platform/linuxbsd/x11/display_server_x11.cpp:1310)
ERROR: Unhandled XServer error: BadWindow (invalid Window parameter)
   Major opcode of failed request: 20
   Serial number of failed request: 0
   Current serial number in output stream: 19798
   at: default_window_error_handler (platform/linuxbsd/x11/display_server_x11.cpp:1310)
ERROR: Unhandled XServer error: BadWindow (invalid Window parameter)
   Major opcode of failed request: 20
   Serial number of failed request: 0
   Current serial number in output stream: 19871
   at: default_window_error_handler (platform/linuxbsd/x11/display_server_x11.cpp:1310)
ERROR: Unhandled XServer error: BadWindow (invalid Window parameter)
   Major opcode of failed request: 20
   Serial number of failed request: 0
   Current serial number in output stream: 19948
   at: default_window_error_handler (platform/linuxbsd/x11/display_server_x11.cpp:1310)
ERROR: Unhandled XServer error: BadWindow (invalid Window parameter)
   Major opcode of failed request: 20
   Serial number of failed request: 0
   Current serial number in output stream: 20025
   at: default_window_error_handler (platform/linuxbsd/x11/display_server_x11.cpp:1310)
ERROR: Unhandled XServer error: BadWindow (invalid Window parameter)
   Major opcode of failed request: 20
   Serial number of failed request: 0
   Current serial number in output stream: 20108
   at: default_window_error_handler (platform/linuxbsd/x11/display_server_x11.cpp:1310)
ERROR: Unhandled XServer error: BadWindow (invalid Window parameter)
   Major opcode of failed request: 20
   Serial number of failed request: 0
   Current serial number in output stream: 20193
   at: default_window_error_handler (platform/linuxbsd/x11/display_server_x11.cpp:1310)
ERROR: Unhandled XServer error: BadWindow (invalid Window parameter)
   Major opcode of failed request: 20
   Serial number of failed request: 0
   Current serial number in output stream: 20270
   at: default_window_error_handler (platform/linuxbsd/x11/display_server_x11.cpp:1310)
ERROR: Unhandled XServer error: BadWindow (invalid Window parameter)
   Major opcode of failed request: 20
   Serial number of failed request: 0
   Current serial number in output stream: 20334
   at: default_window_error_handler (platform/linuxbsd/x11/display_server_x11.cpp:1310)
ERROR: Unhandled XServer error: BadWindow (invalid Window parameter)
   Major opcode of failed request: 20
   Serial number of failed request: 0
   Current serial number in output stream: 20409
   at: default_window_error_handler (platform/linuxbsd/x11/display_server_x11.cpp:1310)
ERROR: Unhandled XServer error: BadWindow (invalid Window parameter)
   Major opcode of failed request: 20
   Serial number of failed request: 0
   Current serial number in output stream: 20488
   at: default_window_error_handler (platform/linuxbsd/x11/display_server_x11.cpp:1310)
ERROR: Unhandled XServer error: BadWindow (invalid Window parameter)
   Major opcode of failed request: 20
   Serial number of failed request: 0
   Current serial number in output stream: 20559
   at: default_window_error_handler (platform/linuxbsd/x11/display_server_x11.cpp:1310)
ERROR: Unhandled XServer error: BadWindow (invalid Window parameter)
   Major opcode of failed request: 20
   Serial number of failed request: 0
   Current serial number in output stream: 20632
   at: default_window_error_handler (platform/linuxbsd/x11/display_server_x11.cpp:1310)
ERROR: Unhandled XServer error: BadWindow (invalid Window parameter)
   Major opcode of failed request: 20
   Serial number of failed request: 0
   Current serial number in output stream: 20705
   at: default_window_error_handler (platform/linuxbsd/x11/display_server_x11.cpp:1310)
ERROR: Unhandled XServer error: BadWindow (invalid Window parameter)
   Major opcode of failed request: 20
   Serial number of failed request: 0
   Current serial number in output stream: 20778
   at: default_window_error_handler (platform/linuxbsd/x11/display_server_x11.cpp:1310)
ERROR: Unhandled XServer error: BadWindow (invalid Window parameter)
   Major opcode of failed request: 20
   Serial number of failed request: 0
   Current serial number in output stream: 20855
   at: default_window_error_handler (platform/linuxbsd/x11/display_server_x11.cpp:1310)
ERROR: Unhandled XServer error: BadWindow (invalid Window parameter)
   Major opcode of failed request: 20
   Serial number of failed request: 0
   Current serial number in output stream: 20925
   at: default_window_error_handler (platform/linuxbsd/x11/display_server_x11.cpp:1310)
ERROR: Unhandled XServer error: BadWindow (invalid Window parameter)
   Major opcode of failed request: 20
   Serial number of failed request: 0
   Current serial number in output stream: 21000
   at: default_window_error_handler (platform/linuxbsd/x11/display_server_x11.cpp:1310)
ERROR: Unhandled XServer error: BadWindow (invalid Window parameter)
   Major opcode of failed request: 20
   Serial number of failed request: 0
   Current serial number in output stream: 21077
   at: default_window_error_handler (platform/linuxbsd/x11/display_server_x11.cpp:1310)
ERROR: Unhandled XServer error: BadWindow (invalid Window parameter)
   Major opcode of failed request: 20
   Serial number of failed request: 0
   Current serial number in output stream: 21146
   at: default_window_error_handler (platform/linuxbsd/x11/display_server_x11.cpp:1310)
ERROR: Unhandled XServer error: BadWindow (invalid Window parameter)
   Major opcode of failed request: 20
   Serial number of failed request: 0
   Current serial number in output stream: 21231
   at: default_window_error_handler (platform/linuxbsd/x11/display_server_x11.cpp:1310)
ERROR: Unhandled XServer error: BadWindow (invalid Window parameter)
   Major opcode of failed request: 20
   Serial number of failed request: 0
   Current serial number in output stream: 21296
   at: default_window_error_handler (platform/linuxbsd/x11/display_server_x11.cpp:1310)
WARNING: Could not set V-Sync mode, as changing V-Sync mode is not supported by the graphics driver.
     at: set_use_vsync (platform/linuxbsd/x11/gl_manager_x11.cpp:364)
ERROR: Unhandled XServer error: BadWindow (invalid Window parameter)
   Major opcode of failed request: 20
   Serial number of failed request: 0
   Current serial number in output stream: 21399
   at: default_window_error_handler (platform/linuxbsd/x11/display_server_x11.cpp:1310)
ERROR: Unhandled XServer error: BadWindow (invalid Window parameter)
   Major opcode of failed request: 20
   Serial number of failed request: 0
   Current serial number in output stream: 21427
   at: default_window_error_handler (platform/linuxbsd/x11/display_server_x11.cpp:1310)
ERROR: Unhandled XServer error: BadWindow (invalid Window parameter)
   Major opcode of failed request: 20
   Serial number of failed request: 0
   Current serial number in output stream: 21491
   at: default_window_error_handler (platform/linuxbsd/x11/display_server_x11.cpp:1310)
ERROR: Unhandled XServer error: BadWindow (invalid Window parameter)
   Major opcode of failed request: 20
   Serial number of failed request: 0
   Current serial number in output stream: 21551
   at: default_window_error_handler (platform/linuxbsd/x11/display_server_x11.cpp:1310)
ERROR: Unhandled XServer error: BadWindow (invalid Window parameter)
   Major opcode of failed request: 20
   Serial number of failed request: 0
   Current serial number in output stream: 21621
   at: default_window_error_handler (platform/linuxbsd/x11/display_server_x11.cpp:1310)
ERROR: Unhandled XServer error: BadWindow (invalid Window parameter)
   Major opcode of failed request: 20
   Serial number of failed request: 0
   Current serial number in output stream: 21681
   at: default_window_error_handler (platform/linuxbsd/x11/display_server_x11.cpp:1310)
ERROR: Unhandled XServer error: BadWindow (invalid Window parameter)
   Major opcode of failed request: 20
   Serial number of failed request: 0
   Current serial number in output stream: 21753
   at: default_window_error_handler (platform/linuxbsd/x11/display_server_x11.cpp:1310)
ERROR: Unhandled XServer error: BadWindow (invalid Window parameter)
   Major opcode of failed request: 20
   Serial number of failed request: 0
   Current serial number in output stream: 21807
   at: default_window_error_handler (platform/linuxbsd/x11/display_server_x11.cpp:1310)
ERROR: Unhandled XServer error: BadWindow (invalid Window parameter)
   Major opcode of failed request: 20
   Serial number of failed request: 0
   Current serial number in output stream: 21871
   at: default_window_error_handler (platform/linuxbsd/x11/display_server_x11.cpp:1310)
ERROR: Unhandled XServer error: BadWindow (invalid Window parameter)
   Major opcode of failed request: 20
   Serial number of failed request: 0
   Current serial number in output stream: 21931
   at: default_window_error_handler (platform/linuxbsd/x11/display_server_x11.cpp:1310)
ERROR: Unhandled XServer error: BadWindow (invalid Window parameter)
   Major opcode of failed request: 20
   Serial number of failed request: 0
   Current serial number in output stream: 21987
   at: default_window_error_handler (platform/linuxbsd/x11/display_server_x11.cpp:1310)
ERROR: Unhandled XServer error: BadWindow (invalid Window parameter)
   Major opcode of failed request: 20
   Serial number of failed request: 0
   Current serial number in output stream: 22045
   at: default_window_error_handler (platform/linuxbsd/x11/display_server_x11.cpp:1310)
ERROR: Unhandled XServer error: BadWindow (invalid Window parameter)
   Major opcode of failed request: 20
   Serial number of failed request: 0
   Current serial number in output stream: 22101
   at: default_window_error_handler (platform/linuxbsd/x11/display_server_x11.cpp:1310)
ERROR: Unhandled XServer error: BadWindow (invalid Window parameter)
   Major opcode of failed request: 20
   Serial number of failed request: 0
   Current serial number in output stream: 22155
   at: default_window_error_handler (platform/linuxbsd/x11/display_server_x11.cpp:1310)
ERROR: Unhandled XServer error: BadWindow (invalid Window parameter)
   Major opcode of failed request: 20
   Serial number of failed request: 0
   Current serial number in output stream: 22209
   at: default_window_error_handler (platform/linuxbsd/x11/display_server_x11.cpp:1310)
ERROR: Unhandled XServer error: BadWindow (invalid Window parameter)
   Major opcode of failed request: 20
   Serial number of failed request: 0
   Current serial number in output stream: 22265
   at: default_window_error_handler (platform/linuxbsd/x11/display_server_x11.cpp:1310)
ERROR: Unhandled XServer error: BadWindow (invalid Window parameter)
   Major opcode of failed request: 20
   Serial number of failed request: 0
   Current serial number in output stream: 22321
   at: default_window_error_handler (platform/linuxbsd/x11/display_server_x11.cpp:1310)
ERROR: Unhandled XServer error: BadWindow (invalid Window parameter)
   Major opcode of failed request: 20
   Serial number of failed request: 0
   Current serial number in output stream: 22369
   at: default_window_error_handler (platform/linuxbsd/x11/display_server_x11.cpp:1310)
ERROR: Unhandled XServer error: BadWindow (invalid Window parameter)
   Major opcode of failed request: 20
   Serial number of failed request: 0
   Current serial number in output stream: 22429
   at: default_window_error_handler (platform/linuxbsd/x11/display_server_x11.cpp:1310)
ERROR: Unhandled XServer error: BadWindow (invalid Window parameter)
   Major opcode of failed request: 20
   Serial number of failed request: 0
   Current serial number in output stream: 22485
   at: default_window_error_handler (platform/linuxbsd/x11/display_server_x11.cpp:1310)
ERROR: Unhandled XServer error: BadWindow (invalid Window parameter)
   Major opcode of failed request: 20
   Serial number of failed request: 0
   Current serial number in output stream: 22557
   at: default_window_error_handler (platform/linuxbsd/x11/display_server_x11.cpp:1310)
ERROR: Unhandled XServer error: BadWindow (invalid Window parameter)
   Major opcode of failed request: 20
   Serial number of failed request: 0
   Current serial number in output stream: 22605
   at: default_window_error_handler (platform/linuxbsd/x11/display_server_x11.cpp:1310)
ERROR: Unhandled XServer error: BadWindow (invalid Window parameter)
   Major opcode of failed request: 20
   Serial number of failed request: 0
   Current serial number in output stream: 22659
   at: default_window_error_handler (platform/linuxbsd/x11/display_server_x11.cpp:1310)
ERROR: Unhandled XServer error: BadWindow (invalid Window parameter)
   Major opcode of failed request: 20
   Serial number of failed request: 0
   Current serial number in output stream: 22715
   at: default_window_error_handler (platform/linuxbsd/x11/display_server_x11.cpp:1310)
ERROR: Unhandled XServer error: BadWindow (invalid Window parameter)
   Major opcode of failed request: 20
   Serial number of failed request: 0
   Current serial number in output stream: 22767
   at: default_window_error_handler (platform/linuxbsd/x11/display_server_x11.cpp:1310)
ERROR: Unhandled XServer error: BadWindow (invalid Window parameter)
   Major opcode of failed request: 20
   Serial number of failed request: 0
   Current serial number in output stream: 22827
   at: default_window_error_handler (platform/linuxbsd/x11/display_server_x11.cpp:1310)
ERROR: Unhandled XServer error: BadWindow (invalid Window parameter)
   Major opcode of failed request: 20
   Serial number of failed request: 0
   Current serial number in output stream: 22883
   at: default_window_error_handler (platform/linuxbsd/x11/display_server_x11.cpp:1310)
ERROR: Unhandled XServer error: BadWindow (invalid Window parameter)
   Major opcode of failed request: 20
   Serial number of failed request: 0
   Current serial number in output stream: 22939
   at: default_window_error_handler (platform/linuxbsd/x11/display_server_x11.cpp:1310)
ERROR: Unhandled XServer error: BadWindow (invalid Window parameter)
   Major opcode of failed request: 20
   Serial number of failed request: 0
   Current serial number in output stream: 22995
   at: default_window_error_handler (platform/linuxbsd/x11/display_server_x11.cpp:1310)
ERROR: Unhandled XServer error: BadWindow (invalid Window parameter)
   Major opcode of failed request: 20
   Serial number of failed request: 0
   Current serial number in output stream: 23057
   at: default_window_error_handler (platform/linuxbsd/x11/display_server_x11.cpp:1310)
ERROR: Unhandled XServer error: BadWindow (invalid Window parameter)
   Major opcode of failed request: 20
   Serial number of failed request: 0
   Current serial number in output stream: 23113
   at: default_window_error_handler (platform/linuxbsd/x11/display_server_x11.cpp:1310)
ERROR: Unhandled XServer error: BadWindow (invalid Window parameter)
   Major opcode of failed request: 20
   Serial number of failed request: 0
   Current serial number in output stream: 23175
   at: default_window_error_handler (platform/linuxbsd/x11/display_server_x11.cpp:1310)
ERROR: Unhandled XServer error: BadWindow (invalid Window parameter)
   Major opcode of failed request: 20
   Serial number of failed request: 0
   Current serial number in output stream: 23233
   at: default_window_error_handler (platform/linuxbsd/x11/display_server_x11.cpp:1310)
ERROR: Unhandled XServer error: BadWindow (invalid Window parameter)
   Major opcode of failed request: 20
   Serial number of failed request: 0
   Current serial number in output stream: 23291
   at: default_window_error_handler (platform/linuxbsd/x11/display_server_x11.cpp:1310)
ERROR: Unhandled XServer error: BadWindow (invalid Window parameter)
   Major opcode of failed request: 20
   Serial number of failed request: 0
   Current serial number in output stream: 23351
   at: default_window_error_handler (platform/linuxbsd/x11/display_server_x11.cpp:1310)
ERROR: Unhandled XServer error: BadWindow (invalid Window parameter)
   Major opcode of failed request: 20
   Serial number of failed request: 0
   Current serial number in output stream: 23409
   at: default_window_error_handler (platform/linuxbsd/x11/display_server_x11.cpp:1310)
ERROR: Unhandled XServer error: BadWindow (invalid Window parameter)
   Major opcode of failed request: 20
   Serial number of failed request: 0
   Current serial number in output stream: 23461
   at: default_window_error_handler (platform/linuxbsd/x11/display_server_x11.cpp:1310)
ERROR: Unhandled XServer error: BadWindow (invalid Window parameter)
   Major opcode of failed request: 20
   Serial number of failed request: 0
   Current serial number in output stream: 23515
   at: default_window_error_handler (platform/linuxbsd/x11/display_server_x11.cpp:1310)
ERROR: Unhandled XServer error: BadWindow (invalid Window parameter)
   Major opcode of failed request: 20
   Serial number of failed request: 0
   Current serial number in output stream: 23583
   at: default_window_error_handler (platform/linuxbsd/x11/display_server_x11.cpp:1310)
ERROR: Unhandled XServer error: BadWindow (invalid Window parameter)
   Major opcode of failed request: 20
   Serial number of failed request: 0
   Current serial number in output stream: 23635
   at: default_window_error_handler (platform/linuxbsd/x11/display_server_x11.cpp:1310)
ERROR: Unhandled XServer error: BadWindow (invalid Window parameter)
   Major opcode of failed request: 20
   Serial number of failed request: 0
   Current serial number in output stream: 23707
   at: default_window_error_handler (platform/linuxbsd/x11/display_server_x11.cpp:1310)
ERROR: Unhandled XServer error: BadWindow (invalid Window parameter)
   Major opcode of failed request: 20
   Serial number of failed request: 0
   Current serial number in output stream: 23761
   at: default_window_error_handler (platform/linuxbsd/x11/display_server_x11.cpp:1310)
ERROR: Unhandled XServer error: BadWindow (invalid Window parameter)
   Major opcode of failed request: 20
   Serial number of failed request: 0
   Current serial number in output stream: 23813
   at: default_window_error_handler (platform/linuxbsd/x11/display_server_x11.cpp:1310)
ERROR: Unhandled XServer error: BadWindow (invalid Window parameter)
   Major opcode of failed request: 20
   Serial number of failed request: 0
   Current serial number in output stream: 23869
   at: default_window_error_handler (platform/linuxbsd/x11/display_server_x11.cpp:1310)
ERROR: Unhandled XServer error: BadWindow (invalid Window parameter)
   Major opcode of failed request: 20
   Serial number of failed request: 0
   Current serial number in output stream: 23933
   at: default_window_error_handler (platform/linuxbsd/x11/display_server_x11.cpp:1310)
ERROR: Unhandled XServer error: BadWindow (invalid Window parameter)
   Major opcode of failed request: 20
   Serial number of failed request: 0
   Current serial number in output stream: 24005
   at: default_window_error_handler (platform/linuxbsd/x11/display_server_x11.cpp:1310)
ERROR: Unhandled XServer error: BadWindow (invalid Window parameter)
   Major opcode of failed request: 20
   Serial number of failed request: 0
   Current serial number in output stream: 24065
   at: default_window_error_handler (platform/linuxbsd/x11/display_server_x11.cpp:1310)
ERROR: Unhandled XServer error: BadWindow (invalid Window parameter)
   Major opcode of failed request: 20
   Serial number of failed request: 0
   Current serial number in output stream: 24117
   at: default_window_error_handler (platform/linuxbsd/x11/display_server_x11.cpp:1310)
ERROR: Unhandled XServer error: BadWindow (invalid Window parameter)
   Major opcode of failed request: 20
   Serial number of failed request: 0
   Current serial number in output stream: 24181
   at: default_window_error_handler (platform/linuxbsd/x11/display_server_x11.cpp:1310)
ERROR: Unhandled XServer error: BadWindow (invalid Window parameter)
   Major opcode of failed request: 20
   Serial number of failed request: 0
   Current serial number in output stream: 24241
   at: default_window_error_handler (platform/linuxbsd/x11/display_server_x11.cpp:1310)
ERROR: Unhandled XServer error: BadWindow (invalid Window parameter)
   Major opcode of failed request: 20
   Serial number of failed request: 0
   Current serial number in output stream: 24301
   at: default_window_error_handler (platform/linuxbsd/x11/display_server_x11.cpp:1310)
ERROR: Unhandled XServer error: BadWindow (invalid Window parameter)
   Major opcode of failed request: 20
   Serial number of failed request: 0
   Current serial number in output stream: 24361
   at: default_window_error_handler (platform/linuxbsd/x11/display_server_x11.cpp:1310)
ERROR: Unhandled XServer error: BadWindow (invalid Window parameter)
   Major opcode of failed request: 20
   Serial number of failed request: 0
   Current serial number in output stream: 24421
   at: default_window_error_handler (platform/linuxbsd/x11/display_server_x11.cpp:1310)
ERROR: Unhandled XServer error: BadWindow (invalid Window parameter)
   Major opcode of failed request: 20
   Serial number of failed request: 0
   Current serial number in output stream: 24481
   at: default_window_error_handler (platform/linuxbsd/x11/display_server_x11.cpp:1310)
ERROR: Unhandled XServer error: BadWindow (invalid Window parameter)
   Major opcode of failed request: 20
   Serial number of failed request: 0
   Current serial number in output stream: 24541
   at: default_window_error_handler (platform/linuxbsd/x11/display_server_x11.cpp:1310)
ERROR: Unhandled XServer error: BadWindow (invalid Window parameter)
   Major opcode of failed request: 20
   Serial number of failed request: 0
   Current serial number in output stream: 24601
   at: default_window_error_handler (platform/linuxbsd/x11/display_server_x11.cpp:1310)
ERROR: Unhandled XServer error: BadWindow (invalid Window parameter)
   Major opcode of failed request: 20
   Serial number of failed request: 0
   Current serial number in output stream: 24661
   at: default_window_error_handler (platform/linuxbsd/x11/display_server_x11.cpp:1310)
ERROR: Unhandled XServer error: BadWindow (invalid Window parameter)
   Major opcode of failed request: 20
   Serial number of failed request: 0
   Current serial number in output stream: 24721
   at: default_window_error_handler (platform/linuxbsd/x11/display_server_x11.cpp:1310)
ERROR: Unhandled XServer error: BadWindow (invalid Window parameter)
   Major opcode of failed request: 20
   Serial number of failed request: 0
   Current serial number in output stream: 24785
   at: default_window_error_handler (platform/linuxbsd/x11/display_server_x11.cpp:1310)
ERROR: Unhandled XServer error: BadWindow (invalid Window parameter)
   Major opcode of failed request: 20
   Serial number of failed request: 0
   Current serial number in output stream: 24851
   at: default_window_error_handler (platform/linuxbsd/x11/display_server_x11.cpp:1310)
ERROR: Unhandled XServer error: BadWindow (invalid Window parameter)
   Major opcode of failed request: 20
   Serial number of failed request: 0
   Current serial number in output stream: 24903
   at: default_window_error_handler (platform/linuxbsd/x11/display_server_x11.cpp:1310)
OpenGL API 4.5 (Core Profile) Mesa 25.0.7-2+deb13u1 - Compatibility - Using Device: Mesa - llvmpipe (LLVM 19.1.7, 256 bits)
ALSA lib confmisc.c:855:(parse_card) cannot find card '0'
ALSA lib conf.c:5205:(_snd_config_evaluate) function snd_func_card_inum returned error: No such file or directory
ALSA lib confmisc.c:422:(snd_func_concat) error evaluating strings
ALSA lib conf.c:5205:(_snd_config_evaluate) function snd_func_concat returned error: No such file or directory
ALSA lib confmisc.c:1342:(snd_func_refer) error evaluating name
ALSA lib conf.c:5205:(_snd_config_evaluate) function snd_func_refer returned error: No such file or directory
ALSA lib conf.c:5728:(snd_config_expand) Evaluate error: No such file or directory
ALSA lib pcm.c:2722:(snd_pcm_open_noupdate) Unknown PCM default
ERROR: Condition "status < 0" is true. Returning: ERR_CANT_OPEN
   at: init_output_device (drivers/alsa/audio_driver_alsa.cpp:90)
WARNING: All audio drivers failed, falling back to the dummy driver.
     at: initialize (servers/audio/audio_server.cpp:247)

ERROR: Unhandled XServer error: BadWindow (invalid Window parameter)
   Major opcode of failed request: 20
   Serial number of failed request: 0
   Current serial number in output stream: 24957
   at: default_window_error_handler (platform/linuxbsd/x11/display_server_x11.cpp:1310)
ART_IMPORT_OK clips=["attack", "dash", "death", "hit", "idle", "overload", "run", "thrust", "ultimate"]
ART_CLIP idle length=2.0 tracks=19
ART_CLIP run length=0.80000001192093 tracks=19
ART_CLIP attack length=0.80000001192093 tracks=19
ART_CLIP dash length=0.60000002384186 tracks=19
ART_CLIP thrust length=0.89999997615814 tracks=19
ART_CLIP overload length=1.5 tracks=19
ART_CLIP ultimate length=2.0 tracks=19
ART_CLIP hit length=0.60000002384186 tracks=19
ART_CLIP death length=1.60000002384186 tracks=19
ERROR: Unhandled XServer error: BadWindow (invalid Window parameter)
   Major opcode of failed request: 20
   Serial number of failed request: 0
   Current serial number in output stream: 25011
   at: default_window_error_handler (platform/linuxbsd/x11/display_server_x11.cpp:1310)
ERROR: Unhandled XServer error: BadWindow (invalid Window parameter)
   Major opcode of failed request: 20
   Serial number of failed request: 0
   Current serial number in output stream: 25079
   at: default_window_error_handler (platform/linuxbsd/x11/display_server_x11.cpp:1310)
ERROR: Unhandled XServer error: BadWindow (invalid Window parameter)
   Major opcode of failed request: 20
   Serial number of failed request: 0
   Current serial number in output stream: 25107
   at: default_window_error_handler (platform/linuxbsd/x11/display_server_x11.cpp:1310)
ERROR: Unhandled XServer error: BadWindow (invalid Window parameter)
   Major opcode of failed request: 20
   Serial number of failed request: 0
   Current serial number in output stream: 25135
   at: default_window_error_handler (platform/linuxbsd/x11/display_server_x11.cpp:1310)
ERROR: Unhandled XServer error: BadWindow (invalid Window parameter)
   Major opcode of failed request: 20
   Serial number of failed request: 0
   Current serial number in output stream: 25163
   at: default_window_error_handler (platform/linuxbsd/x11/display_server_x11.cpp:1310)
ERROR: Unhandled XServer error: BadWindow (invalid Window parameter)
   Major opcode of failed request: 20
   Serial number of failed request: 0
   Current serial number in output stream: 25191
   at: default_window_error_handler (platform/linuxbsd/x11/display_server_x11.cpp:1310)
ERROR: Unhandled XServer error: BadWindow (invalid Window parameter)
   Major opcode of failed request: 20
   Serial number of failed request: 0
   Current serial number in output stream: 25219
   at: default_window_error_handler (platform/linuxbsd/x11/display_server_x11.cpp:1310)
ERROR: Unhandled XServer error: BadWindow (invalid Window parameter)
   Major opcode of failed request: 20
   Serial number of failed request: 0
   Current serial number in output stream: 25247
   at: default_window_error_handler (platform/linuxbsd/x11/display_server_x11.cpp:1310)
ERROR: Unhandled XServer error: BadWindow (invalid Window parameter)
   Major opcode of failed request: 20
   Serial number of failed request: 0
   Current serial number in output stream: 25275
   at: default_window_error_handler (platform/linuxbsd/x11/display_server_x11.cpp:1310)
ERROR: Unhandled XServer error: BadWindow (invalid Window parameter)
   Major opcode of failed request: 20
   Serial number of failed request: 0
   Current serial number in output stream: 25303
   at: default_window_error_handler (platform/linuxbsd/x11/display_server_x11.cpp:1310)
ERROR: Unhandled XServer error: BadWindow (invalid Window parameter)
   Major opcode of failed request: 20
   Serial number of failed request: 0
   Current serial number in output stream: 25331
   at: default_window_error_handler (platform/linuxbsd/x11/display_server_x11.cpp:1310)
ERROR: Unhandled XServer error: BadWindow (invalid Window parameter)
   Major opcode of failed request: 20
   Serial number of failed request: 0
   Current serial number in output stream: 25359
   at: default_window_error_handler (platform/linuxbsd/x11/display_server_x11.cpp:1310)
ERROR: Unhandled XServer error: BadWindow (invalid Window parameter)
   Major opcode of failed request: 20
   Serial number of failed request: 0
   Current serial number in output stream: 25387
   at: default_window_error_handler (platform/linuxbsd/x11/display_server_x11.cpp:1310)
ERROR: Unhandled XServer error: BadWindow (invalid Window parameter)
   Major opcode of failed request: 20
   Serial number of failed request: 0
   Current serial number in output stream: 25415
   at: default_window_error_handler (platform/linuxbsd/x11/display_server_x11.cpp:1310)
ERROR: Unhandled XServer error: BadWindow (invalid Window parameter)
   Major opcode of failed request: 20
   Serial number of failed request: 0
   Current serial number in output stream: 25443
   at: default_window_error_handler (platform/linuxbsd/x11/display_server_x11.cpp:1310)
ERROR: Unhandled XServer error: BadWindow (invalid Window parameter)
   Major opcode of failed request: 20
   Serial number of failed request: 0
   Current serial number in output stream: 25471
   at: default_window_error_handler (platform/linuxbsd/x11/display_server_x11.cpp:1310)
ERROR: Unhandled XServer error: BadWindow (invalid Window parameter)
   Major opcode of failed request: 20
   Serial number of failed request: 0
   Current serial number in output stream: 25499
   at: default_window_error_handler (platform/linuxbsd/x11/display_server_x11.cpp:1310)
ERROR: Unhandled XServer error: BadWindow (invalid Window parameter)
   Major opcode of failed request: 20
   Serial number of failed request: 0
   Current serial number in output stream: 25527
   at: default_window_error_handler (platform/linuxbsd/x11/display_server_x11.cpp:1310)
ERROR: Unhandled XServer error: BadWindow (invalid Window parameter)
   Major opcode of failed request: 20
   Serial number of failed request: 0
   Current serial number in output stream: 25555
   at: default_window_error_handler (platform/linuxbsd/x11/display_server_x11.cpp:1310)
ERROR: Unhandled XServer error: BadWindow (invalid Window parameter)
   Major opcode of failed request: 20
   Serial number of failed request: 0
   Current serial number in output stream: 25583
   at: default_window_error_handler (platform/linuxbsd/x11/display_server_x11.cpp:1310)
ERROR: Unhandled XServer error: BadWindow (invalid Window parameter)
   Major opcode of failed request: 20
   Serial number of failed request: 0
   Current serial number in output stream: 25611
   at: default_window_error_handler (platform/linuxbsd/x11/display_server_x11.cpp:1310)
ERROR: Unhandled XServer error: BadWindow (invalid Window parameter)
   Major opcode of failed request: 20
   Serial number of failed request: 0
   Current serial number in output stream: 25639
   at: default_window_error_handler (platform/linuxbsd/x11/display_server_x11.cpp:1310)
ERROR: Unhandled XServer error: BadWindow (invalid Window parameter)
   Major opcode of failed request: 20
   Serial number of failed request: 0
   Current serial number in output stream: 25667
   at: default_window_error_handler (platform/linuxbsd/x11/display_server_x11.cpp:1310)
ERROR: Unhandled XServer error: BadWindow (invalid Window parameter)
   Major opcode of failed request: 20
   Serial number of failed request: 0
   Current serial number in output stream: 25695
   at: default_window_error_handler (platform/linuxbsd/x11/display_server_x11.cpp:1310)
ERROR: Unhandled XServer error: BadWindow (invalid Window parameter)
   Major opcode of failed request: 20
   Serial number of failed request: 0
   Current serial number in output stream: 25723
   at: default_window_error_handler (platform/linuxbsd/x11/display_server_x11.cpp:1310)
ERROR: Unhandled XServer error: BadWindow (invalid Window parameter)
   Major opcode of failed request: 20
   Serial number of failed request: 0
   Current serial number in output stream: 25751
   at: default_window_error_handler (platform/linuxbsd/x11/display_server_x11.cpp:1310)
ERROR: Unhandled XServer error: BadWindow (invalid Window parameter)
   Major opcode of failed request: 20
   Serial number of failed request: 0
   Current serial number in output stream: 25779
   at: default_window_error_handler (platform/linuxbsd/x11/display_server_x11.cpp:1310)
ERROR: Unhandled XServer error: BadWindow (invalid Window parameter)
   Major opcode of failed request: 20
   Serial number of failed request: 0
   Current serial number in output stream: 25807
   at: default_window_error_handler (platform/linuxbsd/x11/display_server_x11.cpp:1310)
ERROR: Unhandled XServer error: BadWindow (invalid Window parameter)
   Major opcode of failed request: 20
   Serial number of failed request: 0
   Current serial number in output stream: 25835
   at: default_window_error_handler (platform/linuxbsd/x11/display_server_x11.cpp:1310)
ERROR: Unhandled XServer error: BadWindow (invalid Window parameter)
   Major opcode of failed request: 20
   Serial number of failed request: 0
   Current serial number in output stream: 25863
   at: default_window_error_handler (platform/linuxbsd/x11/display_server_x11.cpp:1310)
ERROR: Unhandled XServer error: BadWindow (invalid Window parameter)
   Major opcode of failed request: 20
   Serial number of failed request: 0
   Current serial number in output stream: 25891
   at: default_window_error_handler (platform/linuxbsd/x11/display_server_x11.cpp:1310)
ERROR: Unhandled XServer error: BadWindow (invalid Window parameter)
   Major opcode of failed request: 20
   Serial number of failed request: 0
   Current serial number in output stream: 25919
   at: default_window_error_handler (platform/linuxbsd/x11/display_server_x11.cpp:1310)
ERROR: Unhandled XServer error: BadWindow (invalid Window parameter)
   Major opcode of failed request: 20
   Serial number of failed request: 0
   Current serial number in output stream: 25947
   at: default_window_error_handler (platform/linuxbsd/x11/display_server_x11.cpp:1310)
ERROR: Unhandled XServer error: BadWindow (invalid Window parameter)
   Major opcode of failed request: 20
   Serial number of failed request: 0
   Current serial number in output stream: 25975
   at: default_window_error_handler (platform/linuxbsd/x11/display_server_x11.cpp:1310)
ERROR: Unhandled XServer error: BadWindow (invalid Window parameter)
   Major opcode of failed request: 20
   Serial number of failed request: 0
   Current serial number in output stream: 26003
   at: default_window_error_handler (platform/linuxbsd/x11/display_server_x11.cpp:1310)
ERROR: Unhandled XServer error: BadWindow (invalid Window parameter)
   Major opcode of failed request: 20
   Serial number of failed request: 0
   Current serial number in output stream: 26031
   at: default_window_error_handler (platform/linuxbsd/x11/display_server_x11.cpp:1310)
ERROR: Unhandled XServer error: BadWindow (invalid Window parameter)
   Major opcode of failed request: 20
   Serial number of failed request: 0
   Current serial number in output stream: 26059
   at: default_window_error_handler (platform/linuxbsd/x11/display_server_x11.cpp:1310)
ERROR: Unhandled XServer error: BadWindow (invalid Window parameter)
   Major opcode of failed request: 20
   Serial number of failed request: 0
   Current serial number in output stream: 26087
   at: default_window_error_handler (platform/linuxbsd/x11/display_server_x11.cpp:1310)
ERROR: Unhandled XServer error: BadWindow (invalid Window parameter)
   Major opcode of failed request: 20
   Serial number of failed request: 0
   Current serial number in output stream: 26115
   at: default_window_error_handler (platform/linuxbsd/x11/display_server_x11.cpp:1310)
ERROR: Unhandled XServer error: BadWindow (invalid Window parameter)
   Major opcode of failed request: 20
   Serial number of failed request: 0
   Current serial number in output stream: 26143
   at: default_window_error_handler (platform/linuxbsd/x11/display_server_x11.cpp:1310)
[Godot MCP] Disconnected from MCP server
