Godot Engine v4.6.3.stable.official.7d41c59c4 - https://godotengine.org
WARNING: Could not set V-Sync mode, as changing V-Sync mode is not supported by the graphics driver.
     at: set_use_vsync (platform/linuxbsd/x11/gl_manager_x11.cpp:364)
OpenGL API 4.5 (Core Profile) Mesa 25.0.7-2+deb13u1 - Compatibility - Using Device: Mesa - llvmpipe (LLVM 19.1.7, 256 bits)

ERROR: Required extension VK_KHR_surface not found.
   at: _initialize_instance_extensions (drivers/vulkan/rendering_context_driver_vulkan.cpp:487)
ERROR: Condition "err != OK" is true. Returning: err
   at: initialize (drivers/vulkan/rendering_context_driver_vulkan.cpp:928)
[Godot MCP] Plugin started
[Godot MCP] Registered 173 commands
[Godot MCP] Connected to MCP server (ws://127.0.0.1:6505)
ERROR: Do not use progress dialog (task) while flushing the message queue or using call_deferred()!
   at: add_task (editor/gui/progress_dialog.cpp:195)
   GDScript backtrace (most recent call first):
       [0] _save_scene (res://addons/godot_mcp/commands/scene_commands.gd:63)
       [1] execute (res://addons/godot_mcp/command_router.gd:54)
       [2] _execute_command (res://addons/godot_mcp/websocket_client.gd:135)
ERROR: Condition "!tasks.has(p_task)" is true. Returning: canceled
   at: task_step (editor/gui/progress_dialog.cpp:230)
   GDScript backtrace (most recent call first):
       [0] _save_scene (res://addons/godot_mcp/commands/scene_commands.gd:63)
       [1] execute (res://addons/godot_mcp/command_router.gd:54)
       [2] _execute_command (res://addons/godot_mcp/websocket_client.gd:135)
ERROR: Condition "!tasks.has(p_task)" is true. Returning: canceled
   at: task_step (editor/gui/progress_dialog.cpp:230)
   GDScript backtrace (most recent call first):
       [0] _save_scene (res://addons/godot_mcp/commands/scene_commands.gd:63)
       [1] execute (res://addons/godot_mcp/command_router.gd:54)
       [2] _execute_command (res://addons/godot_mcp/websocket_client.gd:135)
ERROR: Condition "!tasks.has(p_task)" is true. Returning: canceled
   at: task_step (editor/gui/progress_dialog.cpp:230)
   GDScript backtrace (most recent call first):
       [0] _save_scene (res://addons/godot_mcp/commands/scene_commands.gd:63)
       [1] execute (res://addons/godot_mcp/command_router.gd:54)
       [2] _execute_command (res://addons/godot_mcp/websocket_client.gd:135)
ERROR: Condition "!tasks.has(p_task)" is true. Returning: canceled
   at: task_step (editor/gui/progress_dialog.cpp:230)
   GDScript backtrace (most recent call first):
       [0] _save_scene (res://addons/godot_mcp/commands/scene_commands.gd:63)
       [1] execute (res://addons/godot_mcp/command_router.gd:54)
       [2] _execute_command (res://addons/godot_mcp/websocket_client.gd:135)
ERROR: Condition "!tasks.has(p_task)" is true.
   at: end_task (editor/gui/progress_dialog.cpp:253)
   GDScript backtrace (most recent call first):
       [0] _save_scene (res://addons/godot_mcp/commands/scene_commands.gd:63)
       [1] execute (res://addons/godot_mcp/command_router.gd:54)
       [2] _execute_command (res://addons/godot_mcp/websocket_client.gd:135)
Godot Engine v4.6.3.stable.official.7d41c59c4 - https://godotengine.org
ERROR: Unhandled XServer error: BadWindow (invalid Window parameter)
   Major opcode of failed request: 20
   Serial number of failed request: 0
   Current serial number in output stream: 5112
   at: default_window_error_handler (platform/linuxbsd/x11/display_server_x11.cpp:1310)
ERROR: Unhandled XServer error: BadWindow (invalid Window parameter)
   Major opcode of failed request: 20
   Serial number of failed request: 0
   Current serial number in output stream: 5179
   at: default_window_error_handler (platform/linuxbsd/x11/display_server_x11.cpp:1310)
ERROR: Unhandled XServer error: BadWindow (invalid Window parameter)
   Major opcode of failed request: 20
   Serial number of failed request: 0
   Current serial number in output stream: 5262
   at: default_window_error_handler (platform/linuxbsd/x11/display_server_x11.cpp:1310)
ERROR: Unhandled XServer error: BadWindow (invalid Window parameter)
   Major opcode of failed request: 20
   Serial number of failed request: 0
   Current serial number in output stream: 5337
   at: default_window_error_handler (platform/linuxbsd/x11/display_server_x11.cpp:1310)
ERROR: Unhandled XServer error: BadWindow (invalid Window parameter)
   Major opcode of failed request: 20
   Serial number of failed request: 0
   Current serial number in output stream: 5426
   at: default_window_error_handler (platform/linuxbsd/x11/display_server_x11.cpp:1310)
ERROR: Unhandled XServer error: BadWindow (invalid Window parameter)
   Major opcode of failed request: 20
   Serial number of failed request: 0
   Current serial number in output stream: 5505
   at: default_window_error_handler (platform/linuxbsd/x11/display_server_x11.cpp:1310)
ERROR: Unhandled XServer error: BadWindow (invalid Window parameter)
   Major opcode of failed request: 20
   Serial number of failed request: 0
   Current serial number in output stream: 5582
   at: default_window_error_handler (platform/linuxbsd/x11/display_server_x11.cpp:1310)
ERROR: Unhandled XServer error: BadWindow (invalid Window parameter)
   Major opcode of failed request: 20
   Serial number of failed request: 0
   Current serial number in output stream: 5663
   at: default_window_error_handler (platform/linuxbsd/x11/display_server_x11.cpp:1310)
ERROR: Unhandled XServer error: BadWindow (invalid Window parameter)
   Major opcode of failed request: 20
   Serial number of failed request: 0
   Current serial number in output stream: 5744
   at: default_window_error_handler (platform/linuxbsd/x11/display_server_x11.cpp:1310)
ERROR: Unhandled XServer error: BadWindow (invalid Window parameter)
   Major opcode of failed request: 20
   Serial number of failed request: 0
   Current serial number in output stream: 5812
   at: default_window_error_handler (platform/linuxbsd/x11/display_server_x11.cpp:1310)
ERROR: Unhandled XServer error: BadWindow (invalid Window parameter)
   Major opcode of failed request: 20
   Serial number of failed request: 0
   Current serial number in output stream: 5893
   at: default_window_error_handler (platform/linuxbsd/x11/display_server_x11.cpp:1310)
ERROR: Unhandled XServer error: BadWindow (invalid Window parameter)
   Major opcode of failed request: 20
   Serial number of failed request: 0
   Current serial number in output stream: 5968
   at: default_window_error_handler (platform/linuxbsd/x11/display_server_x11.cpp:1310)
ERROR: Unhandled XServer error: BadWindow (invalid Window parameter)
   Major opcode of failed request: 20
   Serial number of failed request: 0
   Current serial number in output stream: 6047
   at: default_window_error_handler (platform/linuxbsd/x11/display_server_x11.cpp:1310)
ERROR: Unhandled XServer error: BadWindow (invalid Window parameter)
   Major opcode of failed request: 20
   Serial number of failed request: 0
   Current serial number in output stream: 6134
   at: default_window_error_handler (platform/linuxbsd/x11/display_server_x11.cpp:1310)
ERROR: Unhandled XServer error: BadWindow (invalid Window parameter)
   Major opcode of failed request: 20
   Serial number of failed request: 0
   Current serial number in output stream: 6215
   at: default_window_error_handler (platform/linuxbsd/x11/display_server_x11.cpp:1310)
ERROR: Unhandled XServer error: BadWindow (invalid Window parameter)
   Major opcode of failed request: 20
   Serial number of failed request: 0
   Current serial number in output stream: 6296
   at: default_window_error_handler (platform/linuxbsd/x11/display_server_x11.cpp:1310)
ERROR: Unhandled XServer error: BadWindow (invalid Window parameter)
   Major opcode of failed request: 20
   Serial number of failed request: 0
   Current serial number in output stream: 6373
   at: default_window_error_handler (platform/linuxbsd/x11/display_server_x11.cpp:1310)
ERROR: Unhandled XServer error: BadWindow (invalid Window parameter)
   Major opcode of failed request: 20
   Serial number of failed request: 0
   Current serial number in output stream: 6456
   at: default_window_error_handler (platform/linuxbsd/x11/display_server_x11.cpp:1310)
ERROR: Unhandled XServer error: BadWindow (invalid Window parameter)
   Major opcode of failed request: 20
   Serial number of failed request: 0
   Current serial number in output stream: 6543
   at: default_window_error_handler (platform/linuxbsd/x11/display_server_x11.cpp:1310)
ERROR: Unhandled XServer error: BadWindow (invalid Window parameter)
   Major opcode of failed request: 20
   Serial number of failed request: 0
   Current serial number in output stream: 6620
   at: default_window_error_handler (platform/linuxbsd/x11/display_server_x11.cpp:1310)
ERROR: Unhandled XServer error: BadWindow (invalid Window parameter)
   Major opcode of failed request: 20
   Serial number of failed request: 0
   Current serial number in output stream: 6699
   at: default_window_error_handler (platform/linuxbsd/x11/display_server_x11.cpp:1310)
ERROR: Unhandled XServer error: BadWindow (invalid Window parameter)
   Major opcode of failed request: 20
   Serial number of failed request: 0
   Current serial number in output stream: 6780
   at: default_window_error_handler (platform/linuxbsd/x11/display_server_x11.cpp:1310)
ERROR: Unhandled XServer error: BadWindow (invalid Window parameter)
   Major opcode of failed request: 20
   Serial number of failed request: 0
   Current serial number in output stream: 6853
   at: default_window_error_handler (platform/linuxbsd/x11/display_server_x11.cpp:1310)
ERROR: Unhandled XServer error: BadWindow (invalid Window parameter)
   Major opcode of failed request: 20
   Serial number of failed request: 0
   Current serial number in output stream: 6934
   at: default_window_error_handler (platform/linuxbsd/x11/display_server_x11.cpp:1310)
ERROR: Unhandled XServer error: BadWindow (invalid Window parameter)
   Major opcode of failed request: 20
   Serial number of failed request: 0
   Current serial number in output stream: 7008
   at: default_window_error_handler (platform/linuxbsd/x11/display_server_x11.cpp:1310)
ERROR: Unhandled XServer error: BadWindow (invalid Window parameter)
   Major opcode of failed request: 20
   Serial number of failed request: 0
   Current serial number in output stream: 7081
   at: default_window_error_handler (platform/linuxbsd/x11/display_server_x11.cpp:1310)
ERROR: Unhandled XServer error: BadWindow (invalid Window parameter)
   Major opcode of failed request: 20
   Serial number of failed request: 0
   Current serial number in output stream: 7162
   at: default_window_error_handler (platform/linuxbsd/x11/display_server_x11.cpp:1310)
ERROR: Unhandled XServer error: BadWindow (invalid Window parameter)
   Major opcode of failed request: 20
   Serial number of failed request: 0
   Current serial number in output stream: 7243
   at: default_window_error_handler (platform/linuxbsd/x11/display_server_x11.cpp:1310)
ERROR: Unhandled XServer error: BadWindow (invalid Window parameter)
   Major opcode of failed request: 20
   Serial number of failed request: 0
   Current serial number in output stream: 7320
   at: default_window_error_handler (platform/linuxbsd/x11/display_server_x11.cpp:1310)
ERROR: Unhandled XServer error: BadWindow (invalid Window parameter)
   Major opcode of failed request: 20
   Serial number of failed request: 0
   Current serial number in output stream: 7401
   at: default_window_error_handler (platform/linuxbsd/x11/display_server_x11.cpp:1310)
ERROR: Unhandled XServer error: BadWindow (invalid Window parameter)
   Major opcode of failed request: 20
   Serial number of failed request: 0
   Current serial number in output stream: 7480
   at: default_window_error_handler (platform/linuxbsd/x11/display_server_x11.cpp:1310)
ERROR: Unhandled XServer error: BadWindow (invalid Window parameter)
   Major opcode of failed request: 20
   Serial number of failed request: 0
   Current serial number in output stream: 7539
   at: default_window_error_handler (platform/linuxbsd/x11/display_server_x11.cpp:1310)
WARNING: Could not set V-Sync mode, as changing V-Sync mode is not supported by the graphics driver.
     at: set_use_vsync (platform/linuxbsd/x11/gl_manager_x11.cpp:364)
ERROR: Unhandled XServer error: BadWindow (invalid Window parameter)
   Major opcode of failed request: 20
   Serial number of failed request: 0
   Current serial number in output stream: 7672
   at: default_window_error_handler (platform/linuxbsd/x11/display_server_x11.cpp:1310)
ERROR: Unhandled XServer error: BadWindow (invalid Window parameter)
   Major opcode of failed request: 20
   Serial number of failed request: 0
   Current serial number in output stream: 7708
   at: default_window_error_handler (platform/linuxbsd/x11/display_server_x11.cpp:1310)
ERROR: Unhandled XServer error: BadWindow (invalid Window parameter)
   Major opcode of failed request: 20
   Serial number of failed request: 0
   Current serial number in output stream: 7770
   at: default_window_error_handler (platform/linuxbsd/x11/display_server_x11.cpp:1310)
ERROR: Unhandled XServer error: BadWindow (invalid Window parameter)
   Major opcode of failed request: 20
   Serial number of failed request: 0
   Current serial number in output stream: 7832
   at: default_window_error_handler (platform/linuxbsd/x11/display_server_x11.cpp:1310)
ERROR: Unhandled XServer error: BadWindow (invalid Window parameter)
   Major opcode of failed request: 20
   Serial number of failed request: 0
   Current serial number in output stream: 7896
   at: default_window_error_handler (platform/linuxbsd/x11/display_server_x11.cpp:1310)
ERROR: Unhandled XServer error: BadWindow (invalid Window parameter)
   Major opcode of failed request: 20
   Serial number of failed request: 0
   Current serial number in output stream: 7958
   at: default_window_error_handler (platform/linuxbsd/x11/display_server_x11.cpp:1310)
ERROR: Unhandled XServer error: BadWindow (invalid Window parameter)
   Major opcode of failed request: 20
   Serial number of failed request: 0
   Current serial number in output stream: 8022
   at: default_window_error_handler (platform/linuxbsd/x11/display_server_x11.cpp:1310)
ERROR: Unhandled XServer error: BadWindow (invalid Window parameter)
   Major opcode of failed request: 20
   Serial number of failed request: 0
   Current serial number in output stream: 8086
   at: default_window_error_handler (platform/linuxbsd/x11/display_server_x11.cpp:1310)
ERROR: Unhandled XServer error: BadWindow (invalid Window parameter)
   Major opcode of failed request: 20
   Serial number of failed request: 0
   Current serial number in output stream: 8154
   at: default_window_error_handler (platform/linuxbsd/x11/display_server_x11.cpp:1310)
ERROR: Unhandled XServer error: BadWindow (invalid Window parameter)
   Major opcode of failed request: 20
   Serial number of failed request: 0
   Current serial number in output stream: 8210
   at: default_window_error_handler (platform/linuxbsd/x11/display_server_x11.cpp:1310)
ERROR: Unhandled XServer error: BadWindow (invalid Window parameter)
   Major opcode of failed request: 20
   Serial number of failed request: 0
   Current serial number in output stream: 8274
   at: default_window_error_handler (platform/linuxbsd/x11/display_server_x11.cpp:1310)
ERROR: Unhandled XServer error: BadWindow (invalid Window parameter)
   Major opcode of failed request: 20
   Serial number of failed request: 0
   Current serial number in output stream: 8328
   at: default_window_error_handler (platform/linuxbsd/x11/display_server_x11.cpp:1310)
ERROR: Unhandled XServer error: BadWindow (invalid Window parameter)
   Major opcode of failed request: 20
   Serial number of failed request: 0
   Current serial number in output stream: 8382
   at: default_window_error_handler (platform/linuxbsd/x11/display_server_x11.cpp:1310)
ERROR: Unhandled XServer error: BadWindow (invalid Window parameter)
   Major opcode of failed request: 20
   Serial number of failed request: 0
   Current serial number in output stream: 8422
   at: default_window_error_handler (platform/linuxbsd/x11/display_server_x11.cpp:1310)
ERROR: Unhandled XServer error: BadWindow (invalid Window parameter)
   Major opcode of failed request: 20
   Serial number of failed request: 0
   Current serial number in output stream: 8484
   at: default_window_error_handler (platform/linuxbsd/x11/display_server_x11.cpp:1310)
ERROR: Unhandled XServer error: BadWindow (invalid Window parameter)
   Major opcode of failed request: 20
   Serial number of failed request: 0
   Current serial number in output stream: 8540
   at: default_window_error_handler (platform/linuxbsd/x11/display_server_x11.cpp:1310)
ERROR: Unhandled XServer error: BadWindow (invalid Window parameter)
   Major opcode of failed request: 20
   Serial number of failed request: 0
   Current serial number in output stream: 8600
   at: default_window_error_handler (platform/linuxbsd/x11/display_server_x11.cpp:1310)
ERROR: Unhandled XServer error: BadWindow (invalid Window parameter)
   Major opcode of failed request: 20
   Serial number of failed request: 0
   Current serial number in output stream: 8668
   at: default_window_error_handler (platform/linuxbsd/x11/display_server_x11.cpp:1310)
ERROR: Unhandled XServer error: BadWindow (invalid Window parameter)
   Major opcode of failed request: 20
   Serial number of failed request: 0
   Current serial number in output stream: 8736
   at: default_window_error_handler (platform/linuxbsd/x11/display_server_x11.cpp:1310)
ERROR: Unhandled XServer error: BadWindow (invalid Window parameter)
   Major opcode of failed request: 20
   Serial number of failed request: 0
   Current serial number in output stream: 8792
   at: default_window_error_handler (platform/linuxbsd/x11/display_server_x11.cpp:1310)
ERROR: Unhandled XServer error: BadWindow (invalid Window parameter)
   Major opcode of failed request: 20
   Serial number of failed request: 0
   Current serial number in output stream: 8862
   at: default_window_error_handler (platform/linuxbsd/x11/display_server_x11.cpp:1310)
ERROR: Unhandled XServer error: BadWindow (invalid Window parameter)
   Major opcode of failed request: 20
   Serial number of failed request: 0
   Current serial number in output stream: 8926
   at: default_window_error_handler (platform/linuxbsd/x11/display_server_x11.cpp:1310)
ERROR: Unhandled XServer error: BadWindow (invalid Window parameter)
   Major opcode of failed request: 20
   Serial number of failed request: 0
   Current serial number in output stream: 8992
   at: default_window_error_handler (platform/linuxbsd/x11/display_server_x11.cpp:1310)
ERROR: Unhandled XServer error: BadWindow (invalid Window parameter)
   Major opcode of failed request: 20
   Serial number of failed request: 0
   Current serial number in output stream: 9054
   at: default_window_error_handler (platform/linuxbsd/x11/display_server_x11.cpp:1310)
ERROR: Unhandled XServer error: BadWindow (invalid Window parameter)
   Major opcode of failed request: 20
   Serial number of failed request: 0
   Current serial number in output stream: 9108
   at: default_window_error_handler (platform/linuxbsd/x11/display_server_x11.cpp:1310)
ERROR: Unhandled XServer error: BadWindow (invalid Window parameter)
   Major opcode of failed request: 20
   Serial number of failed request: 0
   Current serial number in output stream: 9148
   at: default_window_error_handler (platform/linuxbsd/x11/display_server_x11.cpp:1310)
ERROR: Unhandled XServer error: BadWindow (invalid Window parameter)
   Major opcode of failed request: 20
   Serial number of failed request: 0
   Current serial number in output stream: 9208
   at: default_window_error_handler (platform/linuxbsd/x11/display_server_x11.cpp:1310)
ERROR: Unhandled XServer error: BadWindow (invalid Window parameter)
   Major opcode of failed request: 20
   Serial number of failed request: 0
   Current serial number in output stream: 9272
   at: default_window_error_handler (platform/linuxbsd/x11/display_server_x11.cpp:1310)
ERROR: Unhandled XServer error: BadWindow (invalid Window parameter)
   Major opcode of failed request: 20
   Serial number of failed request: 0
   Current serial number in output stream: 9332
   at: default_window_error_handler (platform/linuxbsd/x11/display_server_x11.cpp:1310)
ERROR: Unhandled XServer error: BadWindow (invalid Window parameter)
   Major opcode of failed request: 20
   Serial number of failed request: 0
   Current serial number in output stream: 9396
   at: default_window_error_handler (platform/linuxbsd/x11/display_server_x11.cpp:1310)
ERROR: Unhandled XServer error: BadWindow (invalid Window parameter)
   Major opcode of failed request: 20
   Serial number of failed request: 0
   Current serial number in output stream: 9460
   at: default_window_error_handler (platform/linuxbsd/x11/display_server_x11.cpp:1310)
ERROR: Unhandled XServer error: BadWindow (invalid Window parameter)
   Major opcode of failed request: 20
   Serial number of failed request: 0
   Current serial number in output stream: 9520
   at: default_window_error_handler (platform/linuxbsd/x11/display_server_x11.cpp:1310)
ERROR: Unhandled XServer error: BadWindow (invalid Window parameter)
   Major opcode of failed request: 20
   Serial number of failed request: 0
   Current serial number in output stream: 9590
   at: default_window_error_handler (platform/linuxbsd/x11/display_server_x11.cpp:1310)
ERROR: Unhandled XServer error: BadWindow (invalid Window parameter)
   Major opcode of failed request: 20
   Serial number of failed request: 0
   Current serial number in output stream: 9652
   at: default_window_error_handler (platform/linuxbsd/x11/display_server_x11.cpp:1310)
ERROR: Unhandled XServer error: BadWindow (invalid Window parameter)
   Major opcode of failed request: 20
   Serial number of failed request: 0
   Current serial number in output stream: 9712
   at: default_window_error_handler (platform/linuxbsd/x11/display_server_x11.cpp:1310)
ERROR: Unhandled XServer error: BadWindow (invalid Window parameter)
   Major opcode of failed request: 20
   Serial number of failed request: 0
   Current serial number in output stream: 9740
   at: default_window_error_handler (platform/linuxbsd/x11/display_server_x11.cpp:1310)
ERROR: Unhandled XServer error: BadWindow (invalid Window parameter)
   Major opcode of failed request: 20
   Serial number of failed request: 0
   Current serial number in output stream: 9780
   at: default_window_error_handler (platform/linuxbsd/x11/display_server_x11.cpp:1310)
ERROR: Unhandled XServer error: BadWindow (invalid Window parameter)
   Major opcode of failed request: 20
   Serial number of failed request: 0
   Current serial number in output stream: 9840
   at: default_window_error_handler (platform/linuxbsd/x11/display_server_x11.cpp:1310)
ERROR: Unhandled XServer error: BadWindow (invalid Window parameter)
   Major opcode of failed request: 20
   Serial number of failed request: 0
   Current serial number in output stream: 9900
   at: default_window_error_handler (platform/linuxbsd/x11/display_server_x11.cpp:1310)
ERROR: Unhandled XServer error: BadWindow (invalid Window parameter)
   Major opcode of failed request: 20
   Serial number of failed request: 0
   Current serial number in output stream: 9970
   at: default_window_error_handler (platform/linuxbsd/x11/display_server_x11.cpp:1310)
ERROR: Unhandled XServer error: BadWindow (invalid Window parameter)
   Major opcode of failed request: 20
   Serial number of failed request: 0
   Current serial number in output stream: 10026
   at: default_window_error_handler (platform/linuxbsd/x11/display_server_x11.cpp:1310)
ERROR: Unhandled XServer error: BadWindow (invalid Window parameter)
   Major opcode of failed request: 20
   Serial number of failed request: 0
   Current serial number in output stream: 10086
   at: default_window_error_handler (platform/linuxbsd/x11/display_server_x11.cpp:1310)
ERROR: Unhandled XServer error: BadWindow (invalid Window parameter)
   Major opcode of failed request: 20
   Serial number of failed request: 0
   Current serial number in output stream: 10122
   at: default_window_error_handler (platform/linuxbsd/x11/display_server_x11.cpp:1310)
ERROR: Unhandled XServer error: BadWindow (invalid Window parameter)
   Major opcode of failed request: 20
   Serial number of failed request: 0
   Current serial number in output stream: 10178
   at: default_window_error_handler (platform/linuxbsd/x11/display_server_x11.cpp:1310)
ERROR: Unhandled XServer error: BadWindow (invalid Window parameter)
   Major opcode of failed request: 20
   Serial number of failed request: 0
   Current serial number in output stream: 10246
   at: default_window_error_handler (platform/linuxbsd/x11/display_server_x11.cpp:1310)
ERROR: Unhandled XServer error: BadWindow (invalid Window parameter)
   Major opcode of failed request: 20
   Serial number of failed request: 0
   Current serial number in output stream: 10302
   at: default_window_error_handler (platform/linuxbsd/x11/display_server_x11.cpp:1310)
ERROR: Unhandled XServer error: BadWindow (invalid Window parameter)
   Major opcode of failed request: 20
   Serial number of failed request: 0
   Current serial number in output stream: 10364
   at: default_window_error_handler (platform/linuxbsd/x11/display_server_x11.cpp:1310)
ERROR: Unhandled XServer error: BadWindow (invalid Window parameter)
   Major opcode of failed request: 20
   Serial number of failed request: 0
   Current serial number in output stream: 10428
   at: default_window_error_handler (platform/linuxbsd/x11/display_server_x11.cpp:1310)
ERROR: Unhandled XServer error: BadWindow (invalid Window parameter)
   Major opcode of failed request: 20
   Serial number of failed request: 0
   Current serial number in output stream: 10496
   at: default_window_error_handler (platform/linuxbsd/x11/display_server_x11.cpp:1310)
ERROR: Unhandled XServer error: BadWindow (invalid Window parameter)
   Major opcode of failed request: 20
   Serial number of failed request: 0
   Current serial number in output stream: 10558
   at: default_window_error_handler (platform/linuxbsd/x11/display_server_x11.cpp:1310)
ERROR: Unhandled XServer error: BadWindow (invalid Window parameter)
   Major opcode of failed request: 20
   Serial number of failed request: 0
   Current serial number in output stream: 10614
   at: default_window_error_handler (platform/linuxbsd/x11/display_server_x11.cpp:1310)
ERROR: Unhandled XServer error: BadWindow (invalid Window parameter)
   Major opcode of failed request: 20
   Serial number of failed request: 0
   Current serial number in output stream: 10674
   at: default_window_error_handler (platform/linuxbsd/x11/display_server_x11.cpp:1310)
ERROR: Unhandled XServer error: BadWindow (invalid Window parameter)
   Major opcode of failed request: 20
   Serial number of failed request: 0
   Current serial number in output stream: 10734
   at: default_window_error_handler (platform/linuxbsd/x11/display_server_x11.cpp:1310)
ERROR: Unhandled XServer error: BadWindow (invalid Window parameter)
   Major opcode of failed request: 20
   Serial number of failed request: 0
   Current serial number in output stream: 10794
   at: default_window_error_handler (platform/linuxbsd/x11/display_server_x11.cpp:1310)
ERROR: Unhandled XServer error: BadWindow (invalid Window parameter)
   Major opcode of failed request: 20
   Serial number of failed request: 0
   Current serial number in output stream: 10862
   at: default_window_error_handler (platform/linuxbsd/x11/display_server_x11.cpp:1310)
ERROR: Unhandled XServer error: BadWindow (invalid Window parameter)
   Major opcode of failed request: 20
   Serial number of failed request: 0
   Current serial number in output stream: 10926
   at: default_window_error_handler (platform/linuxbsd/x11/display_server_x11.cpp:1310)
ERROR: Unhandled XServer error: BadWindow (invalid Window parameter)
   Major opcode of failed request: 20
   Serial number of failed request: 0
   Current serial number in output stream: 10994
   at: default_window_error_handler (platform/linuxbsd/x11/display_server_x11.cpp:1310)
ERROR: Unhandled XServer error: BadWindow (invalid Window parameter)
   Major opcode of failed request: 20
   Serial number of failed request: 0
   Current serial number in output stream: 11064
   at: default_window_error_handler (platform/linuxbsd/x11/display_server_x11.cpp:1310)
ERROR: Unhandled XServer error: BadWindow (invalid Window parameter)
   Major opcode of failed request: 20
   Serial number of failed request: 0
   Current serial number in output stream: 11124
   at: default_window_error_handler (platform/linuxbsd/x11/display_server_x11.cpp:1310)
ERROR: Unhandled XServer error: BadWindow (invalid Window parameter)
   Major opcode of failed request: 20
   Serial number of failed request: 0
   Current serial number in output stream: 11192
   at: default_window_error_handler (platform/linuxbsd/x11/display_server_x11.cpp:1310)
ERROR: Unhandled XServer error: BadWindow (invalid Window parameter)
   Major opcode of failed request: 20
   Serial number of failed request: 0
   Current serial number in output stream: 11248
   at: default_window_error_handler (platform/linuxbsd/x11/display_server_x11.cpp:1310)
OpenGL API 4.5 (Core Profile) Mesa 25.0.7-2+deb13u1 - Compatibility - Using Device: Mesa - llvmpipe (LLVM 19.1.7, 256 bits)
ALSA lib confmisc.c:855:(parse_card) cannot find card '0'
ALSA lib conf.c:5205:(_snd_config_evaluate) function snd_func_card_inum returned error: No such file or directory
ALSA lib confmisc.c:422:(snd_func_concat) error evaluating strings
ALSA lib conf.c:5205:(_snd_config_evaluate) function snd_func_concat returned error: No such file or directory
ALSA lib confmisc.c:1342:(snd_func_refer) error evaluating name
ALSA lib conf.c:5205:(_snd_config_evaluate) function snd_func_refer returned error: No such file or directory
ALSA lib conf.c:5728:(snd_config_expand) Evaluate error: No such file or directory
ALSA lib pcm.c:2722:(snd_pcm_open_noupdate) Unknown PCM default
ERROR: Condition "status < 0" is true. Returning: ERR_CANT_OPEN
   at: init_output_device (drivers/alsa/audio_driver_alsa.cpp:90)
WARNING: All audio drivers failed, falling back to the dummy driver.
     at: initialize (servers/audio/audio_server.cpp:247)

ERROR: Unhandled XServer error: BadWindow (invalid Window parameter)
   Major opcode of failed request: 20
   Serial number of failed request: 0
   Current serial number in output stream: 11300
   at: default_window_error_handler (platform/linuxbsd/x11/display_server_x11.cpp:1310)
ERROR: Unhandled XServer error: BadWindow (invalid Window parameter)
   Major opcode of failed request: 20
   Serial number of failed request: 0
   Current serial number in output stream: 11370
   at: default_window_error_handler (platform/linuxbsd/x11/display_server_x11.cpp:1310)
ERROR: Unhandled XServer error: BadWindow (invalid Window parameter)
   Major opcode of failed request: 20
   Serial number of failed request: 0
   Current serial number in output stream: 11412
   at: default_window_error_handler (platform/linuxbsd/x11/display_server_x11.cpp:1310)
ERROR: Unhandled XServer error: BadWindow (invalid Window parameter)
   Major opcode of failed request: 20
   Serial number of failed request: 0
   Current serial number in output stream: 11440
   at: default_window_error_handler (platform/linuxbsd/x11/display_server_x11.cpp:1310)
ERROR: Unhandled XServer error: BadWindow (invalid Window parameter)
   Major opcode of failed request: 20
   Serial number of failed request: 0
   Current serial number in output stream: 11468
   at: default_window_error_handler (platform/linuxbsd/x11/display_server_x11.cpp:1310)
ERROR: Unhandled XServer error: BadWindow (invalid Window parameter)
   Major opcode of failed request: 20
   Serial number of failed request: 0
   Current serial number in output stream: 11496
   at: default_window_error_handler (platform/linuxbsd/x11/display_server_x11.cpp:1310)
ERROR: Unhandled XServer error: BadWindow (invalid Window parameter)
   Major opcode of failed request: 20
   Serial number of failed request: 0
   Current serial number in output stream: 11524
   at: default_window_error_handler (platform/linuxbsd/x11/display_server_x11.cpp:1310)
ERROR: Unhandled XServer error: BadWindow (invalid Window parameter)
   Major opcode of failed request: 20
   Serial number of failed request: 0
   Current serial number in output stream: 11552
   at: default_window_error_handler (platform/linuxbsd/x11/display_server_x11.cpp:1310)
ERROR: Unhandled XServer error: BadWindow (invalid Window parameter)
   Major opcode of failed request: 20
   Serial number of failed request: 0
   Current serial number in output stream: 11580
   at: default_window_error_handler (platform/linuxbsd/x11/display_server_x11.cpp:1310)
ERROR: Unhandled XServer error: BadWindow (invalid Window parameter)
   Major opcode of failed request: 20
   Serial number of failed request: 0
   Current serial number in output stream: 11608
   at: default_window_error_handler (platform/linuxbsd/x11/display_server_x11.cpp:1310)
ERROR: Unhandled XServer error: BadWindow (invalid Window parameter)
   Major opcode of failed request: 20
   Serial number of failed request: 0
   Current serial number in output stream: 11636
   at: default_window_error_handler (platform/linuxbsd/x11/display_server_x11.cpp:1310)
ERROR: Unhandled XServer error: BadWindow (invalid Window parameter)
   Major opcode of failed request: 20
   Serial number of failed request: 0
   Current serial number in output stream: 11664
   at: default_window_error_handler (platform/linuxbsd/x11/display_server_x11.cpp:1310)
ERROR: Unhandled XServer error: BadWindow (invalid Window parameter)
   Major opcode of failed request: 20
   Serial number of failed request: 0
   Current serial number in output stream: 11692
   at: default_window_error_handler (platform/linuxbsd/x11/display_server_x11.cpp:1310)
ERROR: Unhandled XServer error: BadWindow (invalid Window parameter)
   Major opcode of failed request: 20
   Serial number of failed request: 0
   Current serial number in output stream: 11720
   at: default_window_error_handler (platform/linuxbsd/x11/display_server_x11.cpp:1310)
ERROR: Unhandled XServer error: BadWindow (invalid Window parameter)
   Major opcode of failed request: 20
   Serial number of failed request: 0
   Current serial number in output stream: 11748
   at: default_window_error_handler (platform/linuxbsd/x11/display_server_x11.cpp:1310)
ERROR: Unhandled XServer error: BadWindow (invalid Window parameter)
   Major opcode of failed request: 20
   Serial number of failed request: 0
   Current serial number in output stream: 11776
   at: default_window_error_handler (platform/linuxbsd/x11/display_server_x11.cpp:1310)
ERROR: Unhandled XServer error: BadWindow (invalid Window parameter)
   Major opcode of failed request: 20
   Serial number of failed request: 0
   Current serial number in output stream: 11804
   at: default_window_error_handler (platform/linuxbsd/x11/display_server_x11.cpp:1310)
ERROR: Unhandled XServer error: BadWindow (invalid Window parameter)
   Major opcode of failed request: 20
   Serial number of failed request: 0
   Current serial number in output stream: 11832
   at: default_window_error_handler (platform/linuxbsd/x11/display_server_x11.cpp:1310)
ERROR: Unhandled XServer error: BadWindow (invalid Window parameter)
   Major opcode of failed request: 20
   Serial number of failed request: 0
   Current serial number in output stream: 11860
   at: default_window_error_handler (platform/linuxbsd/x11/display_server_x11.cpp:1310)
ERROR: Unhandled XServer error: BadWindow (invalid Window parameter)
   Major opcode of failed request: 20
   Serial number of failed request: 0
   Current serial number in output stream: 11888
   at: default_window_error_handler (platform/linuxbsd/x11/display_server_x11.cpp:1310)
ERROR: Unhandled XServer error: BadWindow (invalid Window parameter)
   Major opcode of failed request: 20
   Serial number of failed request: 0
   Current serial number in output stream: 11916
   at: default_window_error_handler (platform/linuxbsd/x11/display_server_x11.cpp:1310)
ERROR: Unhandled XServer error: BadWindow (invalid Window parameter)
   Major opcode of failed request: 20
   Serial number of failed request: 0
   Current serial number in output stream: 11944
   at: default_window_error_handler (platform/linuxbsd/x11/display_server_x11.cpp:1310)
ERROR: Unhandled XServer error: BadWindow (invalid Window parameter)
   Major opcode of failed request: 20
   Serial number of failed request: 0
   Current serial number in output stream: 11972
   at: default_window_error_handler (platform/linuxbsd/x11/display_server_x11.cpp:1310)
ERROR: Unhandled XServer error: BadWindow (invalid Window parameter)
   Major opcode of failed request: 20
   Serial number of failed request: 0
   Current serial number in output stream: 12000
   at: default_window_error_handler (platform/linuxbsd/x11/display_server_x11.cpp:1310)
ERROR: Unhandled XServer error: BadWindow (invalid Window parameter)
   Major opcode of failed request: 20
   Serial number of failed request: 0
   Current serial number in output stream: 12028
   at: default_window_error_handler (platform/linuxbsd/x11/display_server_x11.cpp:1310)
ERROR: Unhandled XServer error: BadWindow (invalid Window parameter)
   Major opcode of failed request: 20
   Serial number of failed request: 0
   Current serial number in output stream: 12056
   at: default_window_error_handler (platform/linuxbsd/x11/display_server_x11.cpp:1310)
ERROR: Unhandled XServer error: BadWindow (invalid Window parameter)
   Major opcode of failed request: 20
   Serial number of failed request: 0
   Current serial number in output stream: 12084
   at: default_window_error_handler (platform/linuxbsd/x11/display_server_x11.cpp:1310)
ERROR: Unhandled XServer error: BadWindow (invalid Window parameter)
   Major opcode of failed request: 20
   Serial number of failed request: 0
   Current serial number in output stream: 12112
   at: default_window_error_handler (platform/linuxbsd/x11/display_server_x11.cpp:1310)
ERROR: Unhandled XServer error: BadWindow (invalid Window parameter)
   Major opcode of failed request: 20
   Serial number of failed request: 0
   Current serial number in output stream: 12140
   at: default_window_error_handler (platform/linuxbsd/x11/display_server_x11.cpp:1310)
ERROR: Unhandled XServer error: BadWindow (invalid Window parameter)
   Major opcode of failed request: 20
   Serial number of failed request: 0
   Current serial number in output stream: 12168
   at: default_window_error_handler (platform/linuxbsd/x11/display_server_x11.cpp:1310)
ERROR: Unhandled XServer error: BadWindow (invalid Window parameter)
   Major opcode of failed request: 20
   Serial number of failed request: 0
   Current serial number in output stream: 12196
   at: default_window_error_handler (platform/linuxbsd/x11/display_server_x11.cpp:1310)
ERROR: Unhandled XServer error: BadWindow (invalid Window parameter)
   Major opcode of failed request: 20
   Serial number of failed request: 0
   Current serial number in output stream: 12224
   at: default_window_error_handler (platform/linuxbsd/x11/display_server_x11.cpp:1310)
ERROR: Unhandled XServer error: BadWindow (invalid Window parameter)
   Major opcode of failed request: 20
   Serial number of failed request: 0
   Current serial number in output stream: 12252
   at: default_window_error_handler (platform/linuxbsd/x11/display_server_x11.cpp:1310)
ERROR: Unhandled XServer error: BadWindow (invalid Window parameter)
   Major opcode of failed request: 20
   Serial number of failed request: 0
   Current serial number in output stream: 12280
   at: default_window_error_handler (platform/linuxbsd/x11/display_server_x11.cpp:1310)
ERROR: Unhandled XServer error: BadWindow (invalid Window parameter)
   Major opcode of failed request: 20
   Serial number of failed request: 0
   Current serial number in output stream: 12308
   at: default_window_error_handler (platform/linuxbsd/x11/display_server_x11.cpp:1310)
ERROR: Unhandled XServer error: BadWindow (invalid Window parameter)
   Major opcode of failed request: 20
   Serial number of failed request: 0
   Current serial number in output stream: 12336
   at: default_window_error_handler (platform/linuxbsd/x11/display_server_x11.cpp:1310)
ERROR: Unhandled XServer error: BadWindow (invalid Window parameter)
   Major opcode of failed request: 20
   Serial number of failed request: 0
   Current serial number in output stream: 12364
   at: default_window_error_handler (platform/linuxbsd/x11/display_server_x11.cpp:1310)
ERROR: Unhandled XServer error: BadWindow (invalid Window parameter)
   Major opcode of failed request: 20
   Serial number of failed request: 0
   Current serial number in output stream: 12392
   at: default_window_error_handler (platform/linuxbsd/x11/display_server_x11.cpp:1310)
ERROR: Unhandled XServer error: BadWindow (invalid Window parameter)
   Major opcode of failed request: 20
   Serial number of failed request: 0
   Current serial number in output stream: 12420
   at: default_window_error_handler (platform/linuxbsd/x11/display_server_x11.cpp:1310)
ERROR: Unhandled XServer error: BadWindow (invalid Window parameter)
   Major opcode of failed request: 20
   Serial number of failed request: 0
   Current serial number in output stream: 12448
   at: default_window_error_handler (platform/linuxbsd/x11/display_server_x11.cpp:1310)
ERROR: Unhandled XServer error: BadWindow (invalid Window parameter)
   Major opcode of failed request: 20
   Serial number of failed request: 0
   Current serial number in output stream: 12476
   at: default_window_error_handler (platform/linuxbsd/x11/display_server_x11.cpp:1310)
ERROR: Unhandled XServer error: BadWindow (invalid Window parameter)
   Major opcode of failed request: 20
   Serial number of failed request: 0
   Current serial number in output stream: 12504
   at: default_window_error_handler (platform/linuxbsd/x11/display_server_x11.cpp:1310)
ERROR: Unhandled XServer error: BadWindow (invalid Window parameter)
   Major opcode of failed request: 20
   Serial number of failed request: 0
   Current serial number in output stream: 12532
   at: default_window_error_handler (platform/linuxbsd/x11/display_server_x11.cpp:1310)
ERROR: Unhandled XServer error: BadWindow (invalid Window parameter)
   Major opcode of failed request: 20
   Serial number of failed request: 0
   Current serial number in output stream: 12560
   at: default_window_error_handler (platform/linuxbsd/x11/display_server_x11.cpp:1310)
ERROR: Unhandled XServer error: BadWindow (invalid Window parameter)
   Major opcode of failed request: 20
   Serial number of failed request: 0
   Current serial number in output stream: 12588
   at: default_window_error_handler (platform/linuxbsd/x11/display_server_x11.cpp:1310)
ERROR: Unhandled XServer error: BadWindow (invalid Window parameter)
   Major opcode of failed request: 20
   Serial number of failed request: 0
   Current serial number in output stream: 12616
   at: default_window_error_handler (platform/linuxbsd/x11/display_server_x11.cpp:1310)
ERROR: Unhandled XServer error: BadWindow (invalid Window parameter)
   Major opcode of failed request: 20
   Serial number of failed request: 0
   Current serial number in output stream: 12644
   at: default_window_error_handler (platform/linuxbsd/x11/display_server_x11.cpp:1310)
ERROR: Unhandled XServer error: BadWindow (invalid Window parameter)
   Major opcode of failed request: 20
   Serial number of failed request: 0
   Current serial number in output stream: 12672
   at: default_window_error_handler (platform/linuxbsd/x11/display_server_x11.cpp:1310)
ERROR: Unhandled XServer error: BadWindow (invalid Window parameter)
   Major opcode of failed request: 20
   Serial number of failed request: 0
   Current serial number in output stream: 12700
   at: default_window_error_handler (platform/linuxbsd/x11/display_server_x11.cpp:1310)
ERROR: Unhandled XServer error: BadWindow (invalid Window parameter)
   Major opcode of failed request: 20
   Serial number of failed request: 0
   Current serial number in output stream: 12728
   at: default_window_error_handler (platform/linuxbsd/x11/display_server_x11.cpp:1310)
ERROR: Unhandled XServer error: BadWindow (invalid Window parameter)
   Major opcode of failed request: 20
   Serial number of failed request: 0
   Current serial number in output stream: 12756
   at: default_window_error_handler (platform/linuxbsd/x11/display_server_x11.cpp:1310)
ERROR: Unhandled XServer error: BadWindow (invalid Window parameter)
   Major opcode of failed request: 20
   Serial number of failed request: 0
   Current serial number in output stream: 12784
   at: default_window_error_handler (platform/linuxbsd/x11/display_server_x11.cpp:1310)
ERROR: Unhandled XServer error: BadWindow (invalid Window parameter)
   Major opcode of failed request: 20
   Serial number of failed request: 0
   Current serial number in output stream: 12812
   at: default_window_error_handler (platform/linuxbsd/x11/display_server_x11.cpp:1310)
ERROR: Unhandled XServer error: BadWindow (invalid Window parameter)
   Major opcode of failed request: 20
   Serial number of failed request: 0
   Current serial number in output stream: 12840
   at: default_window_error_handler (platform/linuxbsd/x11/display_server_x11.cpp:1310)
ERROR: Unhandled XServer error: BadWindow (invalid Window parameter)
   Major opcode of failed request: 20
   Serial number of failed request: 0
   Current serial number in output stream: 12868
   at: default_window_error_handler (platform/linuxbsd/x11/display_server_x11.cpp:1310)
ERROR: Unhandled XServer error: BadWindow (invalid Window parameter)
   Major opcode of failed request: 20
   Serial number of failed request: 0
   Current serial number in output stream: 12896
   at: default_window_error_handler (platform/linuxbsd/x11/display_server_x11.cpp:1310)
ERROR: Unhandled XServer error: BadWindow (invalid Window parameter)
   Major opcode of failed request: 20
   Serial number of failed request: 0
   Current serial number in output stream: 12924
   at: default_window_error_handler (platform/linuxbsd/x11/display_server_x11.cpp:1310)
ERROR: Unhandled XServer error: BadWindow (invalid Window parameter)
   Major opcode of failed request: 20
   Serial number of failed request: 0
   Current serial number in output stream: 12952
   at: default_window_error_handler (platform/linuxbsd/x11/display_server_x11.cpp:1310)
ERROR: Unhandled XServer error: BadWindow (invalid Window parameter)
   Major opcode of failed request: 20
   Serial number of failed request: 0
   Current serial number in output stream: 12980
   at: default_window_error_handler (platform/linuxbsd/x11/display_server_x11.cpp:1310)
ERROR: Unhandled XServer error: BadWindow (invalid Window parameter)
   Major opcode of failed request: 20
   Serial number of failed request: 0
   Current serial number in output stream: 13008
   at: default_window_error_handler (platform/linuxbsd/x11/display_server_x11.cpp:1310)
ERROR: Unhandled XServer error: BadWindow (invalid Window parameter)
   Major opcode of failed request: 20
   Serial number of failed request: 0
   Current serial number in output stream: 13036
   at: default_window_error_handler (platform/linuxbsd/x11/display_server_x11.cpp:1310)
ERROR: Unhandled XServer error: BadWindow (invalid Window parameter)
   Major opcode of failed request: 20
   Serial number of failed request: 0
   Current serial number in output stream: 13064
   at: default_window_error_handler (platform/linuxbsd/x11/display_server_x11.cpp:1310)
ERROR: Unhandled XServer error: BadWindow (invalid Window parameter)
   Major opcode of failed request: 20
   Serial number of failed request: 0
   Current serial number in output stream: 13092
   at: default_window_error_handler (platform/linuxbsd/x11/display_server_x11.cpp:1310)
ERROR: Unhandled XServer error: BadWindow (invalid Window parameter)
   Major opcode of failed request: 20
   Serial number of failed request: 0
   Current serial number in output stream: 13120
   at: default_window_error_handler (platform/linuxbsd/x11/display_server_x11.cpp:1310)
ERROR: Unhandled XServer error: BadWindow (invalid Window parameter)
   Major opcode of failed request: 20
   Serial number of failed request: 0
   Current serial number in output stream: 13148
   at: default_window_error_handler (platform/linuxbsd/x11/display_server_x11.cpp:1310)
ERROR: Unhandled XServer error: BadWindow (invalid Window parameter)
   Major opcode of failed request: 20
   Serial number of failed request: 0
   Current serial number in output stream: 13176
   at: default_window_error_handler (platform/linuxbsd/x11/display_server_x11.cpp:1310)
ERROR: Unhandled XServer error: BadWindow (invalid Window parameter)
   Major opcode of failed request: 20
   Serial number of failed request: 0
   Current serial number in output stream: 13204
   at: default_window_error_handler (platform/linuxbsd/x11/display_server_x11.cpp:1310)
ERROR: Unhandled XServer error: BadWindow (invalid Window parameter)
   Major opcode of failed request: 20
   Serial number of failed request: 0
   Current serial number in output stream: 13232
   at: default_window_error_handler (platform/linuxbsd/x11/display_server_x11.cpp:1310)
ERROR: Unhandled XServer error: BadWindow (invalid Window parameter)
   Major opcode of failed request: 20
   Serial number of failed request: 0
   Current serial number in output stream: 13260
   at: default_window_error_handler (platform/linuxbsd/x11/display_server_x11.cpp:1310)
ERROR: Unhandled XServer error: BadWindow (invalid Window parameter)
   Major opcode of failed request: 20
   Serial number of failed request: 0
   Current serial number in output stream: 13288
   at: default_window_error_handler (platform/linuxbsd/x11/display_server_x11.cpp:1310)
ERROR: Unhandled XServer error: BadWindow (invalid Window parameter)
   Major opcode of failed request: 20
   Serial number of failed request: 0
   Current serial number in output stream: 13316
   at: default_window_error_handler (platform/linuxbsd/x11/display_server_x11.cpp:1310)
ERROR: Unhandled XServer error: BadWindow (invalid Window parameter)
   Major opcode of failed request: 20
   Serial number of failed request: 0
   Current serial number in output stream: 13344
   at: default_window_error_handler (platform/linuxbsd/x11/display_server_x11.cpp:1310)
ERROR: Unhandled XServer error: BadWindow (invalid Window parameter)
   Major opcode of failed request: 20
   Serial number of failed request: 0
   Current serial number in output stream: 13372
   at: default_window_error_handler (platform/linuxbsd/x11/display_server_x11.cpp:1310)
ERROR: Unhandled XServer error: BadWindow (invalid Window parameter)
   Major opcode of failed request: 20
   Serial number of failed request: 0
   Current serial number in output stream: 13400
   at: default_window_error_handler (platform/linuxbsd/x11/display_server_x11.cpp:1310)
ERROR: Unhandled XServer error: BadWindow (invalid Window parameter)
   Major opcode of failed request: 20
   Serial number of failed request: 0
   Current serial number in output stream: 13428
   at: default_window_error_handler (platform/linuxbsd/x11/display_server_x11.cpp:1310)
ERROR: Unhandled XServer error: BadWindow (invalid Window parameter)
   Major opcode of failed request: 20
   Serial number of failed request: 0
   Current serial number in output stream: 13456
   at: default_window_error_handler (platform/linuxbsd/x11/display_server_x11.cpp:1310)
ERROR: Unhandled XServer error: BadWindow (invalid Window parameter)
   Major opcode of failed request: 20
   Serial number of failed request: 0
   Current serial number in output stream: 13484
   at: default_window_error_handler (platform/linuxbsd/x11/display_server_x11.cpp:1310)
ERROR: Unhandled XServer error: BadWindow (invalid Window parameter)
   Major opcode of failed request: 20
   Serial number of failed request: 0
   Current serial number in output stream: 13512
   at: default_window_error_handler (platform/linuxbsd/x11/display_server_x11.cpp:1310)
ERROR: Unhandled XServer error: BadWindow (invalid Window parameter)
   Major opcode of failed request: 20
   Serial number of failed request: 0
   Current serial number in output stream: 13540
   at: default_window_error_handler (platform/linuxbsd/x11/display_server_x11.cpp:1310)
ERROR: Unhandled XServer error: BadWindow (invalid Window parameter)
   Major opcode of failed request: 20
   Serial number of failed request: 0
   Current serial number in output stream: 13568
   at: default_window_error_handler (platform/linuxbsd/x11/display_server_x11.cpp:1310)
ERROR: Unhandled XServer error: BadWindow (invalid Window parameter)
   Major opcode of failed request: 20
   Serial number of failed request: 0
   Current serial number in output stream: 13596
   at: default_window_error_handler (platform/linuxbsd/x11/display_server_x11.cpp:1310)
ERROR: Unhandled XServer error: BadWindow (invalid Window parameter)
   Major opcode of failed request: 20
   Serial number of failed request: 0
   Current serial number in output stream: 13624
   at: default_window_error_handler (platform/linuxbsd/x11/display_server_x11.cpp:1310)
ERROR: Unhandled XServer error: BadWindow (invalid Window parameter)
   Major opcode of failed request: 20
   Serial number of failed request: 0
   Current serial number in output stream: 13652
   at: default_window_error_handler (platform/linuxbsd/x11/display_server_x11.cpp:1310)
ERROR: Unhandled XServer error: BadWindow (invalid Window parameter)
   Major opcode of failed request: 20
   Serial number of failed request: 0
   Current serial number in output stream: 13680
   at: default_window_error_handler (platform/linuxbsd/x11/display_server_x11.cpp:1310)
ERROR: Unhandled XServer error: BadWindow (invalid Window parameter)
   Major opcode of failed request: 20
   Serial number of failed request: 0
   Current serial number in output stream: 13708
   at: default_window_error_handler (platform/linuxbsd/x11/display_server_x11.cpp:1310)
ERROR: Unhandled XServer error: BadWindow (invalid Window parameter)
   Major opcode of failed request: 20
   Serial number of failed request: 0
   Current serial number in output stream: 13736
   at: default_window_error_handler (platform/linuxbsd/x11/display_server_x11.cpp:1310)
ERROR: Unhandled XServer error: BadWindow (invalid Window parameter)
   Major opcode of failed request: 20
   Serial number of failed request: 0
   Current serial number in output stream: 13764
   at: default_window_error_handler (platform/linuxbsd/x11/display_server_x11.cpp:1310)
ERROR: Unhandled XServer error: BadWindow (invalid Window parameter)
   Major opcode of failed request: 20
   Serial number of failed request: 0
   Current serial number in output stream: 13792
   at: default_window_error_handler (platform/linuxbsd/x11/display_server_x11.cpp:1310)
ERROR: Unhandled XServer error: BadWindow (invalid Window parameter)
   Major opcode of failed request: 20
   Serial number of failed request: 0
   Current serial number in output stream: 13820
   at: default_window_error_handler (platform/linuxbsd/x11/display_server_x11.cpp:1310)
ERROR: Unhandled XServer error: BadWindow (invalid Window parameter)
   Major opcode of failed request: 20
   Serial number of failed request: 0
   Current serial number in output stream: 13848
   at: default_window_error_handler (platform/linuxbsd/x11/display_server_x11.cpp:1310)
ERROR: Unhandled XServer error: BadWindow (invalid Window parameter)
   Major opcode of failed request: 20
   Serial number of failed request: 0
   Current serial number in output stream: 13876
   at: default_window_error_handler (platform/linuxbsd/x11/display_server_x11.cpp:1310)
ERROR: Unhandled XServer error: BadWindow (invalid Window parameter)
   Major opcode of failed request: 20
   Serial number of failed request: 0
   Current serial number in output stream: 13904
   at: default_window_error_handler (platform/linuxbsd/x11/display_server_x11.cpp:1310)
ERROR: Unhandled XServer error: BadWindow (invalid Window parameter)
   Major opcode of failed request: 20
   Serial number of failed request: 0
   Current serial number in output stream: 13932
   at: default_window_error_handler (platform/linuxbsd/x11/display_server_x11.cpp:1310)
ERROR: Unhandled XServer error: BadWindow (invalid Window parameter)
   Major opcode of failed request: 20
   Serial number of failed request: 0
   Current serial number in output stream: 13960
   at: default_window_error_handler (platform/linuxbsd/x11/display_server_x11.cpp:1310)
ERROR: Unhandled XServer error: BadWindow (invalid Window parameter)
   Major opcode of failed request: 20
   Serial number of failed request: 0
   Current serial number in output stream: 13988
   at: default_window_error_handler (platform/linuxbsd/x11/display_server_x11.cpp:1310)
ERROR: Unhandled XServer error: BadWindow (invalid Window parameter)
   Major opcode of failed request: 20
   Serial number of failed request: 0
   Current serial number in output stream: 14016
   at: default_window_error_handler (platform/linuxbsd/x11/display_server_x11.cpp:1310)
ERROR: Unhandled XServer error: BadWindow (invalid Window parameter)
   Major opcode of failed request: 20
   Serial number of failed request: 0
   Current serial number in output stream: 14044
   at: default_window_error_handler (platform/linuxbsd/x11/display_server_x11.cpp:1310)
ERROR: Unhandled XServer error: BadWindow (invalid Window parameter)
   Major opcode of failed request: 20
   Serial number of failed request: 0
   Current serial number in output stream: 14072
   at: default_window_error_handler (platform/linuxbsd/x11/display_server_x11.cpp:1310)
ERROR: Unhandled XServer error: BadWindow (invalid Window parameter)
   Major opcode of failed request: 20
   Serial number of failed request: 0
   Current serial number in output stream: 14100
   at: default_window_error_handler (platform/linuxbsd/x11/display_server_x11.cpp:1310)
ERROR: Unhandled XServer error: BadWindow (invalid Window parameter)
   Major opcode of failed request: 20
   Serial number of failed request: 0
   Current serial number in output stream: 14128
   at: default_window_error_handler (platform/linuxbsd/x11/display_server_x11.cpp:1310)
ERROR: Unhandled XServer error: BadWindow (invalid Window parameter)
   Major opcode of failed request: 20
   Serial number of failed request: 0
   Current serial number in output stream: 14156
   at: default_window_error_handler (platform/linuxbsd/x11/display_server_x11.cpp:1310)
ERROR: Unhandled XServer error: BadWindow (invalid Window parameter)
   Major opcode of failed request: 20
   Serial number of failed request: 0
   Current serial number in output stream: 14184
   at: default_window_error_handler (platform/linuxbsd/x11/display_server_x11.cpp:1310)
ERROR: Unhandled XServer error: BadWindow (invalid Window parameter)
   Major opcode of failed request: 20
   Serial number of failed request: 0
   Current serial number in output stream: 14212
   at: default_window_error_handler (platform/linuxbsd/x11/display_server_x11.cpp:1310)
ERROR: Unhandled XServer error: BadWindow (invalid Window parameter)
   Major opcode of failed request: 20
   Serial number of failed request: 0
   Current serial number in output stream: 14240
   at: default_window_error_handler (platform/linuxbsd/x11/display_server_x11.cpp:1310)
ERROR: Unhandled XServer error: BadWindow (invalid Window parameter)
   Major opcode of failed request: 20
   Serial number of failed request: 0
   Current serial number in output stream: 14268
   at: default_window_error_handler (platform/linuxbsd/x11/display_server_x11.cpp:1310)
ERROR: Unhandled XServer error: BadWindow (invalid Window parameter)
   Major opcode of failed request: 20
   Serial number of failed request: 0
   Current serial number in output stream: 14296
   at: default_window_error_handler (platform/linuxbsd/x11/display_server_x11.cpp:1310)
ERROR: Unhandled XServer error: BadWindow (invalid Window parameter)
   Major opcode of failed request: 20
   Serial number of failed request: 0
   Current serial number in output stream: 14324
   at: default_window_error_handler (platform/linuxbsd/x11/display_server_x11.cpp:1310)
ERROR: Unhandled XServer error: BadWindow (invalid Window parameter)
   Major opcode of failed request: 20
   Serial number of failed request: 0
   Current serial number in output stream: 14352
   at: default_window_error_handler (platform/linuxbsd/x11/display_server_x11.cpp:1310)
ERROR: Unhandled XServer error: BadWindow (invalid Window parameter)
   Major opcode of failed request: 20
   Serial number of failed request: 0
   Current serial number in output stream: 14380
   at: default_window_error_handler (platform/linuxbsd/x11/display_server_x11.cpp:1310)
ERROR: Unhandled XServer error: BadWindow (invalid Window parameter)
   Major opcode of failed request: 20
   Serial number of failed request: 0
   Current serial number in output stream: 14408
   at: default_window_error_handler (platform/linuxbsd/x11/display_server_x11.cpp:1310)
ERROR: Unhandled XServer error: BadWindow (invalid Window parameter)
   Major opcode of failed request: 20
   Serial number of failed request: 0
   Current serial number in output stream: 14436
   at: default_window_error_handler (platform/linuxbsd/x11/display_server_x11.cpp:1310)
ERROR: Unhandled XServer error: BadWindow (invalid Window parameter)
   Major opcode of failed request: 20
   Serial number of failed request: 0
   Current serial number in output stream: 14464
   at: default_window_error_handler (platform/linuxbsd/x11/display_server_x11.cpp:1310)
ERROR: Unhandled XServer error: BadWindow (invalid Window parameter)
   Major opcode of failed request: 20
   Serial number of failed request: 0
   Current serial number in output stream: 14492
   at: default_window_error_handler (platform/linuxbsd/x11/display_server_x11.cpp:1310)
ERROR: Unhandled XServer error: BadWindow (invalid Window parameter)
   Major opcode of failed request: 20
   Serial number of failed request: 0
   Current serial number in output stream: 14520
   at: default_window_error_handler (platform/linuxbsd/x11/display_server_x11.cpp:1310)
ERROR: Unhandled XServer error: BadWindow (invalid Window parameter)
   Major opcode of failed request: 20
   Serial number of failed request: 0
   Current serial number in output stream: 14548
   at: default_window_error_handler (platform/linuxbsd/x11/display_server_x11.cpp:1310)
ERROR: Unhandled XServer error: BadWindow (invalid Window parameter)
   Major opcode of failed request: 20
   Serial number of failed request: 0
   Current serial number in output stream: 14576
   at: default_window_error_handler (platform/linuxbsd/x11/display_server_x11.cpp:1310)
ERROR: Unhandled XServer error: BadWindow (invalid Window parameter)
   Major opcode of failed request: 20
   Serial number of failed request: 0
   Current serial number in output stream: 14604
   at: default_window_error_handler (platform/linuxbsd/x11/display_server_x11.cpp:1310)
ERROR: Unhandled XServer error: BadWindow (invalid Window parameter)
   Major opcode of failed request: 20
   Serial number of failed request: 0
   Current serial number in output stream: 14632
   at: default_window_error_handler (platform/linuxbsd/x11/display_server_x11.cpp:1310)
ERROR: Unhandled XServer error: BadWindow (invalid Window parameter)
   Major opcode of failed request: 20
   Serial number of failed request: 0
   Current serial number in output stream: 14660
   at: default_window_error_handler (platform/linuxbsd/x11/display_server_x11.cpp:1310)
ERROR: Unhandled XServer error: BadWindow (invalid Window parameter)
   Major opcode of failed request: 20
   Serial number of failed request: 0
   Current serial number in output stream: 14692
   at: default_window_error_handler (platform/linuxbsd/x11/display_server_x11.cpp:1310)
ERROR: Unhandled XServer error: BadWindow (invalid Window parameter)
   Major opcode of failed request: 20
   Serial number of failed request: 0
   Current serial number in output stream: 14720
   at: default_window_error_handler (platform/linuxbsd/x11/display_server_x11.cpp:1310)
ERROR: Unhandled XServer error: BadWindow (invalid Window parameter)
   Major opcode of failed request: 20
   Serial number of failed request: 0
   Current serial number in output stream: 14748
   at: default_window_error_handler (platform/linuxbsd/x11/display_server_x11.cpp:1310)
ERROR: Unhandled XServer error: BadWindow (invalid Window parameter)
   Major opcode of failed request: 20
   Serial number of failed request: 0
   Current serial number in output stream: 14776
   at: default_window_error_handler (platform/linuxbsd/x11/display_server_x11.cpp:1310)
ERROR: Unhandled XServer error: BadWindow (invalid Window parameter)
   Major opcode of failed request: 20
   Serial number of failed request: 0
   Current serial number in output stream: 14804
   at: default_window_error_handler (platform/linuxbsd/x11/display_server_x11.cpp:1310)
ERROR: Unhandled XServer error: BadWindow (invalid Window parameter)
   Major opcode of failed request: 20
   Serial number of failed request: 0
   Current serial number in output stream: 14832
   at: default_window_error_handler (platform/linuxbsd/x11/display_server_x11.cpp:1310)
ERROR: Unhandled XServer error: BadWindow (invalid Window parameter)
   Major opcode of failed request: 20
   Serial number of failed request: 0
   Current serial number in output stream: 14860
   at: default_window_error_handler (platform/linuxbsd/x11/display_server_x11.cpp:1310)
ERROR: Unhandled XServer error: BadWindow (invalid Window parameter)
   Major opcode of failed request: 20
   Serial number of failed request: 0
   Current serial number in output stream: 14888
   at: default_window_error_handler (platform/linuxbsd/x11/display_server_x11.cpp:1310)
ERROR: Unhandled XServer error: BadWindow (invalid Window parameter)
   Major opcode of failed request: 20
   Serial number of failed request: 0
   Current serial number in output stream: 14916
   at: default_window_error_handler (platform/linuxbsd/x11/display_server_x11.cpp:1310)
ERROR: Unhandled XServer error: BadWindow (invalid Window parameter)
   Major opcode of failed request: 20
   Serial number of failed request: 0
   Current serial number in output stream: 14944
   at: default_window_error_handler (platform/linuxbsd/x11/display_server_x11.cpp:1310)
ERROR: Unhandled XServer error: BadWindow (invalid Window parameter)
   Major opcode of failed request: 20
   Serial number of failed request: 0
   Current serial number in output stream: 14972
   at: default_window_error_handler (platform/linuxbsd/x11/display_server_x11.cpp:1310)
ERROR: Unhandled XServer error: BadWindow (invalid Window parameter)
   Major opcode of failed request: 20
   Serial number of failed request: 0
   Current serial number in output stream: 15000
   at: default_window_error_handler (platform/linuxbsd/x11/display_server_x11.cpp:1310)
ERROR: Unhandled XServer error: BadWindow (invalid Window parameter)
   Major opcode of failed request: 20
   Serial number of failed request: 0
   Current serial number in output stream: 15028
   at: default_window_error_handler (platform/linuxbsd/x11/display_server_x11.cpp:1310)
ERROR: Unhandled XServer error: BadWindow (invalid Window parameter)
   Major opcode of failed request: 20
   Serial number of failed request: 0
   Current serial number in output stream: 15056
   at: default_window_error_handler (platform/linuxbsd/x11/display_server_x11.cpp:1310)
ERROR: Unhandled XServer error: BadWindow (invalid Window parameter)
   Major opcode of failed request: 20
   Serial number of failed request: 0
   Current serial number in output stream: 15084
   at: default_window_error_handler (platform/linuxbsd/x11/display_server_x11.cpp:1310)
ERROR: Unhandled XServer error: BadWindow (invalid Window parameter)
   Major opcode of failed request: 20
   Serial number of failed request: 0
   Current serial number in output stream: 15112
   at: default_window_error_handler (platform/linuxbsd/x11/display_server_x11.cpp:1310)
ERROR: Unhandled XServer error: BadWindow (invalid Window parameter)
   Major opcode of failed request: 20
   Serial number of failed request: 0
   Current serial number in output stream: 15140
   at: default_window_error_handler (platform/linuxbsd/x11/display_server_x11.cpp:1310)
ERROR: Unhandled XServer error: BadWindow (invalid Window parameter)
   Major opcode of failed request: 20
   Serial number of failed request: 0
   Current serial number in output stream: 15168
   at: default_window_error_handler (platform/linuxbsd/x11/display_server_x11.cpp:1310)
ERROR: Unhandled XServer error: BadWindow (invalid Window parameter)
   Major opcode of failed request: 20
   Serial number of failed request: 0
   Current serial number in output stream: 15196
   at: default_window_error_handler (platform/linuxbsd/x11/display_server_x11.cpp:1310)
ERROR: Unhandled XServer error: BadWindow (invalid Window parameter)
   Major opcode of failed request: 20
   Serial number of failed request: 0
   Current serial number in output stream: 15224
   at: default_window_error_handler (platform/linuxbsd/x11/display_server_x11.cpp:1310)
ERROR: Unhandled XServer error: BadWindow (invalid Window parameter)
   Major opcode of failed request: 20
   Serial number of failed request: 0
   Current serial number in output stream: 15252
   at: default_window_error_handler (platform/linuxbsd/x11/display_server_x11.cpp:1310)
ERROR: Unhandled XServer error: BadWindow (invalid Window parameter)
   Major opcode of failed request: 20
   Serial number of failed request: 0
   Current serial number in output stream: 15280
   at: default_window_error_handler (platform/linuxbsd/x11/display_server_x11.cpp:1310)
ERROR: Unhandled XServer error: BadWindow (invalid Window parameter)
   Major opcode of failed request: 20
   Serial number of failed request: 0
   Current serial number in output stream: 15308
   at: default_window_error_handler (platform/linuxbsd/x11/display_server_x11.cpp:1310)
ERROR: Unhandled XServer error: BadWindow (invalid Window parameter)
   Major opcode of failed request: 20
   Serial number of failed request: 0
   Current serial number in output stream: 15336
   at: default_window_error_handler (platform/linuxbsd/x11/display_server_x11.cpp:1310)
ERROR: Unhandled XServer error: BadWindow (invalid Window parameter)
   Major opcode of failed request: 20
   Serial number of failed request: 0
   Current serial number in output stream: 15364
   at: default_window_error_handler (platform/linuxbsd/x11/display_server_x11.cpp:1310)
ERROR: Unhandled XServer error: BadWindow (invalid Window parameter)
   Major opcode of failed request: 20
   Serial number of failed request: 0
   Current serial number in output stream: 15392
   at: default_window_error_handler (platform/linuxbsd/x11/display_server_x11.cpp:1310)
ERROR: Unhandled XServer error: BadWindow (invalid Window parameter)
   Major opcode of failed request: 20
   Serial number of failed request: 0
   Current serial number in output stream: 15420
   at: default_window_error_handler (platform/linuxbsd/x11/display_server_x11.cpp:1310)
ERROR: Unhandled XServer error: BadWindow (invalid Window parameter)
   Major opcode of failed request: 20
   Serial number of failed request: 0
   Current serial number in output stream: 15448
   at: default_window_error_handler (platform/linuxbsd/x11/display_server_x11.cpp:1310)
ERROR: Unhandled XServer error: BadWindow (invalid Window parameter)
   Major opcode of failed request: 20
   Serial number of failed request: 0
   Current serial number in output stream: 15476
   at: default_window_error_handler (platform/linuxbsd/x11/display_server_x11.cpp:1310)
ERROR: Unhandled XServer error: BadWindow (invalid Window parameter)
   Major opcode of failed request: 20
   Serial number of failed request: 0
   Current serial number in output stream: 15504
   at: default_window_error_handler (platform/linuxbsd/x11/display_server_x11.cpp:1310)
ERROR: Unhandled XServer error: BadWindow (invalid Window parameter)
   Major opcode of failed request: 20
   Serial number of failed request: 0
   Current serial number in output stream: 15532
   at: default_window_error_handler (platform/linuxbsd/x11/display_server_x11.cpp:1310)
ERROR: Unhandled XServer error: BadWindow (invalid Window parameter)
   Major opcode of failed request: 20
   Serial number of failed request: 0
   Current serial number in output stream: 15560
   at: default_window_error_handler (platform/linuxbsd/x11/display_server_x11.cpp:1310)
ERROR: Unhandled XServer error: BadWindow (invalid Window parameter)
   Major opcode of failed request: 20
   Serial number of failed request: 0
   Current serial number in output stream: 15588
   at: default_window_error_handler (platform/linuxbsd/x11/display_server_x11.cpp:1310)
ERROR: Unhandled XServer error: BadWindow (invalid Window parameter)
   Major opcode of failed request: 20
   Serial number of failed request: 0
   Current serial number in output stream: 15616
   at: default_window_error_handler (platform/linuxbsd/x11/display_server_x11.cpp:1310)
ERROR: Unhandled XServer error: BadWindow (invalid Window parameter)
   Major opcode of failed request: 20
   Serial number of failed request: 0
   Current serial number in output stream: 15644
   at: default_window_error_handler (platform/linuxbsd/x11/display_server_x11.cpp:1310)
ERROR: Unhandled XServer error: BadWindow (invalid Window parameter)
   Major opcode of failed request: 20
   Serial number of failed request: 0
   Current serial number in output stream: 15684
   at: default_window_error_handler (platform/linuxbsd/x11/display_server_x11.cpp:1310)
ERROR: Unhandled XServer error: BadWindow (invalid Window parameter)
   Major opcode of failed request: 20
   Serial number of failed request: 0
   Current serial number in output stream: 15720
   at: default_window_error_handler (platform/linuxbsd/x11/display_server_x11.cpp:1310)
ERROR: Unhandled XServer error: BadWindow (invalid Window parameter)
   Major opcode of failed request: 20
   Serial number of failed request: 0
   Current serial number in output stream: 15774
   at: default_window_error_handler (platform/linuxbsd/x11/display_server_x11.cpp:1310)
ERROR: Unhandled XServer error: BadWindow (invalid Window parameter)
   Major opcode of failed request: 20
   Serial number of failed request: 0
   Current serial number in output stream: 15802
   at: default_window_error_handler (platform/linuxbsd/x11/display_server_x11.cpp:1310)
ERROR: Unhandled XServer error: BadWindow (invalid Window parameter)
   Major opcode of failed request: 20
   Serial number of failed request: 0
   Current serial number in output stream: 15830
   at: default_window_error_handler (platform/linuxbsd/x11/display_server_x11.cpp:1310)
ERROR: Unhandled XServer error: BadWindow (invalid Window parameter)
   Major opcode of failed request: 20
   Serial number of failed request: 0
   Current serial number in output stream: 15858
   at: default_window_error_handler (platform/linuxbsd/x11/display_server_x11.cpp:1310)
ERROR: Unhandled XServer error: BadWindow (invalid Window parameter)
   Major opcode of failed request: 20
   Serial number of failed request: 0
   Current serial number in output stream: 15886
   at: default_window_error_handler (platform/linuxbsd/x11/display_server_x11.cpp:1310)
ERROR: Unhandled XServer error: BadWindow (invalid Window parameter)
   Major opcode of failed request: 20
   Serial number of failed request: 0
   Current serial number in output stream: 15914
   at: default_window_error_handler (platform/linuxbsd/x11/display_server_x11.cpp:1310)
ERROR: Unhandled XServer error: BadWindow (invalid Window parameter)
   Major opcode of failed request: 20
   Serial number of failed request: 0
   Current serial number in output stream: 15942
   at: default_window_error_handler (platform/linuxbsd/x11/display_server_x11.cpp:1310)
ERROR: Unhandled XServer error: BadWindow (invalid Window parameter)
   Major opcode of failed request: 20
   Serial number of failed request: 0
   Current serial number in output stream: 15970
   at: default_window_error_handler (platform/linuxbsd/x11/display_server_x11.cpp:1310)
ERROR: Unhandled XServer error: BadWindow (invalid Window parameter)
   Major opcode of failed request: 20
   Serial number of failed request: 0
   Current serial number in output stream: 16010
   at: default_window_error_handler (platform/linuxbsd/x11/display_server_x11.cpp:1310)
ERROR: Unhandled XServer error: BadWindow (invalid Window parameter)
   Major opcode of failed request: 20
   Serial number of failed request: 0
   Current serial number in output stream: 16042
   at: default_window_error_handler (platform/linuxbsd/x11/display_server_x11.cpp:1310)
ERROR: Unhandled XServer error: BadWindow (invalid Window parameter)
   Major opcode of failed request: 20
   Serial number of failed request: 0
   Current serial number in output stream: 16070
   at: default_window_error_handler (platform/linuxbsd/x11/display_server_x11.cpp:1310)
ERROR: Unhandled XServer error: BadWindow (invalid Window parameter)
   Major opcode of failed request: 20
   Serial number of failed request: 0
   Current serial number in output stream: 16098
   at: default_window_error_handler (platform/linuxbsd/x11/display_server_x11.cpp:1310)
ERROR: Unhandled XServer error: BadWindow (invalid Window parameter)
   Major opcode of failed request: 20
   Serial number of failed request: 0
   Current serial number in output stream: 16126
   at: default_window_error_handler (platform/linuxbsd/x11/display_server_x11.cpp:1310)
ERROR: Unhandled XServer error: BadWindow (invalid Window parameter)
   Major opcode of failed request: 20
   Serial number of failed request: 0
   Current serial number in output stream: 16154
   at: default_window_error_handler (platform/linuxbsd/x11/display_server_x11.cpp:1310)
ERROR: Unhandled XServer error: BadWindow (invalid Window parameter)
   Major opcode of failed request: 20
   Serial number of failed request: 0
   Current serial number in output stream: 16182
   at: default_window_error_handler (platform/linuxbsd/x11/display_server_x11.cpp:1310)
ERROR: Unhandled XServer error: BadWindow (invalid Window parameter)
   Major opcode of failed request: 20
   Serial number of failed request: 0
   Current serial number in output stream: 16210
   at: default_window_error_handler (platform/linuxbsd/x11/display_server_x11.cpp:1310)
ERROR: Unhandled XServer error: BadWindow (invalid Window parameter)
   Major opcode of failed request: 20
   Serial number of failed request: 0
   Current serial number in output stream: 16238
   at: default_window_error_handler (platform/linuxbsd/x11/display_server_x11.cpp:1310)
ERROR: Unhandled XServer error: BadWindow (invalid Window parameter)
   Major opcode of failed request: 20
   Serial number of failed request: 0
   Current serial number in output stream: 16266
   at: default_window_error_handler (platform/linuxbsd/x11/display_server_x11.cpp:1310)
ERROR: Unhandled XServer error: BadWindow (invalid Window parameter)
   Major opcode of failed request: 20
   Serial number of failed request: 0
   Current serial number in output stream: 16294
   at: default_window_error_handler (platform/linuxbsd/x11/display_server_x11.cpp:1310)
ERROR: Unhandled XServer error: BadWindow (invalid Window parameter)
   Major opcode of failed request: 20
   Serial number of failed request: 0
   Current serial number in output stream: 16322
   at: default_window_error_handler (platform/linuxbsd/x11/display_server_x11.cpp:1310)
ERROR: Unhandled XServer error: BadWindow (invalid Window parameter)
   Major opcode of failed request: 20
   Serial number of failed request: 0
   Current serial number in output stream: 16350
   at: default_window_error_handler (platform/linuxbsd/x11/display_server_x11.cpp:1310)
ERROR: Unhandled XServer error: BadWindow (invalid Window parameter)
   Major opcode of failed request: 20
   Serial number of failed request: 0
   Current serial number in output stream: 16378
   at: default_window_error_handler (platform/linuxbsd/x11/display_server_x11.cpp:1310)
ERROR: Unhandled XServer error: BadWindow (invalid Window parameter)
   Major opcode of failed request: 20
   Serial number of failed request: 0
   Current serial number in output stream: 16406
   at: default_window_error_handler (platform/linuxbsd/x11/display_server_x11.cpp:1310)
ERROR: Unhandled XServer error: BadWindow (invalid Window parameter)
   Major opcode of failed request: 20
   Serial number of failed request: 0
   Current serial number in output stream: 16434
   at: default_window_error_handler (platform/linuxbsd/x11/display_server_x11.cpp:1310)
ERROR: Unhandled XServer error: BadWindow (invalid Window parameter)
   Major opcode of failed request: 20
   Serial number of failed request: 0
   Current serial number in output stream: 16462
   at: default_window_error_handler (platform/linuxbsd/x11/display_server_x11.cpp:1310)
ERROR: Unhandled XServer error: BadWindow (invalid Window parameter)
   Major opcode of failed request: 20
   Serial number of failed request: 0
   Current serial number in output stream: 16490
   at: default_window_error_handler (platform/linuxbsd/x11/display_server_x11.cpp:1310)
ERROR: Unhandled XServer error: BadWindow (invalid Window parameter)
   Major opcode of failed request: 20
   Serial number of failed request: 0
   Current serial number in output stream: 16518
   at: default_window_error_handler (platform/linuxbsd/x11/display_server_x11.cpp:1310)
ERROR: Unhandled XServer error: BadWindow (invalid Window parameter)
   Major opcode of failed request: 20
   Serial number of failed request: 0
   Current serial number in output stream: 16546
   at: default_window_error_handler (platform/linuxbsd/x11/display_server_x11.cpp:1310)
ERROR: Unhandled XServer error: BadWindow (invalid Window parameter)
   Major opcode of failed request: 20
   Serial number of failed request: 0
   Current serial number in output stream: 16574
   at: default_window_error_handler (platform/linuxbsd/x11/display_server_x11.cpp:1310)
ERROR: Unhandled XServer error: BadWindow (invalid Window parameter)
   Major opcode of failed request: 20
   Serial number of failed request: 0
   Current serial number in output stream: 16602
   at: default_window_error_handler (platform/linuxbsd/x11/display_server_x11.cpp:1310)
ERROR: Unhandled XServer error: BadWindow (invalid Window parameter)
   Major opcode of failed request: 20
   Serial number of failed request: 0
   Current serial number in output stream: 16630
   at: default_window_error_handler (platform/linuxbsd/x11/display_server_x11.cpp:1310)
ERROR: Unhandled XServer error: BadWindow (invalid Window parameter)
   Major opcode of failed request: 20
   Serial number of failed request: 0
   Current serial number in output stream: 16658
   at: default_window_error_handler (platform/linuxbsd/x11/display_server_x11.cpp:1310)
ERROR: Unhandled XServer error: BadWindow (invalid Window parameter)
   Major opcode of failed request: 20
   Serial number of failed request: 0
   Current serial number in output stream: 16686
   at: default_window_error_handler (platform/linuxbsd/x11/display_server_x11.cpp:1310)
ERROR: Unhandled XServer error: BadWindow (invalid Window parameter)
   Major opcode of failed request: 20
   Serial number of failed request: 0
   Current serial number in output stream: 16714
   at: default_window_error_handler (platform/linuxbsd/x11/display_server_x11.cpp:1310)
ERROR: Unhandled XServer error: BadWindow (invalid Window parameter)
   Major opcode of failed request: 20
   Serial number of failed request: 0
   Current serial number in output stream: 16742
   at: default_window_error_handler (platform/linuxbsd/x11/display_server_x11.cpp:1310)
ERROR: Unhandled XServer error: BadWindow (invalid Window parameter)
   Major opcode of failed request: 20
   Serial number of failed request: 0
   Current serial number in output stream: 16770
   at: default_window_error_handler (platform/linuxbsd/x11/display_server_x11.cpp:1310)
ERROR: Unhandled XServer error: BadWindow (invalid Window parameter)
   Major opcode of failed request: 20
   Serial number of failed request: 0
   Current serial number in output stream: 16830
   at: default_window_error_handler (platform/linuxbsd/x11/display_server_x11.cpp:1310)
ERROR: Unhandled XServer error: BadWindow (invalid Window parameter)
   Major opcode of failed request: 20
   Serial number of failed request: 0
   Current serial number in output stream: 16862
   at: default_window_error_handler (platform/linuxbsd/x11/display_server_x11.cpp:1310)
ERROR: Unhandled XServer error: BadWindow (invalid Window parameter)
   Major opcode of failed request: 20
   Serial number of failed request: 0
   Current serial number in output stream: 16890
   at: default_window_error_handler (platform/linuxbsd/x11/display_server_x11.cpp:1310)
ERROR: Unhandled XServer error: BadWindow (invalid Window parameter)
   Major opcode of failed request: 20
   Serial number of failed request: 0
   Current serial number in output stream: 16918
   at: default_window_error_handler (platform/linuxbsd/x11/display_server_x11.cpp:1310)
ERROR: Unhandled XServer error: BadWindow (invalid Window parameter)
   Major opcode of failed request: 20
   Serial number of failed request: 0
   Current serial number in output stream: 16946
   at: default_window_error_handler (platform/linuxbsd/x11/display_server_x11.cpp:1310)
ERROR: Unhandled XServer error: BadWindow (invalid Window parameter)
   Major opcode of failed request: 20
   Serial number of failed request: 0
   Current serial number in output stream: 16994
   at: default_window_error_handler (platform/linuxbsd/x11/display_server_x11.cpp:1310)
ERROR: Unhandled XServer error: BadWindow (invalid Window parameter)
   Major opcode of failed request: 20
   Serial number of failed request: 0
   Current serial number in output stream: 17030
   at: default_window_error_handler (platform/linuxbsd/x11/display_server_x11.cpp:1310)
ERROR: Unhandled XServer error: BadWindow (invalid Window parameter)
   Major opcode of failed request: 20
   Serial number of failed request: 0
   Current serial number in output stream: 17058
   at: default_window_error_handler (platform/linuxbsd/x11/display_server_x11.cpp:1310)
ERROR: Unhandled XServer error: BadWindow (invalid Window parameter)
   Major opcode of failed request: 20
   Serial number of failed request: 0
   Current serial number in output stream: 17086
   at: default_window_error_handler (platform/linuxbsd/x11/display_server_x11.cpp:1310)
ERROR: Unhandled XServer error: BadWindow (invalid Window parameter)
   Major opcode of failed request: 20
   Serial number of failed request: 0
   Current serial number in output stream: 17114
   at: default_window_error_handler (platform/linuxbsd/x11/display_server_x11.cpp:1310)
ERROR: Unhandled XServer error: BadWindow (invalid Window parameter)
   Major opcode of failed request: 20
   Serial number of failed request: 0
   Current serial number in output stream: 17142
   at: default_window_error_handler (platform/linuxbsd/x11/display_server_x11.cpp:1310)
ERROR: Unhandled XServer error: BadWindow (invalid Window parameter)
   Major opcode of failed request: 20
   Serial number of failed request: 0
   Current serial number in output stream: 17202
   at: default_window_error_handler (platform/linuxbsd/x11/display_server_x11.cpp:1310)
ERROR: Unhandled XServer error: BadWindow (invalid Window parameter)
   Major opcode of failed request: 20
   Serial number of failed request: 0
   Current serial number in output stream: 17256
   at: default_window_error_handler (platform/linuxbsd/x11/display_server_x11.cpp:1310)
ERROR: Unhandled XServer error: BadWindow (invalid Window parameter)
   Major opcode of failed request: 20
   Serial number of failed request: 0
   Current serial number in output stream: 17284
   at: default_window_error_handler (platform/linuxbsd/x11/display_server_x11.cpp:1310)
ERROR: Unhandled XServer error: BadWindow (invalid Window parameter)
   Major opcode of failed request: 20
   Serial number of failed request: 0
   Current serial number in output stream: 17312
   at: default_window_error_handler (platform/linuxbsd/x11/display_server_x11.cpp:1310)
ERROR: Unhandled XServer error: BadWindow (invalid Window parameter)
   Major opcode of failed request: 20
   Serial number of failed request: 0
   Current serial number in output stream: 17340
   at: default_window_error_handler (platform/linuxbsd/x11/display_server_x11.cpp:1310)
ERROR: Unhandled XServer error: BadWindow (invalid Window parameter)
   Major opcode of failed request: 20
   Serial number of failed request: 0
   Current serial number in output stream: 17368
   at: default_window_error_handler (platform/linuxbsd/x11/display_server_x11.cpp:1310)
ERROR: Unhandled XServer error: BadWindow (invalid Window parameter)
   Major opcode of failed request: 20
   Serial number of failed request: 0
   Current serial number in output stream: 17400
   at: default_window_error_handler (platform/linuxbsd/x11/display_server_x11.cpp:1310)
ERROR: Unhandled XServer error: BadWindow (invalid Window parameter)
   Major opcode of failed request: 20
   Serial number of failed request: 0
   Current serial number in output stream: 17428
   at: default_window_error_handler (platform/linuxbsd/x11/display_server_x11.cpp:1310)
ERROR: Unhandled XServer error: BadWindow (invalid Window parameter)
   Major opcode of failed request: 20
   Serial number of failed request: 0
   Current serial number in output stream: 17456
   at: default_window_error_handler (platform/linuxbsd/x11/display_server_x11.cpp:1310)
ERROR: Unhandled XServer error: BadWindow (invalid Window parameter)
   Major opcode of failed request: 20
   Serial number of failed request: 0
   Current serial number in output stream: 17484
   at: default_window_error_handler (platform/linuxbsd/x11/display_server_x11.cpp:1310)
ERROR: Unhandled XServer error: BadWindow (invalid Window parameter)
   Major opcode of failed request: 20
   Serial number of failed request: 0
   Current serial number in output stream: 17512
   at: default_window_error_handler (platform/linuxbsd/x11/display_server_x11.cpp:1310)
ERROR: Unhandled XServer error: BadWindow (invalid Window parameter)
   Major opcode of failed request: 20
   Serial number of failed request: 0
   Current serial number in output stream: 17540
   at: default_window_error_handler (platform/linuxbsd/x11/display_server_x11.cpp:1310)
ERROR: Unhandled XServer error: BadWindow (invalid Window parameter)
   Major opcode of failed request: 20
   Serial number of failed request: 0
   Current serial number in output stream: 17576
   at: default_window_error_handler (platform/linuxbsd/x11/display_server_x11.cpp:1310)
ERROR: Unhandled XServer error: BadWindow (invalid Window parameter)
   Major opcode of failed request: 20
   Serial number of failed request: 0
   Current serial number in output stream: 17608
   at: default_window_error_handler (platform/linuxbsd/x11/display_server_x11.cpp:1310)
ERROR: Unhandled XServer error: BadWindow (invalid Window parameter)
   Major opcode of failed request: 20
   Serial number of failed request: 0
   Current serial number in output stream: 17636
   at: default_window_error_handler (platform/linuxbsd/x11/display_server_x11.cpp:1310)
ERROR: Unhandled XServer error: BadWindow (invalid Window parameter)
   Major opcode of failed request: 20
   Serial number of failed request: 0
   Current serial number in output stream: 17664
   at: default_window_error_handler (platform/linuxbsd/x11/display_server_x11.cpp:1310)
ERROR: Unhandled XServer error: BadWindow (invalid Window parameter)
   Major opcode of failed request: 20
   Serial number of failed request: 0
   Current serial number in output stream: 17692
   at: default_window_error_handler (platform/linuxbsd/x11/display_server_x11.cpp:1310)
ERROR: Unhandled XServer error: BadWindow (invalid Window parameter)
   Major opcode of failed request: 20
   Serial number of failed request: 0
   Current serial number in output stream: 17720
   at: default_window_error_handler (platform/linuxbsd/x11/display_server_x11.cpp:1310)
ERROR: Unhandled XServer error: BadWindow (invalid Window parameter)
   Major opcode of failed request: 20
   Serial number of failed request: 0
   Current serial number in output stream: 17748
   at: default_window_error_handler (platform/linuxbsd/x11/display_server_x11.cpp:1310)
ERROR: Unhandled XServer error: BadWindow (invalid Window parameter)
   Major opcode of failed request: 20
   Serial number of failed request: 0
   Current serial number in output stream: 17802
   at: default_window_error_handler (platform/linuxbsd/x11/display_server_x11.cpp:1310)
ERROR: Unhandled XServer error: BadWindow (invalid Window parameter)
   Major opcode of failed request: 20
   Serial number of failed request: 0
   Current serial number in output stream: 17830
   at: default_window_error_handler (platform/linuxbsd/x11/display_server_x11.cpp:1310)
ERROR: Unhandled XServer error: BadWindow (invalid Window parameter)
   Major opcode of failed request: 20
   Serial number of failed request: 0
   Current serial number in output stream: 17858
   at: default_window_error_handler (platform/linuxbsd/x11/display_server_x11.cpp:1310)
ERROR: Unhandled XServer error: BadWindow (invalid Window parameter)
   Major opcode of failed request: 20
   Serial number of failed request: 0
   Current serial number in output stream: 17886
   at: default_window_error_handler (platform/linuxbsd/x11/display_server_x11.cpp:1310)
ERROR: Unhandled XServer error: BadWindow (invalid Window parameter)
   Major opcode of failed request: 20
   Serial number of failed request: 0
   Current serial number in output stream: 17914
   at: default_window_error_handler (platform/linuxbsd/x11/display_server_x11.cpp:1310)
ERROR: Unhandled XServer error: BadWindow (invalid Window parameter)
   Major opcode of failed request: 20
   Serial number of failed request: 0
   Current serial number in output stream: 17942
   at: default_window_error_handler (platform/linuxbsd/x11/display_server_x11.cpp:1310)
ERROR: Unhandled XServer error: BadWindow (invalid Window parameter)
   Major opcode of failed request: 20
   Serial number of failed request: 0
   Current serial number in output stream: 17970
   at: default_window_error_handler (platform/linuxbsd/x11/display_server_x11.cpp:1310)
ERROR: Unhandled XServer error: BadWindow (invalid Window parameter)
   Major opcode of failed request: 20
   Serial number of failed request: 0
   Current serial number in output stream: 17998
   at: default_window_error_handler (platform/linuxbsd/x11/display_server_x11.cpp:1310)
ERROR: Unhandled XServer error: BadWindow (invalid Window parameter)
   Major opcode of failed request: 20
   Serial number of failed request: 0
   Current serial number in output stream: 18026
   at: default_window_error_handler (platform/linuxbsd/x11/display_server_x11.cpp:1310)
ERROR: Unhandled XServer error: BadWindow (invalid Window parameter)
   Major opcode of failed request: 20
   Serial number of failed request: 0
   Current serial number in output stream: 18054
   at: default_window_error_handler (platform/linuxbsd/x11/display_server_x11.cpp:1310)
ERROR: Unhandled XServer error: BadWindow (invalid Window parameter)
   Major opcode of failed request: 20
   Serial number of failed request: 0
   Current serial number in output stream: 18086
   at: default_window_error_handler (platform/linuxbsd/x11/display_server_x11.cpp:1310)
ERROR: Unhandled XServer error: BadWindow (invalid Window parameter)
   Major opcode of failed request: 20
   Serial number of failed request: 0
   Current serial number in output stream: 18130
   at: default_window_error_handler (platform/linuxbsd/x11/display_server_x11.cpp:1310)
ERROR: Unhandled XServer error: BadWindow (invalid Window parameter)
   Major opcode of failed request: 20
   Serial number of failed request: 0
   Current serial number in output stream: 18158
   at: default_window_error_handler (platform/linuxbsd/x11/display_server_x11.cpp:1310)
ERROR: Unhandled XServer error: BadWindow (invalid Window parameter)
   Major opcode of failed request: 20
   Serial number of failed request: 0
   Current serial number in output stream: 18186
   at: default_window_error_handler (platform/linuxbsd/x11/display_server_x11.cpp:1310)
ERROR: Unhandled XServer error: BadWindow (invalid Window parameter)
   Major opcode of failed request: 20
   Serial number of failed request: 0
   Current serial number in output stream: 18214
   at: default_window_error_handler (platform/linuxbsd/x11/display_server_x11.cpp:1310)
ERROR: Unhandled XServer error: BadWindow (invalid Window parameter)
   Major opcode of failed request: 20
   Serial number of failed request: 0
   Current serial number in output stream: 18242
   at: default_window_error_handler (platform/linuxbsd/x11/display_server_x11.cpp:1310)
ERROR: Unhandled XServer error: BadWindow (invalid Window parameter)
   Major opcode of failed request: 20
   Serial number of failed request: 0
   Current serial number in output stream: 18306
   at: default_window_error_handler (platform/linuxbsd/x11/display_server_x11.cpp:1310)
ERROR: Unhandled XServer error: BadWindow (invalid Window parameter)
   Major opcode of failed request: 20
   Serial number of failed request: 0
   Current serial number in output stream: 18338
   at: default_window_error_handler (platform/linuxbsd/x11/display_server_x11.cpp:1310)
ERROR: Unhandled XServer error: BadWindow (invalid Window parameter)
   Major opcode of failed request: 20
   Serial number of failed request: 0
   Current serial number in output stream: 18366
   at: default_window_error_handler (platform/linuxbsd/x11/display_server_x11.cpp:1310)
ERROR: Unhandled XServer error: BadWindow (invalid Window parameter)
   Major opcode of failed request: 20
   Serial number of failed request: 0
   Current serial number in output stream: 18394
   at: default_window_error_handler (platform/linuxbsd/x11/display_server_x11.cpp:1310)
ERROR: Unhandled XServer error: BadWindow (invalid Window parameter)
   Major opcode of failed request: 20
   Serial number of failed request: 0
   Current serial number in output stream: 18422
   at: default_window_error_handler (platform/linuxbsd/x11/display_server_x11.cpp:1310)
ERROR: Unhandled XServer error: BadWindow (invalid Window parameter)
   Major opcode of failed request: 20
   Serial number of failed request: 0
   Current serial number in output stream: 18450
   at: default_window_error_handler (platform/linuxbsd/x11/display_server_x11.cpp:1310)
ERROR: Unhandled XServer error: BadWindow (invalid Window parameter)
   Major opcode of failed request: 20
   Serial number of failed request: 0
   Current serial number in output stream: 18478
   at: default_window_error_handler (platform/linuxbsd/x11/display_server_x11.cpp:1310)
ERROR: Unhandled XServer error: BadWindow (invalid Window parameter)
   Major opcode of failed request: 20
   Serial number of failed request: 0
   Current serial number in output stream: 18506
   at: default_window_error_handler (platform/linuxbsd/x11/display_server_x11.cpp:1310)
ERROR: Unhandled XServer error: BadWindow (invalid Window parameter)
   Major opcode of failed request: 20
   Serial number of failed request: 0
   Current serial number in output stream: 18534
   at: default_window_error_handler (platform/linuxbsd/x11/display_server_x11.cpp:1310)
ERROR: Unhandled XServer error: BadWindow (invalid Window parameter)
   Major opcode of failed request: 20
   Serial number of failed request: 0
   Current serial number in output stream: 18562
   at: default_window_error_handler (platform/linuxbsd/x11/display_server_x11.cpp:1310)
ERROR: Unhandled XServer error: BadWindow (invalid Window parameter)
   Major opcode of failed request: 20
   Serial number of failed request: 0
   Current serial number in output stream: 18590
   at: default_window_error_handler (platform/linuxbsd/x11/display_server_x11.cpp:1310)
ERROR: Unhandled XServer error: BadWindow (invalid Window parameter)
   Major opcode of failed request: 20
   Serial number of failed request: 0
   Current serial number in output stream: 18618
   at: default_window_error_handler (platform/linuxbsd/x11/display_server_x11.cpp:1310)
ERROR: Unhandled XServer error: BadWindow (invalid Window parameter)
   Major opcode of failed request: 20
   Serial number of failed request: 0
   Current serial number in output stream: 18646
   at: default_window_error_handler (platform/linuxbsd/x11/display_server_x11.cpp:1310)
ERROR: Unhandled XServer error: BadWindow (invalid Window parameter)
   Major opcode of failed request: 20
   Serial number of failed request: 0
   Current serial number in output stream: 18674
   at: default_window_error_handler (platform/linuxbsd/x11/display_server_x11.cpp:1310)
ERROR: Unhandled XServer error: BadWindow (invalid Window parameter)
   Major opcode of failed request: 20
   Serial number of failed request: 0
   Current serial number in output stream: 18702
   at: default_window_error_handler (platform/linuxbsd/x11/display_server_x11.cpp:1310)
ERROR: Unhandled XServer error: BadWindow (invalid Window parameter)
   Major opcode of failed request: 20
   Serial number of failed request: 0
   Current serial number in output stream: 18730
   at: default_window_error_handler (platform/linuxbsd/x11/display_server_x11.cpp:1310)
ERROR: Unhandled XServer error: BadWindow (invalid Window parameter)
   Major opcode of failed request: 20
   Serial number of failed request: 0
   Current serial number in output stream: 18758
   at: default_window_error_handler (platform/linuxbsd/x11/display_server_x11.cpp:1310)
ERROR: Unhandled XServer error: BadWindow (invalid Window parameter)
   Major opcode of failed request: 20
   Serial number of failed request: 0
   Current serial number in output stream: 18786
   at: default_window_error_handler (platform/linuxbsd/x11/display_server_x11.cpp:1310)
ERROR: Unhandled XServer error: BadWindow (invalid Window parameter)
   Major opcode of failed request: 20
   Serial number of failed request: 0
   Current serial number in output stream: 18814
   at: default_window_error_handler (platform/linuxbsd/x11/display_server_x11.cpp:1310)
ERROR: Unhandled XServer error: BadWindow (invalid Window parameter)
   Major opcode of failed request: 20
   Serial number of failed request: 0
   Current serial number in output stream: 18842
   at: default_window_error_handler (platform/linuxbsd/x11/display_server_x11.cpp:1310)
ERROR: Unhandled XServer error: BadWindow (invalid Window parameter)
   Major opcode of failed request: 20
   Serial number of failed request: 0
   Current serial number in output stream: 18870
   at: default_window_error_handler (platform/linuxbsd/x11/display_server_x11.cpp:1310)
ERROR: Unhandled XServer error: BadWindow (invalid Window parameter)
   Major opcode of failed request: 20
   Serial number of failed request: 0
   Current serial number in output stream: 18898
   at: default_window_error_handler (platform/linuxbsd/x11/display_server_x11.cpp:1310)
ERROR: Unhandled XServer error: BadWindow (invalid Window parameter)
   Major opcode of failed request: 20
   Serial number of failed request: 0
   Current serial number in output stream: 18926
   at: default_window_error_handler (platform/linuxbsd/x11/display_server_x11.cpp:1310)
ERROR: Unhandled XServer error: BadWindow (invalid Window parameter)
   Major opcode of failed request: 20
   Serial number of failed request: 0
   Current serial number in output stream: 18954
   at: default_window_error_handler (platform/linuxbsd/x11/display_server_x11.cpp:1310)
ERROR: Unhandled XServer error: BadWindow (invalid Window parameter)
   Major opcode of failed request: 20
   Serial number of failed request: 0
   Current serial number in output stream: 18982
   at: default_window_error_handler (platform/linuxbsd/x11/display_server_x11.cpp:1310)
ERROR: Unhandled XServer error: BadWindow (invalid Window parameter)
   Major opcode of failed request: 20
   Serial number of failed request: 0
   Current serial number in output stream: 19010
   at: default_window_error_handler (platform/linuxbsd/x11/display_server_x11.cpp:1310)
ERROR: Unhandled XServer error: BadWindow (invalid Window parameter)
   Major opcode of failed request: 20
   Serial number of failed request: 0
   Current serial number in output stream: 19038
   at: default_window_error_handler (platform/linuxbsd/x11/display_server_x11.cpp:1310)
ERROR: Unhandled XServer error: BadWindow (invalid Window parameter)
   Major opcode of failed request: 20
   Serial number of failed request: 0
   Current serial number in output stream: 19066
   at: default_window_error_handler (platform/linuxbsd/x11/display_server_x11.cpp:1310)
ERROR: Unhandled XServer error: BadWindow (invalid Window parameter)
   Major opcode of failed request: 20
   Serial number of failed request: 0
   Current serial number in output stream: 19094
   at: default_window_error_handler (platform/linuxbsd/x11/display_server_x11.cpp:1310)
ERROR: Unhandled XServer error: BadWindow (invalid Window parameter)
   Major opcode of failed request: 20
   Serial number of failed request: 0
   Current serial number in output stream: 19148
   at: default_window_error_handler (platform/linuxbsd/x11/display_server_x11.cpp:1310)
ERROR: Unhandled XServer error: BadWindow (invalid Window parameter)
   Major opcode of failed request: 20
   Serial number of failed request: 0
   Current serial number in output stream: 19176
   at: default_window_error_handler (platform/linuxbsd/x11/display_server_x11.cpp:1310)
ERROR: Unhandled XServer error: BadWindow (invalid Window parameter)
   Major opcode of failed request: 20
   Serial number of failed request: 0
   Current serial number in output stream: 19204
   at: default_window_error_handler (platform/linuxbsd/x11/display_server_x11.cpp:1310)
ERROR: Unhandled XServer error: BadWindow (invalid Window parameter)
   Major opcode of failed request: 20
   Serial number of failed request: 0
   Current serial number in output stream: 19232
   at: default_window_error_handler (platform/linuxbsd/x11/display_server_x11.cpp:1310)
ERROR: Unhandled XServer error: BadWindow (invalid Window parameter)
   Major opcode of failed request: 20
   Serial number of failed request: 0
   Current serial number in output stream: 19260
   at: default_window_error_handler (platform/linuxbsd/x11/display_server_x11.cpp:1310)
ERROR: Unhandled XServer error: BadWindow (invalid Window parameter)
   Major opcode of failed request: 20
   Serial number of failed request: 0
   Current serial number in output stream: 19288
   at: default_window_error_handler (platform/linuxbsd/x11/display_server_x11.cpp:1310)
ERROR: Unhandled XServer error: BadWindow (invalid Window parameter)
   Major opcode of failed request: 20
   Serial number of failed request: 0
   Current serial number in output stream: 19356
   at: default_window_error_handler (platform/linuxbsd/x11/display_server_x11.cpp:1310)
ERROR: Unhandled XServer error: BadWindow (invalid Window parameter)
   Major opcode of failed request: 20
   Serial number of failed request: 0
   Current serial number in output stream: 19384
   at: default_window_error_handler (platform/linuxbsd/x11/display_server_x11.cpp:1310)
ERROR: Unhandled XServer error: BadWindow (invalid Window parameter)
   Major opcode of failed request: 20
   Serial number of failed request: 0
   Current serial number in output stream: 19412
   at: default_window_error_handler (platform/linuxbsd/x11/display_server_x11.cpp:1310)
ERROR: Unhandled XServer error: BadWindow (invalid Window parameter)
   Major opcode of failed request: 20
   Serial number of failed request: 0
   Current serial number in output stream: 19440
   at: default_window_error_handler (platform/linuxbsd/x11/display_server_x11.cpp:1310)
ERROR: Unhandled XServer error: BadWindow (invalid Window parameter)
   Major opcode of failed request: 20
   Serial number of failed request: 0
   Current serial number in output stream: 19484
   at: default_window_error_handler (platform/linuxbsd/x11/display_server_x11.cpp:1310)
ERROR: Unhandled XServer error: BadWindow (invalid Window parameter)
   Major opcode of failed request: 20
   Serial number of failed request: 0
   Current serial number in output stream: 19524
   at: default_window_error_handler (platform/linuxbsd/x11/display_server_x11.cpp:1310)
ERROR: Unhandled XServer error: BadWindow (invalid Window parameter)
   Major opcode of failed request: 20
   Serial number of failed request: 0
   Current serial number in output stream: 19552
   at: default_window_error_handler (platform/linuxbsd/x11/display_server_x11.cpp:1310)
ERROR: Unhandled XServer error: BadWindow (invalid Window parameter)
   Major opcode of failed request: 20
   Serial number of failed request: 0
   Current serial number in output stream: 19580
   at: default_window_error_handler (platform/linuxbsd/x11/display_server_x11.cpp:1310)
ERROR: Unhandled XServer error: BadWindow (invalid Window parameter)
   Major opcode of failed request: 20
   Serial number of failed request: 0
   Current serial number in output stream: 19608
   at: default_window_error_handler (platform/linuxbsd/x11/display_server_x11.cpp:1310)
ERROR: Unhandled XServer error: BadWindow (invalid Window parameter)
   Major opcode of failed request: 20
   Serial number of failed request: 0
   Current serial number in output stream: 19636
   at: default_window_error_handler (platform/linuxbsd/x11/display_server_x11.cpp:1310)
ERROR: Unhandled XServer error: BadWindow (invalid Window parameter)
   Major opcode of failed request: 20
   Serial number of failed request: 0
   Current serial number in output stream: 19692
   at: default_window_error_handler (platform/linuxbsd/x11/display_server_x11.cpp:1310)
ERROR: Unhandled XServer error: BadWindow (invalid Window parameter)
   Major opcode of failed request: 20
   Serial number of failed request: 0
   Current serial number in output stream: 19724
   at: default_window_error_handler (platform/linuxbsd/x11/display_server_x11.cpp:1310)
ERROR: Unhandled XServer error: BadWindow (invalid Window parameter)
   Major opcode of failed request: 20
   Serial number of failed request: 0
   Current serial number in output stream: 19752
   at: default_window_error_handler (platform/linuxbsd/x11/display_server_x11.cpp:1310)
ERROR: Unhandled XServer error: BadWindow (invalid Window parameter)
   Major opcode of failed request: 20
   Serial number of failed request: 0
   Current serial number in output stream: 19780
   at: default_window_error_handler (platform/linuxbsd/x11/display_server_x11.cpp:1310)
ERROR: Unhandled XServer error: BadWindow (invalid Window parameter)
   Major opcode of failed request: 20
   Serial number of failed request: 0
   Current serial number in output stream: 19808
   at: default_window_error_handler (platform/linuxbsd/x11/display_server_x11.cpp:1310)
ERROR: Unhandled XServer error: BadWindow (invalid Window parameter)
   Major opcode of failed request: 20
   Serial number of failed request: 0
   Current serial number in output stream: 19836
   at: default_window_error_handler (platform/linuxbsd/x11/display_server_x11.cpp:1310)
ERROR: Unhandled XServer error: BadWindow (invalid Window parameter)
   Major opcode of failed request: 20
   Serial number of failed request: 0
   Current serial number in output stream: 19864
   at: default_window_error_handler (platform/linuxbsd/x11/display_server_x11.cpp:1310)
ERROR: Unhandled XServer error: BadWindow (invalid Window parameter)
   Major opcode of failed request: 20
   Serial number of failed request: 0
   Current serial number in output stream: 19892
   at: default_window_error_handler (platform/linuxbsd/x11/display_server_x11.cpp:1310)
ERROR: Unhandled XServer error: BadWindow (invalid Window parameter)
   Major opcode of failed request: 20
   Serial number of failed request: 0
   Current serial number in output stream: 19920
   at: default_window_error_handler (platform/linuxbsd/x11/display_server_x11.cpp:1310)
ERROR: Unhandled XServer error: BadWindow (invalid Window parameter)
   Major opcode of failed request: 20
   Serial number of failed request: 0
   Current serial number in output stream: 19948
   at: default_window_error_handler (platform/linuxbsd/x11/display_server_x11.cpp:1310)
ERROR: Unhandled XServer error: BadWindow (invalid Window parameter)
   Major opcode of failed request: 20
   Serial number of failed request: 0
   Current serial number in output stream: 19976
   at: default_window_error_handler (platform/linuxbsd/x11/display_server_x11.cpp:1310)
ERROR: Unhandled XServer error: BadWindow (invalid Window parameter)
   Major opcode of failed request: 20
   Serial number of failed request: 0
   Current serial number in output stream: 20004
   at: default_window_error_handler (platform/linuxbsd/x11/display_server_x11.cpp:1310)
ERROR: Unhandled XServer error: BadWindow (invalid Window parameter)
   Major opcode of failed request: 20
   Serial number of failed request: 0
   Current serial number in output stream: 20032
   at: default_window_error_handler (platform/linuxbsd/x11/display_server_x11.cpp:1310)
ERROR: Unhandled XServer error: BadWindow (invalid Window parameter)
   Major opcode of failed request: 20
   Serial number of failed request: 0
   Current serial number in output stream: 20060
   at: default_window_error_handler (platform/linuxbsd/x11/display_server_x11.cpp:1310)
ERROR: Unhandled XServer error: BadWindow (invalid Window parameter)
   Major opcode of failed request: 20
   Serial number of failed request: 0
   Current serial number in output stream: 20088
   at: default_window_error_handler (platform/linuxbsd/x11/display_server_x11.cpp:1310)
ERROR: Unhandled XServer error: BadWindow (invalid Window parameter)
   Major opcode of failed request: 20
   Serial number of failed request: 0
   Current serial number in output stream: 20116
   at: default_window_error_handler (platform/linuxbsd/x11/display_server_x11.cpp:1310)
ERROR: Unhandled XServer error: BadWindow (invalid Window parameter)
   Major opcode of failed request: 20
   Serial number of failed request: 0
   Current serial number in output stream: 20148
   at: default_window_error_handler (platform/linuxbsd/x11/display_server_x11.cpp:1310)
ERROR: Unhandled XServer error: BadWindow (invalid Window parameter)
   Major opcode of failed request: 20
   Serial number of failed request: 0
   Current serial number in output stream: 20176
   at: default_window_error_handler (platform/linuxbsd/x11/display_server_x11.cpp:1310)
ERROR: Unhandled XServer error: BadWindow (invalid Window parameter)
   Major opcode of failed request: 20
   Serial number of failed request: 0
   Current serial number in output stream: 20204
   at: default_window_error_handler (platform/linuxbsd/x11/display_server_x11.cpp:1310)
ERROR: Unhandled XServer error: BadWindow (invalid Window parameter)
   Major opcode of failed request: 20
   Serial number of failed request: 0
   Current serial number in output stream: 20232
   at: default_window_error_handler (platform/linuxbsd/x11/display_server_x11.cpp:1310)
ERROR: Unhandled XServer error: BadWindow (invalid Window parameter)
   Major opcode of failed request: 20
   Serial number of failed request: 0
   Current serial number in output stream: 20260
   at: default_window_error_handler (platform/linuxbsd/x11/display_server_x11.cpp:1310)
ERROR: Unhandled XServer error: BadWindow (invalid Window parameter)
   Major opcode of failed request: 20
   Serial number of failed request: 0
   Current serial number in output stream: 20288
   at: default_window_error_handler (platform/linuxbsd/x11/display_server_x11.cpp:1310)
ERROR: Unhandled XServer error: BadWindow (invalid Window parameter)
   Major opcode of failed request: 20
   Serial number of failed request: 0
   Current serial number in output stream: 20316
   at: default_window_error_handler (platform/linuxbsd/x11/display_server_x11.cpp:1310)
ERROR: Unhandled XServer error: BadWindow (invalid Window parameter)
   Major opcode of failed request: 20
   Serial number of failed request: 0
   Current serial number in output stream: 20344
   at: default_window_error_handler (platform/linuxbsd/x11/display_server_x11.cpp:1310)
Godot Engine v4.6.3.stable.official.7d41c59c4 - https://godotengine.org
ERROR: Unhandled XServer error: BadWindow (invalid Window parameter)
   Major opcode of failed request: 20
   Serial number of failed request: 0
   Current serial number in output stream: 21104
   at: default_window_error_handler (platform/linuxbsd/x11/display_server_x11.cpp:1310)
ERROR: Unhandled XServer error: BadWindow (invalid Window parameter)
   Major opcode of failed request: 20
   Serial number of failed request: 0
   Current serial number in output stream: 21185
   at: default_window_error_handler (platform/linuxbsd/x11/display_server_x11.cpp:1310)
ERROR: Unhandled XServer error: BadWindow (invalid Window parameter)
   Major opcode of failed request: 20
   Serial number of failed request: 0
   Current serial number in output stream: 21264
   at: default_window_error_handler (platform/linuxbsd/x11/display_server_x11.cpp:1310)
ERROR: Unhandled XServer error: BadWindow (invalid Window parameter)
   Major opcode of failed request: 20
   Serial number of failed request: 0
   Current serial number in output stream: 21343
   at: default_window_error_handler (platform/linuxbsd/x11/display_server_x11.cpp:1310)
ERROR: Unhandled XServer error: BadWindow (invalid Window parameter)
   Major opcode of failed request: 20
   Serial number of failed request: 0
   Current serial number in output stream: 21426
   at: default_window_error_handler (platform/linuxbsd/x11/display_server_x11.cpp:1310)
ERROR: Unhandled XServer error: BadWindow (invalid Window parameter)
   Major opcode of failed request: 20
   Serial number of failed request: 0
   Current serial number in output stream: 21501
   at: default_window_error_handler (platform/linuxbsd/x11/display_server_x11.cpp:1310)
ERROR: Unhandled XServer error: BadWindow (invalid Window parameter)
   Major opcode of failed request: 20
   Serial number of failed request: 0
   Current serial number in output stream: 21582
   at: default_window_error_handler (platform/linuxbsd/x11/display_server_x11.cpp:1310)
ERROR: Unhandled XServer error: BadWindow (invalid Window parameter)
   Major opcode of failed request: 20
   Serial number of failed request: 0
   Current serial number in output stream: 21661
   at: default_window_error_handler (platform/linuxbsd/x11/display_server_x11.cpp:1310)
ERROR: Unhandled XServer error: BadWindow (invalid Window parameter)
   Major opcode of failed request: 20
   Serial number of failed request: 0
   Current serial number in output stream: 21742
   at: default_window_error_handler (platform/linuxbsd/x11/display_server_x11.cpp:1310)
ERROR: Unhandled XServer error: BadWindow (invalid Window parameter)
   Major opcode of failed request: 20
   Serial number of failed request: 0
   Current serial number in output stream: 21819
   at: default_window_error_handler (platform/linuxbsd/x11/display_server_x11.cpp:1310)
ERROR: Unhandled XServer error: BadWindow (invalid Window parameter)
   Major opcode of failed request: 20
   Serial number of failed request: 0
   Current serial number in output stream: 21883
   at: default_window_error_handler (platform/linuxbsd/x11/display_server_x11.cpp:1310)
ERROR: Unhandled XServer error: BadWindow (invalid Window parameter)
   Major opcode of failed request: 20
   Serial number of failed request: 0
   Current serial number in output stream: 21968
   at: default_window_error_handler (platform/linuxbsd/x11/display_server_x11.cpp:1310)
ERROR: Unhandled XServer error: BadWindow (invalid Window parameter)
   Major opcode of failed request: 20
   Serial number of failed request: 0
   Current serial number in output stream: 22041
   at: default_window_error_handler (platform/linuxbsd/x11/display_server_x11.cpp:1310)
ERROR: Unhandled XServer error: BadWindow (invalid Window parameter)
   Major opcode of failed request: 20
   Serial number of failed request: 0
   Current serial number in output stream: 22120
   at: default_window_error_handler (platform/linuxbsd/x11/display_server_x11.cpp:1310)
ERROR: Unhandled XServer error: BadWindow (invalid Window parameter)
   Major opcode of failed request: 20
   Serial number of failed request: 0
   Current serial number in output stream: 22201
   at: default_window_error_handler (platform/linuxbsd/x11/display_server_x11.cpp:1310)
ERROR: Unhandled XServer error: BadWindow (invalid Window parameter)
   Major opcode of failed request: 20
   Serial number of failed request: 0
   Current serial number in output stream: 22274
   at: default_window_error_handler (platform/linuxbsd/x11/display_server_x11.cpp:1310)
ERROR: Unhandled XServer error: BadWindow (invalid Window parameter)
   Major opcode of failed request: 20
   Serial number of failed request: 0
   Current serial number in output stream: 22359
   at: default_window_error_handler (platform/linuxbsd/x11/display_server_x11.cpp:1310)
ERROR: Unhandled XServer error: BadWindow (invalid Window parameter)
   Major opcode of failed request: 20
   Serial number of failed request: 0
   Current serial number in output stream: 22436
   at: default_window_error_handler (platform/linuxbsd/x11/display_server_x11.cpp:1310)
ERROR: Unhandled XServer error: BadWindow (invalid Window parameter)
   Major opcode of failed request: 20
   Serial number of failed request: 0
   Current serial number in output stream: 22517
   at: default_window_error_handler (platform/linuxbsd/x11/display_server_x11.cpp:1310)
ERROR: Unhandled XServer error: BadWindow (invalid Window parameter)
   Major opcode of failed request: 20
   Serial number of failed request: 0
   Current serial number in output stream: 22600
   at: default_window_error_handler (platform/linuxbsd/x11/display_server_x11.cpp:1310)
ERROR: Unhandled XServer error: BadWindow (invalid Window parameter)
   Major opcode of failed request: 20
   Serial number of failed request: 0
   Current serial number in output stream: 22681
   at: default_window_error_handler (platform/linuxbsd/x11/display_server_x11.cpp:1310)
ERROR: Unhandled XServer error: BadWindow (invalid Window parameter)
   Major opcode of failed request: 20
   Serial number of failed request: 0
   Current serial number in output stream: 22745
   at: default_window_error_handler (platform/linuxbsd/x11/display_server_x11.cpp:1310)
ERROR: Unhandled XServer error: BadWindow (invalid Window parameter)
   Major opcode of failed request: 20
   Serial number of failed request: 0
   Current serial number in output stream: 22822
   at: default_window_error_handler (platform/linuxbsd/x11/display_server_x11.cpp:1310)
ERROR: Unhandled XServer error: BadWindow (invalid Window parameter)
   Major opcode of failed request: 20
   Serial number of failed request: 0
   Current serial number in output stream: 22903
   at: default_window_error_handler (platform/linuxbsd/x11/display_server_x11.cpp:1310)
ERROR: Unhandled XServer error: BadWindow (invalid Window parameter)
   Major opcode of failed request: 20
   Serial number of failed request: 0
   Current serial number in output stream: 22984
   at: default_window_error_handler (platform/linuxbsd/x11/display_server_x11.cpp:1310)
ERROR: Unhandled XServer error: BadWindow (invalid Window parameter)
   Major opcode of failed request: 20
   Serial number of failed request: 0
   Current serial number in output stream: 23061
   at: default_window_error_handler (platform/linuxbsd/x11/display_server_x11.cpp:1310)
ERROR: Unhandled XServer error: BadWindow (invalid Window parameter)
   Major opcode of failed request: 20
   Serial number of failed request: 0
   Current serial number in output stream: 23142
   at: default_window_error_handler (platform/linuxbsd/x11/display_server_x11.cpp:1310)
ERROR: Unhandled XServer error: BadWindow (invalid Window parameter)
   Major opcode of failed request: 20
   Serial number of failed request: 0
   Current serial number in output stream: 23221
   at: default_window_error_handler (platform/linuxbsd/x11/display_server_x11.cpp:1310)
ERROR: Unhandled XServer error: BadWindow (invalid Window parameter)
   Major opcode of failed request: 20
   Serial number of failed request: 0
   Current serial number in output stream: 23304
   at: default_window_error_handler (platform/linuxbsd/x11/display_server_x11.cpp:1310)
ERROR: Unhandled XServer error: BadWindow (invalid Window parameter)
   Major opcode of failed request: 20
   Serial number of failed request: 0
   Current serial number in output stream: 23381
   at: default_window_error_handler (platform/linuxbsd/x11/display_server_x11.cpp:1310)
ERROR: Unhandled XServer error: BadWindow (invalid Window parameter)
   Major opcode of failed request: 20
   Serial number of failed request: 0
   Current serial number in output stream: 23466
   at: default_window_error_handler (platform/linuxbsd/x11/display_server_x11.cpp:1310)
ERROR: Unhandled XServer error: BadWindow (invalid Window parameter)
   Major opcode of failed request: 20
   Serial number of failed request: 0
   Current serial number in output stream: 23531
   at: default_window_error_handler (platform/linuxbsd/x11/display_server_x11.cpp:1310)
WARNING: Could not set V-Sync mode, as changing V-Sync mode is not supported by the graphics driver.
     at: set_use_vsync (platform/linuxbsd/x11/gl_manager_x11.cpp:364)
ERROR: Unhandled XServer error: BadWindow (invalid Window parameter)
   Major opcode of failed request: 20
   Serial number of failed request: 0
   Current serial number in output stream: 23585
   at: default_window_error_handler (platform/linuxbsd/x11/display_server_x11.cpp:1310)
ERROR: Unhandled XServer error: BadWindow (invalid Window parameter)
   Major opcode of failed request: 20
   Serial number of failed request: 0
   Current serial number in output stream: 23688
   at: default_window_error_handler (platform/linuxbsd/x11/display_server_x11.cpp:1310)
ERROR: Unhandled XServer error: BadWindow (invalid Window parameter)
   Major opcode of failed request: 20
   Serial number of failed request: 0
   Current serial number in output stream: 23752
   at: default_window_error_handler (platform/linuxbsd/x11/display_server_x11.cpp:1310)
ERROR: Unhandled XServer error: BadWindow (invalid Window parameter)
   Major opcode of failed request: 20
   Serial number of failed request: 0
   Current serial number in output stream: 23820
   at: default_window_error_handler (platform/linuxbsd/x11/display_server_x11.cpp:1310)
ERROR: Unhandled XServer error: BadWindow (invalid Window parameter)
   Major opcode of failed request: 20
   Serial number of failed request: 0
   Current serial number in output stream: 23876
   at: default_window_error_handler (platform/linuxbsd/x11/display_server_x11.cpp:1310)
ERROR: Unhandled XServer error: BadWindow (invalid Window parameter)
   Major opcode of failed request: 20
   Serial number of failed request: 0
   Current serial number in output stream: 23936
   at: default_window_error_handler (platform/linuxbsd/x11/display_server_x11.cpp:1310)
ERROR: Unhandled XServer error: BadWindow (invalid Window parameter)
   Major opcode of failed request: 20
   Serial number of failed request: 0
   Current serial number in output stream: 24004
   at: default_window_error_handler (platform/linuxbsd/x11/display_server_x11.cpp:1310)
ERROR: Unhandled XServer error: BadWindow (invalid Window parameter)
   Major opcode of failed request: 20
   Serial number of failed request: 0
   Current serial number in output stream: 24064
   at: default_window_error_handler (platform/linuxbsd/x11/display_server_x11.cpp:1310)
ERROR: Unhandled XServer error: BadWindow (invalid Window parameter)
   Major opcode of failed request: 20
   Serial number of failed request: 0
   Current serial number in output stream: 24126
   at: default_window_error_handler (platform/linuxbsd/x11/display_server_x11.cpp:1310)
ERROR: Unhandled XServer error: BadWindow (invalid Window parameter)
   Major opcode of failed request: 20
   Serial number of failed request: 0
   Current serial number in output stream: 24186
   at: default_window_error_handler (platform/linuxbsd/x11/display_server_x11.cpp:1310)
ERROR: Unhandled XServer error: BadWindow (invalid Window parameter)
   Major opcode of failed request: 20
   Serial number of failed request: 0
   Current serial number in output stream: 24246
   at: default_window_error_handler (platform/linuxbsd/x11/display_server_x11.cpp:1310)
ERROR: Unhandled XServer error: BadWindow (invalid Window parameter)
   Major opcode of failed request: 20
   Serial number of failed request: 0
   Current serial number in output stream: 24306
   at: default_window_error_handler (platform/linuxbsd/x11/display_server_x11.cpp:1310)
ERROR: Unhandled XServer error: BadWindow (invalid Window parameter)
   Major opcode of failed request: 20
   Serial number of failed request: 0
   Current serial number in output stream: 24366
   at: default_window_error_handler (platform/linuxbsd/x11/display_server_x11.cpp:1310)
ERROR: Unhandled XServer error: BadWindow (invalid Window parameter)
   Major opcode of failed request: 20
   Serial number of failed request: 0
   Current serial number in output stream: 24430
   at: default_window_error_handler (platform/linuxbsd/x11/display_server_x11.cpp:1310)
ERROR: Unhandled XServer error: BadWindow (invalid Window parameter)
   Major opcode of failed request: 20
   Serial number of failed request: 0
   Current serial number in output stream: 24496
   at: default_window_error_handler (platform/linuxbsd/x11/display_server_x11.cpp:1310)
ERROR: Unhandled XServer error: BadWindow (invalid Window parameter)
   Major opcode of failed request: 20
   Serial number of failed request: 0
   Current serial number in output stream: 24558
   at: default_window_error_handler (platform/linuxbsd/x11/display_server_x11.cpp:1310)
ERROR: Unhandled XServer error: BadWindow (invalid Window parameter)
   Major opcode of failed request: 20
   Serial number of failed request: 0
   Current serial number in output stream: 24618
   at: default_window_error_handler (platform/linuxbsd/x11/display_server_x11.cpp:1310)
ERROR: Unhandled XServer error: BadWindow (invalid Window parameter)
   Major opcode of failed request: 20
   Serial number of failed request: 0
   Current serial number in output stream: 24682
   at: default_window_error_handler (platform/linuxbsd/x11/display_server_x11.cpp:1310)
ERROR: Unhandled XServer error: BadWindow (invalid Window parameter)
   Major opcode of failed request: 20
   Serial number of failed request: 0
   Current serial number in output stream: 24750
   at: default_window_error_handler (platform/linuxbsd/x11/display_server_x11.cpp:1310)
ERROR: Unhandled XServer error: BadWindow (invalid Window parameter)
   Major opcode of failed request: 20
   Serial number of failed request: 0
   Current serial number in output stream: 24810
   at: default_window_error_handler (platform/linuxbsd/x11/display_server_x11.cpp:1310)
ERROR: Unhandled XServer error: BadWindow (invalid Window parameter)
   Major opcode of failed request: 20
   Serial number of failed request: 0
   Current serial number in output stream: 24878
   at: default_window_error_handler (platform/linuxbsd/x11/display_server_x11.cpp:1310)
ERROR: Unhandled XServer error: BadWindow (invalid Window parameter)
   Major opcode of failed request: 20
   Serial number of failed request: 0
   Current serial number in output stream: 24948
   at: default_window_error_handler (platform/linuxbsd/x11/display_server_x11.cpp:1310)
ERROR: Unhandled XServer error: BadWindow (invalid Window parameter)
   Major opcode of failed request: 20
   Serial number of failed request: 0
   Current serial number in output stream: 25012
   at: default_window_error_handler (platform/linuxbsd/x11/display_server_x11.cpp:1310)
ERROR: Unhandled XServer error: BadWindow (invalid Window parameter)
   Major opcode of failed request: 20
   Serial number of failed request: 0
   Current serial number in output stream: 25078
   at: default_window_error_handler (platform/linuxbsd/x11/display_server_x11.cpp:1310)
ERROR: Unhandled XServer error: BadWindow (invalid Window parameter)
   Major opcode of failed request: 20
   Serial number of failed request: 0
   Current serial number in output stream: 25142
   at: default_window_error_handler (platform/linuxbsd/x11/display_server_x11.cpp:1310)
ERROR: Unhandled XServer error: BadWindow (invalid Window parameter)
   Major opcode of failed request: 20
   Serial number of failed request: 0
   Current serial number in output stream: 25208
   at: default_window_error_handler (platform/linuxbsd/x11/display_server_x11.cpp:1310)
ERROR: Unhandled XServer error: BadWindow (invalid Window parameter)
   Major opcode of failed request: 20
   Serial number of failed request: 0
   Current serial number in output stream: 25276
   at: default_window_error_handler (platform/linuxbsd/x11/display_server_x11.cpp:1310)
ERROR: Unhandled XServer error: BadWindow (invalid Window parameter)
   Major opcode of failed request: 20
   Serial number of failed request: 0
   Current serial number in output stream: 25342
   at: default_window_error_handler (platform/linuxbsd/x11/display_server_x11.cpp:1310)
ERROR: Unhandled XServer error: BadWindow (invalid Window parameter)
   Major opcode of failed request: 20
   Serial number of failed request: 0
   Current serial number in output stream: 25406
   at: default_window_error_handler (platform/linuxbsd/x11/display_server_x11.cpp:1310)
ERROR: Unhandled XServer error: BadWindow (invalid Window parameter)
   Major opcode of failed request: 20
   Serial number of failed request: 0
   Current serial number in output stream: 25470
   at: default_window_error_handler (platform/linuxbsd/x11/display_server_x11.cpp:1310)
ERROR: Unhandled XServer error: BadWindow (invalid Window parameter)
   Major opcode of failed request: 20
   Serial number of failed request: 0
   Current serial number in output stream: 25542
   at: default_window_error_handler (platform/linuxbsd/x11/display_server_x11.cpp:1310)
ERROR: Unhandled XServer error: BadWindow (invalid Window parameter)
   Major opcode of failed request: 20
   Serial number of failed request: 0
   Current serial number in output stream: 25594
   at: default_window_error_handler (platform/linuxbsd/x11/display_server_x11.cpp:1310)
ERROR: Unhandled XServer error: BadWindow (invalid Window parameter)
   Major opcode of failed request: 20
   Serial number of failed request: 0
   Current serial number in output stream: 25660
   at: default_window_error_handler (platform/linuxbsd/x11/display_server_x11.cpp:1310)
ERROR: Unhandled XServer error: BadWindow (invalid Window parameter)
   Major opcode of failed request: 20
   Serial number of failed request: 0
   Current serial number in output stream: 25722
   at: default_window_error_handler (platform/linuxbsd/x11/display_server_x11.cpp:1310)
ERROR: Unhandled XServer error: BadWindow (invalid Window parameter)
   Major opcode of failed request: 20
   Serial number of failed request: 0
   Current serial number in output stream: 25782
   at: default_window_error_handler (platform/linuxbsd/x11/display_server_x11.cpp:1310)
ERROR: Unhandled XServer error: BadWindow (invalid Window parameter)
   Major opcode of failed request: 20
   Serial number of failed request: 0
   Current serial number in output stream: 25846
   at: default_window_error_handler (platform/linuxbsd/x11/display_server_x11.cpp:1310)
ERROR: Unhandled XServer error: BadWindow (invalid Window parameter)
   Major opcode of failed request: 20
   Serial number of failed request: 0
   Current serial number in output stream: 25910
   at: default_window_error_handler (platform/linuxbsd/x11/display_server_x11.cpp:1310)
ERROR: Unhandled XServer error: BadWindow (invalid Window parameter)
   Major opcode of failed request: 20
   Serial number of failed request: 0
   Current serial number in output stream: 25978
   at: default_window_error_handler (platform/linuxbsd/x11/display_server_x11.cpp:1310)
ERROR: Unhandled XServer error: BadWindow (invalid Window parameter)
   Major opcode of failed request: 20
   Serial number of failed request: 0
   Current serial number in output stream: 26042
   at: default_window_error_handler (platform/linuxbsd/x11/display_server_x11.cpp:1310)
ERROR: Unhandled XServer error: BadWindow (invalid Window parameter)
   Major opcode of failed request: 20
   Serial number of failed request: 0
   Current serial number in output stream: 26106
   at: default_window_error_handler (platform/linuxbsd/x11/display_server_x11.cpp:1310)
ERROR: Unhandled XServer error: BadWindow (invalid Window parameter)
   Major opcode of failed request: 20
   Serial number of failed request: 0
   Current serial number in output stream: 26166
   at: default_window_error_handler (platform/linuxbsd/x11/display_server_x11.cpp:1310)
ERROR: Unhandled XServer error: BadWindow (invalid Window parameter)
   Major opcode of failed request: 20
   Serial number of failed request: 0
   Current serial number in output stream: 26234
   at: default_window_error_handler (platform/linuxbsd/x11/display_server_x11.cpp:1310)
ERROR: Unhandled XServer error: BadWindow (invalid Window parameter)
   Major opcode of failed request: 20
   Serial number of failed request: 0
   Current serial number in output stream: 26298
   at: default_window_error_handler (platform/linuxbsd/x11/display_server_x11.cpp:1310)
ERROR: Unhandled XServer error: BadWindow (invalid Window parameter)
   Major opcode of failed request: 20
   Serial number of failed request: 0
   Current serial number in output stream: 26360
   at: default_window_error_handler (platform/linuxbsd/x11/display_server_x11.cpp:1310)
ERROR: Unhandled XServer error: BadWindow (invalid Window parameter)
   Major opcode of failed request: 20
   Serial number of failed request: 0
   Current serial number in output stream: 26432
   at: default_window_error_handler (platform/linuxbsd/x11/display_server_x11.cpp:1310)
ERROR: Unhandled XServer error: BadWindow (invalid Window parameter)
   Major opcode of failed request: 20
   Serial number of failed request: 0
   Current serial number in output stream: 26484
   at: default_window_error_handler (platform/linuxbsd/x11/display_server_x11.cpp:1310)
ERROR: Unhandled XServer error: BadWindow (invalid Window parameter)
   Major opcode of failed request: 20
   Serial number of failed request: 0
   Current serial number in output stream: 26546
   at: default_window_error_handler (platform/linuxbsd/x11/display_server_x11.cpp:1310)
ERROR: Unhandled XServer error: BadWindow (invalid Window parameter)
   Major opcode of failed request: 20
   Serial number of failed request: 0
   Current serial number in output stream: 26620
   at: default_window_error_handler (platform/linuxbsd/x11/display_server_x11.cpp:1310)
ERROR: Unhandled XServer error: BadWindow (invalid Window parameter)
   Major opcode of failed request: 20
   Serial number of failed request: 0
   Current serial number in output stream: 26684
   at: default_window_error_handler (platform/linuxbsd/x11/display_server_x11.cpp:1310)
ERROR: Unhandled XServer error: BadWindow (invalid Window parameter)
   Major opcode of failed request: 20
   Serial number of failed request: 0
   Current serial number in output stream: 26748
   at: default_window_error_handler (platform/linuxbsd/x11/display_server_x11.cpp:1310)
ERROR: Unhandled XServer error: BadWindow (invalid Window parameter)
   Major opcode of failed request: 20
   Serial number of failed request: 0
   Current serial number in output stream: 26812
   at: default_window_error_handler (platform/linuxbsd/x11/display_server_x11.cpp:1310)
ERROR: Unhandled XServer error: BadWindow (invalid Window parameter)
   Major opcode of failed request: 20
   Serial number of failed request: 0
   Current serial number in output stream: 26878
   at: default_window_error_handler (platform/linuxbsd/x11/display_server_x11.cpp:1310)
ERROR: Unhandled XServer error: BadWindow (invalid Window parameter)
   Major opcode of failed request: 20
   Serial number of failed request: 0
   Current serial number in output stream: 26942
   at: default_window_error_handler (platform/linuxbsd/x11/display_server_x11.cpp:1310)
ERROR: Unhandled XServer error: BadWindow (invalid Window parameter)
   Major opcode of failed request: 20
   Serial number of failed request: 0
   Current serial number in output stream: 27012
   at: default_window_error_handler (platform/linuxbsd/x11/display_server_x11.cpp:1310)
ERROR: Unhandled XServer error: BadWindow (invalid Window parameter)
   Major opcode of failed request: 20
   Serial number of failed request: 0
   Current serial number in output stream: 27080
   at: default_window_error_handler (platform/linuxbsd/x11/display_server_x11.cpp:1310)
ERROR: Unhandled XServer error: BadWindow (invalid Window parameter)
   Major opcode of failed request: 20
   Serial number of failed request: 0
   Current serial number in output stream: 27148
   at: default_window_error_handler (platform/linuxbsd/x11/display_server_x11.cpp:1310)
ERROR: Unhandled XServer error: BadWindow (invalid Window parameter)
   Major opcode of failed request: 20
   Serial number of failed request: 0
   Current serial number in output stream: 27212
   at: default_window_error_handler (platform/linuxbsd/x11/display_server_x11.cpp:1310)
ERROR: Unhandled XServer error: BadWindow (invalid Window parameter)
   Major opcode of failed request: 20
   Serial number of failed request: 0
   Current serial number in output stream: 27276
   at: default_window_error_handler (platform/linuxbsd/x11/display_server_x11.cpp:1310)
ERROR: Unhandled XServer error: BadWindow (invalid Window parameter)
   Major opcode of failed request: 20
   Serial number of failed request: 0
   Current serial number in output stream: 27340
   at: default_window_error_handler (platform/linuxbsd/x11/display_server_x11.cpp:1310)
ERROR: Unhandled XServer error: BadWindow (invalid Window parameter)
   Major opcode of failed request: 20
   Serial number of failed request: 0
   Current serial number in output stream: 27404
   at: default_window_error_handler (platform/linuxbsd/x11/display_server_x11.cpp:1310)
ERROR: Unhandled XServer error: BadWindow (invalid Window parameter)
   Major opcode of failed request: 20
   Serial number of failed request: 0
   Current serial number in output stream: 27472
   at: default_window_error_handler (platform/linuxbsd/x11/display_server_x11.cpp:1310)
OpenGL API 4.5 (Core Profile) Mesa 25.0.7-2+deb13u1 - Compatibility - Using Device: Mesa - llvmpipe (LLVM 19.1.7, 256 bits)
ALSA lib confmisc.c:855:(parse_card) cannot find card '0'
ALSA lib conf.c:5205:(_snd_config_evaluate) function snd_func_card_inum returned error: No such file or directory
ALSA lib confmisc.c:422:(snd_func_concat) error evaluating strings
ALSA lib conf.c:5205:(_snd_config_evaluate) function snd_func_concat returned error: No such file or directory
ALSA lib confmisc.c:1342:(snd_func_refer) error evaluating name
ALSA lib conf.c:5205:(_snd_config_evaluate) function snd_func_refer returned error: No such file or directory
ALSA lib conf.c:5728:(snd_config_expand) Evaluate error: No such file or directory
ALSA lib pcm.c:2722:(snd_pcm_open_noupdate) Unknown PCM default
ERROR: Condition "status < 0" is true. Returning: ERR_CANT_OPEN
   at: init_output_device (drivers/alsa/audio_driver_alsa.cpp:90)
WARNING: All audio drivers failed, falling back to the dummy driver.
     at: initialize (servers/audio/audio_server.cpp:247)

ERROR: Unhandled XServer error: BadWindow (invalid Window parameter)
   Major opcode of failed request: 20
   Serial number of failed request: 0
   Current serial number in output stream: 27542
   at: default_window_error_handler (platform/linuxbsd/x11/display_server_x11.cpp:1310)
ART_IMPORT_OK clips=["attack", "dash", "death", "hit", "idle", "overload", "run", "thrust", "ultimate"]
ART_CLIP idle length=2.0 tracks=19
ART_CLIP run length=0.80000001192093 tracks=19
ART_CLIP attack length=0.80000001192093 tracks=19
ART_CLIP dash length=0.60000002384186 tracks=19
ART_CLIP thrust length=0.89999997615814 tracks=19
ART_CLIP overload length=1.5 tracks=19
ART_CLIP ultimate length=2.0 tracks=19
ART_CLIP hit length=0.60000002384186 tracks=19
ART_CLIP death length=1.60000002384186 tracks=19
ERROR: Unhandled XServer error: BadWindow (invalid Window parameter)
   Major opcode of failed request: 20
   Serial number of failed request: 0
   Current serial number in output stream: 27596
   at: default_window_error_handler (platform/linuxbsd/x11/display_server_x11.cpp:1310)
ERROR: Unhandled XServer error: BadWindow (invalid Window parameter)
   Major opcode of failed request: 20
   Serial number of failed request: 0
   Current serial number in output stream: 27664
   at: default_window_error_handler (platform/linuxbsd/x11/display_server_x11.cpp:1310)
ERROR: Unhandled XServer error: BadWindow (invalid Window parameter)
   Major opcode of failed request: 20
   Serial number of failed request: 0
   Current serial number in output stream: 27692
   at: default_window_error_handler (platform/linuxbsd/x11/display_server_x11.cpp:1310)
ERROR: Unhandled XServer error: BadWindow (invalid Window parameter)
   Major opcode of failed request: 20
   Serial number of failed request: 0
   Current serial number in output stream: 27746
   at: default_window_error_handler (platform/linuxbsd/x11/display_server_x11.cpp:1310)
ERROR: Unhandled XServer error: BadWindow (invalid Window parameter)
   Major opcode of failed request: 20
   Serial number of failed request: 0
   Current serial number in output stream: 27774
   at: default_window_error_handler (platform/linuxbsd/x11/display_server_x11.cpp:1310)
ERROR: Unhandled XServer error: BadWindow (invalid Window parameter)
   Major opcode of failed request: 20
   Serial number of failed request: 0
   Current serial number in output stream: 27802
   at: default_window_error_handler (platform/linuxbsd/x11/display_server_x11.cpp:1310)
ERROR: Unhandled XServer error: BadWindow (invalid Window parameter)
   Major opcode of failed request: 20
   Serial number of failed request: 0
   Current serial number in output stream: 27830
   at: default_window_error_handler (platform/linuxbsd/x11/display_server_x11.cpp:1310)
ERROR: Unhandled XServer error: BadWindow (invalid Window parameter)
   Major opcode of failed request: 20
   Serial number of failed request: 0
   Current serial number in output stream: 27858
   at: default_window_error_handler (platform/linuxbsd/x11/display_server_x11.cpp:1310)
ERROR: Unhandled XServer error: BadWindow (invalid Window parameter)
   Major opcode of failed request: 20
   Serial number of failed request: 0
   Current serial number in output stream: 27894
   at: default_window_error_handler (platform/linuxbsd/x11/display_server_x11.cpp:1310)
ERROR: Unhandled XServer error: BadWindow (invalid Window parameter)
   Major opcode of failed request: 20
   Serial number of failed request: 0
   Current serial number in output stream: 27934
   at: default_window_error_handler (platform/linuxbsd/x11/display_server_x11.cpp:1310)
ERROR: Unhandled XServer error: BadWindow (invalid Window parameter)
   Major opcode of failed request: 20
   Serial number of failed request: 0
   Current serial number in output stream: 27988
   at: default_window_error_handler (platform/linuxbsd/x11/display_server_x11.cpp:1310)
ERROR: Unhandled XServer error: BadWindow (invalid Window parameter)
   Major opcode of failed request: 20
   Serial number of failed request: 0
   Current serial number in output stream: 28016
   at: default_window_error_handler (platform/linuxbsd/x11/display_server_x11.cpp:1310)
ERROR: Unhandled XServer error: BadWindow (invalid Window parameter)
   Major opcode of failed request: 20
   Serial number of failed request: 0
   Current serial number in output stream: 28044
   at: default_window_error_handler (platform/linuxbsd/x11/display_server_x11.cpp:1310)
ERROR: Unhandled XServer error: BadWindow (invalid Window parameter)
   Major opcode of failed request: 20
   Serial number of failed request: 0
   Current serial number in output stream: 28072
   at: default_window_error_handler (platform/linuxbsd/x11/display_server_x11.cpp:1310)
ERROR: Unhandled XServer error: BadWindow (invalid Window parameter)
   Major opcode of failed request: 20
   Serial number of failed request: 0
   Current serial number in output stream: 28126
   at: default_window_error_handler (platform/linuxbsd/x11/display_server_x11.cpp:1310)
ERROR: Unhandled XServer error: BadWindow (invalid Window parameter)
   Major opcode of failed request: 20
   Serial number of failed request: 0
   Current serial number in output stream: 28154
   at: default_window_error_handler (platform/linuxbsd/x11/display_server_x11.cpp:1310)
ERROR: Unhandled XServer error: BadWindow (invalid Window parameter)
   Major opcode of failed request: 20
   Serial number of failed request: 0
   Current serial number in output stream: 28182
   at: default_window_error_handler (platform/linuxbsd/x11/display_server_x11.cpp:1310)
ERROR: Unhandled XServer error: BadWindow (invalid Window parameter)
   Major opcode of failed request: 20
   Serial number of failed request: 0
   Current serial number in output stream: 28210
   at: default_window_error_handler (platform/linuxbsd/x11/display_server_x11.cpp:1310)
ERROR: Unhandled XServer error: BadWindow (invalid Window parameter)
   Major opcode of failed request: 20
   Serial number of failed request: 0
   Current serial number in output stream: 28250
   at: default_window_error_handler (platform/linuxbsd/x11/display_server_x11.cpp:1310)
ERROR: Unhandled XServer error: BadWindow (invalid Window parameter)
   Major opcode of failed request: 20
   Serial number of failed request: 0
   Current serial number in output stream: 28290
   at: default_window_error_handler (platform/linuxbsd/x11/display_server_x11.cpp:1310)
ERROR: Unhandled XServer error: BadWindow (invalid Window parameter)
   Major opcode of failed request: 20
   Serial number of failed request: 0
   Current serial number in output stream: 28330
   at: default_window_error_handler (platform/linuxbsd/x11/display_server_x11.cpp:1310)
ERROR: Unhandled XServer error: BadWindow (invalid Window parameter)
   Major opcode of failed request: 20
   Serial number of failed request: 0
   Current serial number in output stream: 28384
   at: default_window_error_handler (platform/linuxbsd/x11/display_server_x11.cpp:1310)
ERROR: Unhandled XServer error: BadWindow (invalid Window parameter)
   Major opcode of failed request: 20
   Serial number of failed request: 0
   Current serial number in output stream: 28412
   at: default_window_error_handler (platform/linuxbsd/x11/display_server_x11.cpp:1310)
ERROR: Unhandled XServer error: BadWindow (invalid Window parameter)
   Major opcode of failed request: 20
   Serial number of failed request: 0
   Current serial number in output stream: 28440
   at: default_window_error_handler (platform/linuxbsd/x11/display_server_x11.cpp:1310)
ERROR: Unhandled XServer error: BadWindow (invalid Window parameter)
   Major opcode of failed request: 20
   Serial number of failed request: 0
   Current serial number in output stream: 28468
   at: default_window_error_handler (platform/linuxbsd/x11/display_server_x11.cpp:1310)
ERROR: Unhandled XServer error: BadWindow (invalid Window parameter)
   Major opcode of failed request: 20
   Serial number of failed request: 0
   Current serial number in output stream: 28496
   at: default_window_error_handler (platform/linuxbsd/x11/display_server_x11.cpp:1310)
ERROR: Unhandled XServer error: BadWindow (invalid Window parameter)
   Major opcode of failed request: 20
   Serial number of failed request: 0
   Current serial number in output stream: 28524
   at: default_window_error_handler (platform/linuxbsd/x11/display_server_x11.cpp:1310)
ERROR: Unhandled XServer error: BadWindow (invalid Window parameter)
   Major opcode of failed request: 20
   Serial number of failed request: 0
   Current serial number in output stream: 28578
   at: default_window_error_handler (platform/linuxbsd/x11/display_server_x11.cpp:1310)
ERROR: Unhandled XServer error: BadWindow (invalid Window parameter)
   Major opcode of failed request: 20
   Serial number of failed request: 0
   Current serial number in output stream: 28606
   at: default_window_error_handler (platform/linuxbsd/x11/display_server_x11.cpp:1310)
ERROR: Unhandled XServer error: BadWindow (invalid Window parameter)
   Major opcode of failed request: 20
   Serial number of failed request: 0
   Current serial number in output stream: 28634
   at: default_window_error_handler (platform/linuxbsd/x11/display_server_x11.cpp:1310)
ERROR: Unhandled XServer error: BadWindow (invalid Window parameter)
   Major opcode of failed request: 20
   Serial number of failed request: 0
   Current serial number in output stream: 28662
   at: default_window_error_handler (platform/linuxbsd/x11/display_server_x11.cpp:1310)
ERROR: Unhandled XServer error: BadWindow (invalid Window parameter)
   Major opcode of failed request: 20
   Serial number of failed request: 0
   Current serial number in output stream: 28690
   at: default_window_error_handler (platform/linuxbsd/x11/display_server_x11.cpp:1310)
ERROR: Unhandled XServer error: BadWindow (invalid Window parameter)
   Major opcode of failed request: 20
   Serial number of failed request: 0
   Current serial number in output stream: 28718
   at: default_window_error_handler (platform/linuxbsd/x11/display_server_x11.cpp:1310)
ERROR: Unhandled XServer error: BadWindow (invalid Window parameter)
   Major opcode of failed request: 20
   Serial number of failed request: 0
   Current serial number in output stream: 28746
   at: default_window_error_handler (platform/linuxbsd/x11/display_server_x11.cpp:1310)
ERROR: Unhandled XServer error: BadWindow (invalid Window parameter)
   Major opcode of failed request: 20
   Serial number of failed request: 0
   Current serial number in output stream: 28794
   at: default_window_error_handler (platform/linuxbsd/x11/display_server_x11.cpp:1310)
ERROR: Unhandled XServer error: BadWindow (invalid Window parameter)
   Major opcode of failed request: 20
   Serial number of failed request: 0
   Current serial number in output stream: 28848
   at: default_window_error_handler (platform/linuxbsd/x11/display_server_x11.cpp:1310)
ERROR: Unhandled XServer error: BadWindow (invalid Window parameter)
   Major opcode of failed request: 20
   Serial number of failed request: 0
   Current serial number in output stream: 28876
   at: default_window_error_handler (platform/linuxbsd/x11/display_server_x11.cpp:1310)
ERROR: Unhandled XServer error: BadWindow (invalid Window parameter)
   Major opcode of failed request: 20
   Serial number of failed request: 0
   Current serial number in output stream: 28904
   at: default_window_error_handler (platform/linuxbsd/x11/display_server_x11.cpp:1310)
ERROR: Unhandled XServer error: BadWindow (invalid Window parameter)
   Major opcode of failed request: 20
   Serial number of failed request: 0
   Current serial number in output stream: 28932
   at: default_window_error_handler (platform/linuxbsd/x11/display_server_x11.cpp:1310)
ERROR: Unhandled XServer error: BadWindow (invalid Window parameter)
   Major opcode of failed request: 20
   Serial number of failed request: 0
   Current serial number in output stream: 28964
   at: default_window_error_handler (platform/linuxbsd/x11/display_server_x11.cpp:1310)
ERROR: Unhandled XServer error: BadWindow (invalid Window parameter)
   Major opcode of failed request: 20
   Serial number of failed request: 0
   Current serial number in output stream: 29000
   at: default_window_error_handler (platform/linuxbsd/x11/display_server_x11.cpp:1310)
ERROR: Unhandled XServer error: BadWindow (invalid Window parameter)
   Major opcode of failed request: 20
   Serial number of failed request: 0
   Current serial number in output stream: 29054
   at: default_window_error_handler (platform/linuxbsd/x11/display_server_x11.cpp:1310)
ERROR: Unhandled XServer error: BadWindow (invalid Window parameter)
   Major opcode of failed request: 20
   Serial number of failed request: 0
   Current serial number in output stream: 29082
   at: default_window_error_handler (platform/linuxbsd/x11/display_server_x11.cpp:1310)
ERROR: Unhandled XServer error: BadWindow (invalid Window parameter)
   Major opcode of failed request: 20
   Serial number of failed request: 0
   Current serial number in output stream: 29110
   at: default_window_error_handler (platform/linuxbsd/x11/display_server_x11.cpp:1310)
ERROR: Unhandled XServer error: BadWindow (invalid Window parameter)
   Major opcode of failed request: 20
   Serial number of failed request: 0
   Current serial number in output stream: 29138
   at: default_window_error_handler (platform/linuxbsd/x11/display_server_x11.cpp:1310)
ERROR: Unhandled XServer error: BadWindow (invalid Window parameter)
   Major opcode of failed request: 20
   Serial number of failed request: 0
   Current serial number in output stream: 29166
   at: default_window_error_handler (platform/linuxbsd/x11/display_server_x11.cpp:1310)
ERROR: Unhandled XServer error: BadWindow (invalid Window parameter)
   Major opcode of failed request: 20
   Serial number of failed request: 0
   Current serial number in output stream: 29194
   at: default_window_error_handler (platform/linuxbsd/x11/display_server_x11.cpp:1310)
ERROR: Unhandled XServer error: BadWindow (invalid Window parameter)
   Major opcode of failed request: 20
   Serial number of failed request: 0
   Current serial number in output stream: 29222
   at: default_window_error_handler (platform/linuxbsd/x11/display_server_x11.cpp:1310)
ERROR: Unhandled XServer error: BadWindow (invalid Window parameter)
   Major opcode of failed request: 20
   Serial number of failed request: 0
   Current serial number in output stream: 29250
   at: default_window_error_handler (platform/linuxbsd/x11/display_server_x11.cpp:1310)
ERROR: Unhandled XServer error: BadWindow (invalid Window parameter)
   Major opcode of failed request: 20
   Serial number of failed request: 0
   Current serial number in output stream: 29278
   at: default_window_error_handler (platform/linuxbsd/x11/display_server_x11.cpp:1310)
ERROR: Unhandled XServer error: BadWindow (invalid Window parameter)
   Major opcode of failed request: 20
   Serial number of failed request: 0
   Current serial number in output stream: 29306
   at: default_window_error_handler (platform/linuxbsd/x11/display_server_x11.cpp:1310)
ERROR: Unhandled XServer error: BadWindow (invalid Window parameter)
   Major opcode of failed request: 20
   Serial number of failed request: 0
   Current serial number in output stream: 29346
   at: default_window_error_handler (platform/linuxbsd/x11/display_server_x11.cpp:1310)
ERROR: Unhandled XServer error: BadWindow (invalid Window parameter)
   Major opcode of failed request: 20
   Serial number of failed request: 0
   Current serial number in output stream: 29374
   at: default_window_error_handler (platform/linuxbsd/x11/display_server_x11.cpp:1310)
ERROR: Unhandled XServer error: BadWindow (invalid Window parameter)
   Major opcode of failed request: 20
   Serial number of failed request: 0
   Current serial number in output stream: 29402
   at: default_window_error_handler (platform/linuxbsd/x11/display_server_x11.cpp:1310)
ERROR: Unhandled XServer error: BadWindow (invalid Window parameter)
   Major opcode of failed request: 20
   Serial number of failed request: 0
   Current serial number in output stream: 29430
   at: default_window_error_handler (platform/linuxbsd/x11/display_server_x11.cpp:1310)
ERROR: Unhandled XServer error: BadWindow (invalid Window parameter)
   Major opcode of failed request: 20
   Serial number of failed request: 0
   Current serial number in output stream: 29458
   at: default_window_error_handler (platform/linuxbsd/x11/display_server_x11.cpp:1310)
ERROR: Unhandled XServer error: BadWindow (invalid Window parameter)
   Major opcode of failed request: 20
   Serial number of failed request: 0
   Current serial number in output stream: 29486
   at: default_window_error_handler (platform/linuxbsd/x11/display_server_x11.cpp:1310)
ERROR: Unhandled XServer error: BadWindow (invalid Window parameter)
   Major opcode of failed request: 20
   Serial number of failed request: 0
   Current serial number in output stream: 29514
   at: default_window_error_handler (platform/linuxbsd/x11/display_server_x11.cpp:1310)
ERROR: Unhandled XServer error: BadWindow (invalid Window parameter)
   Major opcode of failed request: 20
   Serial number of failed request: 0
   Current serial number in output stream: 29554
   at: default_window_error_handler (platform/linuxbsd/x11/display_server_x11.cpp:1310)
ERROR: Unhandled XServer error: BadWindow (invalid Window parameter)
   Major opcode of failed request: 20
   Serial number of failed request: 0
   Current serial number in output stream: 29608
   at: default_window_error_handler (platform/linuxbsd/x11/display_server_x11.cpp:1310)
ERROR: Unhandled XServer error: BadWindow (invalid Window parameter)
   Major opcode of failed request: 20
   Serial number of failed request: 0
   Current serial number in output stream: 29636
   at: default_window_error_handler (platform/linuxbsd/x11/display_server_x11.cpp:1310)
ERROR: Unhandled XServer error: BadWindow (invalid Window parameter)
   Major opcode of failed request: 20
   Serial number of failed request: 0
   Current serial number in output stream: 29664
   at: default_window_error_handler (platform/linuxbsd/x11/display_server_x11.cpp:1310)
ERROR: Unhandled XServer error: BadWindow (invalid Window parameter)
   Major opcode of failed request: 20
   Serial number of failed request: 0
   Current serial number in output stream: 29692
   at: default_window_error_handler (platform/linuxbsd/x11/display_server_x11.cpp:1310)
ERROR: Unhandled XServer error: BadWindow (invalid Window parameter)
   Major opcode of failed request: 20
   Serial number of failed request: 0
   Current serial number in output stream: 29720
   at: default_window_error_handler (platform/linuxbsd/x11/display_server_x11.cpp:1310)
ERROR: Unhandled XServer error: BadWindow (invalid Window parameter)
   Major opcode of failed request: 20
   Serial number of failed request: 0
   Current serial number in output stream: 29748
   at: default_window_error_handler (platform/linuxbsd/x11/display_server_x11.cpp:1310)
ERROR: Unhandled XServer error: BadWindow (invalid Window parameter)
   Major opcode of failed request: 20
   Serial number of failed request: 0
   Current serial number in output stream: 29776
   at: default_window_error_handler (platform/linuxbsd/x11/display_server_x11.cpp:1310)
ERROR: Unhandled XServer error: BadWindow (invalid Window parameter)
   Major opcode of failed request: 20
   Serial number of failed request: 0
   Current serial number in output stream: 29804
   at: default_window_error_handler (platform/linuxbsd/x11/display_server_x11.cpp:1310)
ERROR: Unhandled XServer error: BadWindow (invalid Window parameter)
   Major opcode of failed request: 20
   Serial number of failed request: 0
   Current serial number in output stream: 29832
   at: default_window_error_handler (platform/linuxbsd/x11/display_server_x11.cpp:1310)
ERROR: Unhandled XServer error: BadWindow (invalid Window parameter)
   Major opcode of failed request: 20
   Serial number of failed request: 0
   Current serial number in output stream: 29860
   at: default_window_error_handler (platform/linuxbsd/x11/display_server_x11.cpp:1310)
ERROR: Unhandled XServer error: BadWindow (invalid Window parameter)
   Major opcode of failed request: 20
   Serial number of failed request: 0
   Current serial number in output stream: 29888
   at: default_window_error_handler (platform/linuxbsd/x11/display_server_x11.cpp:1310)
ERROR: Unhandled XServer error: BadWindow (invalid Window parameter)
   Major opcode of failed request: 20
   Serial number of failed request: 0
   Current serial number in output stream: 29916
   at: default_window_error_handler (platform/linuxbsd/x11/display_server_x11.cpp:1310)
ERROR: Unhandled XServer error: BadWindow (invalid Window parameter)
   Major opcode of failed request: 20
   Serial number of failed request: 0
   Current serial number in output stream: 29944
   at: default_window_error_handler (platform/linuxbsd/x11/display_server_x11.cpp:1310)
[Godot MCP] Disconnected from MCP server
